"id","data_alteracao","data_cadastro","data_exclusao","is_excluido","ibge","lat_lon","nome","usuario_alteracao_id","usuario_excluiu_id","uf","algorix_id","nome_sem_acento","id_sub_regiao"
5518,2021-08-17 19:31:29.110,,,false,1716109,"(-10.175000190734863,-48.882301330566406)",Paraíso do Tocantins,,,27,,PARAISO DO TOCANTINS,
4,2021-08-17 18:22:34.451,,,false,3200201,"(-20.757999420166016,-41.53820037841797)",Alegre,,,8,,ALEGRE,
5,2021-08-17 18:22:35.168,,,false,3200300,"(-20.63960075378418,-40.75429916381836)",Alfredo Chaves,,,8,,ALFREDO CHAVES,
6,2021-08-17 18:22:35.889,,,false,3200359,"(-19.061800003051758,-41.02090072631836)",Alto Rio Novo,,,8,,ALTO RIO NOVO,
7,2021-08-17 18:22:36.605,,,false,3200409,"(-20.795499801635742,-40.64250183105469)",Anchieta,,,8,,ANCHIETA,
8,2021-08-17 18:22:37.337,,,false,3200508,"(-21.152299880981445,-41.56930160522461)",Apiacá,,,8,,APIACA,
10,2021-08-17 18:22:38.059,,,false,3200706,"(-20.913000106811523,-41.19860076904297)",Atilio Vivacqua,,,8,,ATILIO VIVACQUA,
11,2021-08-17 18:22:38.780,,,false,3200805,"(-19.521299362182617,-41.01089859008789)",Baixo Guandu,,,8,,BAIXO GUANDU,
12,2021-08-17 18:22:39.502,,,false,3200904,"(-18.75480079650879,-40.89649963378906)",Barra de São Francisco,,,8,,BARRA DE SAO FRANCISCO,
14,2021-08-17 18:22:40.225,,,false,3201100,"(-21.117300033569336,-41.673099517822266)",Bom Jesus do Norte,,,8,,BOM JESUS DO NORTE,
15,2021-08-17 18:22:40.939,,,false,3201159,"(-20.13949966430664,-41.2953987121582)",Brejetuba,,,8,,BREJETUBA,
16,2021-08-17 18:22:41.659,,,false,3201209,"(-20.846200942993164,-41.11980056762695)",Cachoeiro de Itapemirim,,,8,,CACHOEIRO DE ITAPEMIRIM,
17,2021-08-17 18:22:42.376,,,false,3201308,"(-20.263200759887695,-40.416500091552734)",Cariacica,,,8,,CARIACICA,
19,2021-08-17 18:22:43.092,,,false,3201506,"(-19.549299240112305,-40.62689971923828)",Colatina,,,8,,COLATINA,
20,2021-08-17 18:22:43.809,,,false,3201605,"(-18.588300704956055,-39.73619842529297)",Conceição da Barra,,,8,,CONCEICAO DA BARRA,
21,2021-08-17 18:22:44.540,,,false,3201704,"(-20.36389923095703,-41.24169921875)",Conceição do Castelo,,,8,,CONCEICAO DO CASTELO,
23,2021-08-17 18:22:45.264,,,false,3201902,"(-20.360300064086914,-40.659400939941406)",Domingos Martins,,,8,,DOMINGOS MARTINS,
24,2021-08-17 18:22:45.981,,,false,3202009,"(-20.693099975585938,-41.84049987792969)",Dores do Rio Preto,,,8,,DORES DO RIO PRETO,
25,2021-08-17 18:22:46.704,,,false,3202108,"(-18.37019920349121,-40.83599853515625)",Ecoporanga,,,8,,ECOPORANGA,
26,2021-08-17 18:22:47.421,,,false,3202207,"(-19.937000274658203,-40.407798767089844)",Fundão,,,8,,FUNDAO,
28,2021-08-17 18:22:48.140,,,false,3202306,"(-20.766799926757812,-41.67340087890625)",Guaçuí,,,8,,GUACUI,
29,2021-08-17 18:22:48.857,,,false,3202405,"(-20.677200317382812,-40.509300231933594)",Guarapari,,,8,,GUARAPARI,
30,2021-08-17 18:22:49.574,,,false,3202454,"(-20.234699249267578,-41.50870132446289)",Ibatiba,,,8,,IBATIBA,
31,2021-08-17 18:22:50.290,,,false,3202504,"(-19.836599349975586,-40.373199462890625)",Ibiraçu,,,8,,IBIRACU,
32,2021-08-17 18:22:51.007,,,false,3202553,"(-20.546600341796875,-41.66669845581055)",Ibitirama,,,8,,IBITIRAMA,
33,2021-08-17 18:22:51.724,,,false,3202603,"(-20.79129981994629,-40.813201904296875)",Iconha,,,8,,ICONHA,
35,2021-08-17 18:22:52.444,,,false,3202702,"(-19.801799774169922,-40.86009979248047)",Itaguaçu,,,8,,ITAGUACU,
36,2021-08-17 18:22:53.162,,,false,3202801,"(-21.00950050354004,-40.8306999206543)",Itapemirim,,,8,,ITAPEMIRIM,
37,2021-08-17 18:22:53.879,,,false,3202900,"(-19.875,-40.875301361083984)",Itarana,,,8,,ITARANA,
38,2021-08-17 18:22:54.600,,,false,3203007,"(-20.353099822998047,-41.53340148925781)",Iúna,,,8,,IUNA,
40,2021-08-17 18:22:55.320,,,false,3203106,"(-20.799400329589844,-41.394798278808594)",Jerônimo Monteiro,,,8,,JERONIMO MONTEIRO,
41,2021-08-17 18:22:56.036,,,false,3203130,"(-19.757699966430664,-40.38600158691406)",João Neiva,,,8,,JOAO NEIVA,
42,2021-08-17 18:22:56.753,,,false,3203163,"(-19.89940071105957,-41.06209945678711)",Laranja da Terra,,,8,,LARANJA DA TERRA,
44,2021-08-17 18:22:57.471,,,false,3203304,"(-18.859399795532227,-41.124000549316406)",Mantenópolis,,,8,,MANTENOPOLIS,
45,2021-08-17 18:22:58.200,,,false,3203320,"(-21.0398006439209,-40.838401794433594)",Marataízes,,,8,,MARATAIZES,
46,2021-08-17 18:22:58.920,,,false,3203346,"(-20.4158992767334,-40.66999816894531)",Marechal Floriano,,,8,,MARECHAL FLORIANO,
47,2021-08-17 18:22:59.644,,,false,3203353,"(-19.411399841308594,-40.54560089111328)",Marilândia,,,8,,MARILANDIA,
49,2021-08-17 18:23:00.363,,,false,3203502,"(-18.130300521850586,-40.366798400878906)",Montanha,,,8,,MONTANHA,
50,2021-08-17 18:23:01.091,,,false,3203601,"(-18.096500396728516,-40.52000045776367)",Mucurici,,,8,,MUCURICI,
51,2021-08-17 18:23:01.808,,,false,3203700,"(-20.465200424194336,-41.41559982299805)",Muniz Freire,,,8,,MUNIZ FREIRE,
52,2021-08-17 18:23:02.525,,,false,3203809,"(-20.950899124145508,-41.34600067138672)",Muqui,,,8,,MUQUI,
54,2021-08-17 18:23:03.241,,,false,3204005,"(-19.222900390625,-40.85340118408203)",Pancas,,,8,,PANCAS,
55,2021-08-17 18:23:03.962,,,false,3204054,"(-18.300399780273438,-39.957401275634766)",Pedro Canário,,,8,,PEDRO CANARIO,
56,2021-08-17 18:23:04.680,,,false,3204104,"(-18.414100646972656,-40.217098236083984)",Pinheiros,,,8,,PINHEIROS,
57,2021-08-17 18:23:05.396,,,false,3204203,"(-20.83340072631836,-40.72679901123047)",Piúma,,,8,,PIUMA,
58,2021-08-17 18:23:06.114,,,false,3204252,"(-18.12529945373535,-40.545799255371094)",Ponto Belo,,,8,,PONTO BELO,
60,2021-08-17 18:23:06.830,,,false,3204351,"(-19.271900177001953,-40.33660125732422)",Rio Bananal,,,8,,RIO BANANAL,
61,2021-08-17 18:23:07.547,,,false,3204401,"(-20.855600357055664,-40.93880081176758)",Rio Novo do Sul,,,8,,RIO NOVO DO SUL,
62,2021-08-17 18:23:08.264,,,false,3204500,"(-20.099899291992188,-40.527000427246094)",Santa Leopoldina,,,8,,SANTA LEOPOLDINA,
64,2021-08-17 18:23:08.985,,,false,3204609,"(-19.93630027770996,-40.597900390625)",Santa Teresa,,,8,,SANTA TERESA,
65,2021-08-17 18:23:09.702,,,false,3204658,"(-19.145200729370117,-40.62810134887695)",São Domingos do Norte,,,8,,SAO DOMINGOS DO NORTE,
66,2021-08-17 18:23:10.424,,,false,3204708,"(-19.018199920654297,-40.5364990234375)",São Gabriel da Palha,,,8,,SAO GABRIEL DA PALHA,
67,2021-08-17 18:23:11.150,,,false,3204807,"(-21.02739906311035,-41.66360092163086)",São José do Calçado,,,8,,SAO JOSE DO CALCADO,
68,2021-08-17 18:23:11.866,,,false,3204906,"(-18.721399307250977,-39.8578987121582)",São Mateus,,,8,,SAO MATEUS,
3,2021-08-17 18:22:33.441,,,false,3200136,"(-18.984600067138672,-40.74369812011719)",Águia Branca,,,8,,AGUIA BRANCA,
5524,2021-08-17 19:31:33.699,,,false,1717008,"(-11.131099700927734,-47.572601318359375)",Pindorama do Tocantins,,,27,,PINDORAMA DO TOCANTINS,
73,2021-08-17 18:23:13.300,,,false,3205069,"(-20.32699966430664,-41.135501861572266)",Venda Nova do Imigrante,,,8,,VENDA NOVA DO IMIGRANTE,
74,2021-08-17 18:23:14.016,,,false,3205101,"(-20.38249969482422,-40.49330139160156)",Viana,,,8,,VIANA,
75,2021-08-17 18:23:14.734,,,false,3205150,"(-18.609100341796875,-40.60900115966797)",Vila Pavão,,,8,,VILA PAVAO,
76,2021-08-17 18:23:15.464,,,false,3205176,"(-18.995800018310547,-40.3848991394043)",Vila Valério,,,8,,VILA VALERIO,
78,2021-08-17 18:23:16.186,,,false,3205309,"(-20.315500259399414,-40.312801361083984)",Vitória,,,8,,VITORIA,
79,2021-08-17 18:23:16.903,,,false,1200013,"(-9.825810432434082,-66.89720153808594)",Acrelândia,,,1,,ACRELANDIA,
80,2021-08-17 18:23:17.622,,,false,1200054,"(-10.929800033569336,-69.57379913330078)",Assis Brasil,,,1,,ASSIS BRASIL,
81,2021-08-17 18:23:18.338,,,false,1200104,"(-10.994999885559082,-68.74970245361328)",Brasiléia,,,1,,BRASILEIA,
82,2021-08-17 18:23:19.055,,,false,1200138,"(-9.815279960632324,-67.95500183105469)",Bujari,,,1,,BUJARI,
84,2021-08-17 18:23:19.773,,,false,1200203,"(-7.627620220184326,-72.67559814453125)",Cruzeiro do Sul,,,1,,CRUZEIRO DO SUL,
85,2021-08-17 18:23:20.490,,,false,1200252,"(-11.018799781799316,-68.73410034179688)",Epitaciolândia,,,1,,EPITACIOLANDIA,
86,2021-08-17 18:23:21.205,,,false,1200302,"(-8.170539855957031,-70.35099792480469)",Feijó,,,1,,FEIJO,
87,2021-08-17 18:23:21.923,,,false,1200328,"(-9.430910110473633,-71.89739990234375)",Jordão,,,1,,JORDAO,
89,2021-08-17 18:23:22.639,,,false,1200344,"(-8.83290958404541,-69.26789855957031)",Manoel Urbano,,,1,,MANOEL URBANO,
90,2021-08-17 18:23:23.356,,,false,1200351,"(-8.938980102539062,-72.79969787597656)",Marechal Thaumaturgo,,,1,,MARECHAL THAUMATURGO,
91,2021-08-17 18:23:24.073,,,false,1200385,"(-10.280599594116211,-67.13710021972656)",Plácido de Castro,,,1,,PLACIDO DE CASTRO,
93,2021-08-17 18:23:24.790,,,false,1200393,"(-8.263230323791504,-72.75370025634766)",Porto Walter,,,1,,PORTO WALTER,
94,2021-08-17 18:23:25.506,,,false,1200401,"(-9.974989891052246,-67.82430267333984)",Rio Branco,,,1,,RIO BRANCO,
95,2021-08-17 18:23:26.223,,,false,1200427,"(-7.738639831542969,-72.66100311279297)",Rodrigues Alves,,,1,,RODRIGUES ALVES,
96,2021-08-17 18:23:26.940,,,false,1200435,"(-9.44651985168457,-70.49019622802734)",Santa Rosa do Purus,,,1,,SANTA ROSA DO PURUS,
98,2021-08-17 18:23:27.657,,,false,1200450,"(-10.149700164794922,-67.73619842529297)",Senador Guiomard,,,1,,SENADOR GUIOMARD,
99,2021-08-17 18:23:28.374,,,false,1200609,"(-8.156970024108887,-70.77220153808594)",Tarauacá,,,1,,TARAUACA,
100,2021-08-17 18:23:29.094,,,false,1200708,"(-10.651599884033203,-68.49690246582031)",Xapuri,,,1,,XAPURI,
101,2021-08-17 18:23:29.812,,,false,2700102,"(-9.26200008392334,-37.9379997253418)",Água Branca,,,2,,AGUA BRANCA,
102,2021-08-17 18:23:30.529,,,false,2700201,"(-9.684889793395996,-36.30780029296875)",Anadia,,,2,,ANADIA,
104,2021-08-17 18:23:31.246,,,false,2700409,"(-9.511899948120117,-36.00859832763672)",Atalaia,,,2,,ATALAIA,
105,2021-08-17 18:23:31.965,,,false,2700508,"(-9.402299880981445,-35.510101318359375)",Barra de Santo Antônio,,,2,,BARRA DE SANTO ANTONIO,
106,2021-08-17 18:23:32.681,,,false,2700607,"(-9.838419914245605,-35.90570068359375)",Barra de São Miguel,,,2,,BARRA DE SAO MIGUEL,
108,2021-08-17 18:23:33.399,,,false,2700805,"(-9.570469856262207,-36.49039840698242)",Belém,,,2,,BELEM,
109,2021-08-17 18:23:34.115,,,false,2700904,"(-9.82271957397461,-37.277000427246094)",Belo Monte,,,2,,BELO MONTE,
110,2021-08-17 18:23:34.833,,,false,2701001,"(-9.64307975769043,-36.212501525878906)",Boca da Mata,,,2,,BOCA DA MATA,
111,2021-08-17 18:23:35.549,,,false,2701100,"(-9.233420372009277,-36.01620101928711)",Branquinha,,,2,,BRANQUINHA,
113,2021-08-17 18:23:36.265,,,false,2701308,"(-9.399399757385254,-36.15589904785156)",Cajueiro,,,2,,CAJUEIRO,
114,2021-08-17 18:23:36.982,,,false,2701357,"(-8.847229957580566,-35.56850051879883)",Campestre,,,2,,CAMPESTRE,
115,2021-08-17 18:23:37.699,,,false,2701407,"(-9.784509658813477,-36.352500915527344)",Campo Alegre,,,2,,CAMPO ALEGRE,
116,2021-08-17 18:23:38.416,,,false,2701506,"(-9.955419540405273,-36.792598724365234)",Campo Grande,,,2,,CAMPO GRANDE,
117,2021-08-17 18:23:39.131,,,false,2701605,"(-9.119319915771484,-37.59669876098633)",Canapi,,,2,,CANAPI,
119,2021-08-17 18:23:39.847,,,false,2701803,"(-9.484760284423828,-37.37730026245117)",Carneiros,,,2,,CARNEIROS,
120,2021-08-17 18:23:40.567,,,false,2701902,"(-9.255599975585938,-36.298301696777344)",Chã Preta,,,2,,CHA PRETA,
121,2021-08-17 18:23:41.283,,,false,2702009,"(-9.633480072021484,-36.58449935913086)",Coité do Nóia,,,2,,COITE DO NOIA,
123,2021-08-17 18:23:42.009,,,false,2702207,"(-9.637149810791016,-35.799400329589844)",Coqueiro Seco,,,2,,COQUEIRO SECO,
124,2021-08-17 18:23:42.728,,,false,2702306,"(-10.127599716186523,-36.17169952392578)",Coruripe,,,2,,CORURIPE,
125,2021-08-17 18:23:43.445,,,false,2702355,"(-9.617799758911133,-36.76969909667969)",Craíbas,,,2,,CRAIBAS,
126,2021-08-17 18:23:44.162,,,false,2702405,"(-9.385339736938477,-37.99869918823242)",Delmiro Gouveia,,,2,,DELMIRO GOUVEIA,
127,2021-08-17 18:23:44.888,,,false,2702504,"(-9.384650230407715,-37.096500396728516)",Dois Riachos,,,2,,DOIS RIACHOS,
129,2021-08-17 18:23:45.604,,,false,2702603,"(-9.898590087890625,-36.68149948120117)",Feira Grande,,,2,,FEIRA GRANDE,
130,2021-08-17 18:23:46.322,,,false,2702702,"(-10.293499946594238,-36.302799224853516)",Feliz Deserto,,,2,,FELIZ DESERTO,
131,2021-08-17 18:23:47.050,,,false,2702801,"(-9.272809982299805,-35.71390151977539)",Flexeiras,,,2,,FLEXEIRAS,
132,2021-08-17 18:23:47.769,,,false,2702900,"(-9.884039878845215,-36.831600189208984)",Girau do Ponciano,,,2,,GIRAU DO PONCIANO,
134,2021-08-17 18:23:48.486,,,false,2703106,"(-9.537679672241211,-36.63719940185547)",Igaci,,,2,,IGACI,
135,2021-08-17 18:23:49.203,,,false,2703205,"(-10.123499870300293,-36.659698486328125)",Igreja Nova,,,2,,IGREJA NOVA,
136,2021-08-17 18:23:49.919,,,false,2703304,"(-9.225939750671387,-37.75090026855469)",Inhapi,,,2,,INHAPI,
137,2021-08-17 18:23:50.636,,,false,2703403,"(-9.63545036315918,-37.20759963989258)",Jacaré dos Homens,,,2,,JACARE DOS HOMENS,
139,2021-08-17 18:23:51.353,,,false,2703601,"(-9.087459564208984,-35.26340103149414)",Japaratinga,,,2,,JAPARATINGA,
71,2021-08-17 18:23:12.583,,,false,3205010,"(-19.189699172973633,-40.0974006652832)",Sooretama,,,8,,SOORETAMA,
5530,2021-08-17 19:31:38.271,,,false,1718204,"(-10.702699661254883,-48.40800094604492)",Porto Nacional,,,27,,PORTO NACIONAL,
142,2021-08-17 18:23:52.789,,,false,2703809,"(-9.132800102233887,-35.747398376464844)",Joaquim Gomes,,,2,,JOAQUIM GOMES,
143,2021-08-17 18:23:53.508,,,false,2703908,"(-8.93297004699707,-35.566898345947266)",Jundiá,,,2,,JUNDIA,
145,2021-08-17 18:23:54.225,,,false,2704104,"(-9.83290958404541,-36.74129867553711)",Lagoa da Canoa,,,2,,LAGOA DA CANOA,
146,2021-08-17 18:23:54.944,,,false,2704203,"(-9.74098014831543,-36.51210021972656)",Limoeiro de Anadia,,,2,,LIMOEIRO DE ANADIA,
147,2021-08-17 18:23:55.661,,,false,2704302,"(-9.665989875793457,-35.73500061035156)",Maceió,,,2,,MACEIO,
148,2021-08-17 18:23:56.378,,,false,2704401,"(-9.53009033203125,-36.992000579833984)",Major Isidoro,,,2,,MAJOR ISIDORO,
150,2021-08-17 18:23:57.095,,,false,2704500,"(-9.007439613342285,-35.22669982910156)",Maragogi,,,2,,MARAGOGI,
151,2021-08-17 18:23:57.812,,,false,2704609,"(-9.230449676513672,-37.35240173339844)",Maravilha,,,2,,MARAVILHA,
152,2021-08-17 18:23:58.529,,,false,2704708,"(-9.709710121154785,-35.89670181274414)",Marechal Deodoro,,,2,,MARECHAL DEODORO,
154,2021-08-17 18:23:59.245,,,false,2705002,"(-9.118240356445312,-37.7322998046875)",Mata Grande,,,2,,MATA GRANDE,
155,2021-08-17 18:23:59.962,,,false,2705101,"(-9.154370307922363,-35.52429962158203)",Matriz de Camaragibe,,,2,,MATRIZ DE CAMARAGIBE,
156,2021-08-17 18:24:00.679,,,false,2705200,"(-9.393839836120605,-35.83919906616211)",Messias,,,2,,MESSIAS,
157,2021-08-17 18:24:01.396,,,false,2705309,"(-9.312359809875488,-36.869598388671875)",Minador do Negrão,,,2,,MINADOR DO NEGRAO,
159,2021-08-17 18:24:02.112,,,false,2705507,"(-9.306819915771484,-35.94279861450195)",Murici,,,2,,MURICI,
160,2021-08-17 18:24:02.829,,,false,2705606,"(-8.941909790039062,-35.66400146484375)",Novo Lino,,,2,,NOVO LINO,
161,2021-08-17 18:24:03.546,,,false,2705705,"(-9.536860466003418,-37.29710006713867)",Olho d`Água das Flores,,,2,,OLHO D`AGUA DAS FLORES,
163,2021-08-17 18:24:04.263,,,false,2705903,"(-10.05720043182373,-36.81010055541992)",Olho d`Água Grande,,,2,,OLHO D`AGUA GRANDE,
164,2021-08-17 18:24:04.982,,,false,2706000,"(-9.519539833068848,-37.19540023803711)",Olivença,,,2,,OLIVENCA,
165,2021-08-17 18:24:05.699,,,false,2706109,"(-9.15884017944336,-37.35559844970703)",Ouro Branco,,,2,,OURO BRANCO,
166,2021-08-17 18:24:06.415,,,false,2706208,"(-9.67492961883545,-37.3390007019043)",Palestina,,,2,,PALESTINA,
168,2021-08-17 18:24:07.132,,,false,2706406,"(-9.740320205688477,-37.44029998779297)",Pão de Açúcar,,,2,,PAO DE ACUCAR,
169,2021-08-17 18:24:07.846,,,false,2706422,"(-9.256340026855469,-37.99879837036133)",Pariconha,,,2,,PARICONHA,
170,2021-08-17 18:24:08.564,,,false,2706448,"(-9.463129997253418,-35.551998138427734)",Paripueira,,,2,,PARIPUEIRA,
171,2021-08-17 18:24:09.281,,,false,2706505,"(-9.245109558105469,-35.4744987487793)",Passo de Camaragibe,,,2,,PASSO DE CAMARAGIBE,
172,2021-08-17 18:24:09.997,,,false,2706604,"(-9.367919921875,-36.3671989440918)",Paulo Jacinto,,,2,,PAULO JACINTO,
173,2021-08-17 18:24:10.714,,,false,2706703,"(-10.287400245666504,-36.58190155029297)",Penedo,,,2,,PENEDO,
175,2021-08-17 18:24:11.431,,,false,2706901,"(-9.601349830627441,-35.95429992675781)",Pilar,,,2,,PILAR,
176,2021-08-17 18:24:12.148,,,false,2707008,"(-9.473819732666016,-36.29180145263672)",Pindoba,,,2,,PINDOBA,
177,2021-08-17 18:24:12.865,,,false,2707107,"(-9.62399959564209,-37.75699996948242)",Piranhas,,,2,,PIRANHAS,
179,2021-08-17 18:24:13.581,,,false,2707305,"(-9.051950454711914,-35.39870071411133)",Porto Calvo,,,2,,PORTO CALVO,
180,2021-08-17 18:24:14.298,,,false,2707404,"(-9.160059928894043,-35.304901123046875)",Porto de Pedras,,,2,,PORTO DE PEDRAS,
181,2021-08-17 18:24:15.015,,,false,2707503,"(-10.184900283813477,-36.83760070800781)",Porto Real do Colégio,,,2,,PORTO REAL DO COLEGIO,
182,2021-08-17 18:24:15.732,,,false,2707602,"(-9.3200101852417,-36.469200134277344)",Quebrangulo,,,2,,QUEBRANGULO,
183,2021-08-17 18:24:16.453,,,false,2707701,"(-9.477829933166504,-35.83940124511719)",Rio Largo,,,2,,RIO LARGO,
185,2021-08-17 18:24:17.172,,,false,2707909,"(-9.603699684143066,-35.82320022583008)",Santa Luzia do Norte,,,2,,SANTA LUZIA DO NORTE,
186,2021-08-17 18:24:17.889,,,false,2708006,"(-9.369990348815918,-37.24800109863281)",Santana do Ipanema,,,2,,SANTANA DO IPANEMA,
188,2021-08-17 18:24:18.605,,,false,2708204,"(-10.114095687866211,-36.85219955444336)",São Brás,,,2,,SAO BRAS,
189,2021-08-17 18:24:19.322,,,false,2708303,"(-9.01278018951416,-36.05149841308594)",São José da Laje,,,2,,SAO JOSE DA LAJE,
190,2021-08-17 18:24:20.039,,,false,2708402,"(-9.557680130004883,-37.38309860229492)",São José da Tapera,,,2,,SAO JOSE DA TAPERA,
191,2021-08-17 18:24:20.754,,,false,2708501,"(-9.318160057067871,-35.56060028076172)",São Luís do Quitunde,,,2,,SAO LUIS DO QUITUNDE,
193,2021-08-17 18:24:21.472,,,false,2708709,"(-9.26492977142334,-35.37630081176758)",São Miguel dos Milagres,,,2,,SAO MIGUEL DOS MILAGRES,
194,2021-08-17 18:24:22.189,,,false,2708808,"(-9.93043041229248,-36.558998107910156)",São Sebastião,,,2,,SAO SEBASTIAO,
195,2021-08-17 18:24:22.906,,,false,2708907,"(-9.569109916687012,-35.82270050048828)",Satuba,,,2,,SATUBA,
196,2021-08-17 18:24:23.623,,,false,2708956,"(-9.469860076904297,-37.45759963989258)",Senador Rui Palmeira,,,2,,SENADOR RUI PALMEIRA,
198,2021-08-17 18:24:24.340,,,false,2709103,"(-9.64529037475586,-36.492801666259766)",Taquarana,,,2,,TAQUARANA,
199,2021-08-17 18:24:25.056,,,false,2709152,"(-9.916560173034668,-36.34920120239258)",Teotônio Vilela,,,2,,TEOTONIO VILELA,
200,2021-08-17 18:24:25.773,,,false,2709202,"(-9.96261978149414,-37.00709915161133)",Traipu,,,2,,TRAIPU,
201,2021-08-17 18:24:26.491,,,false,2709301,"(-9.159210205078125,-36.022300720214844)",União dos Palmares,,,2,,UNIAO DOS PALMARES,
202,2021-08-17 18:24:27.207,,,false,2709400,"(-9.367630004882812,-36.243099212646484)",Viçosa,,,2,,VICOSA,
204,2021-08-17 18:24:27.923,,,false,1600204,"(2.5047500133514404,-50.95119857788086)",Calçoene,,,4,,CALCOENE,
205,2021-08-17 18:24:28.641,,,false,1600212,"(0.9707605838775635,-50.80046844482422)",Cutias,,,4,,CUTIAS,
206,2021-08-17 18:24:29.358,,,false,1600238,"(0.8572559952735901,-51.179500579833984)",Ferreira Gomes,,,4,,FERREIRA GOMES,
207,2021-08-17 18:24:30.074,,,false,1600253,"(0.6021848917007446,-50.6995964050293)",Itaubal,,,4,,ITAUBAL,
141,2021-08-17 18:23:52.072,,,false,2703759,"(-10.013299942016602,-36.014198303222656)",Jequiá da Praia,,,2,,JEQUIA DA PRAIA,
5532,2021-08-17 19:31:39.795,,,false,1718402,"(-8.540599822998047,-48.50619888305664)",Presidente Kennedy,,,27,,PRESIDENTE KENNEDY,
211,2021-08-17 18:25:06.757,,,false,1600501,"(3.8407399654388428,-51.833099365234375)",Oiapoque,,,4,,OIAPOQUE,
213,2021-08-17 18:25:07.473,,,false,1600535,"(0.7124300003051758,-51.41550064086914)",Porto Grande,,,4,,PORTO GRANDE,
214,2021-08-17 18:25:08.190,,,false,1600550,"(1.7454299926757812,-50.78919982910156)",Pracuúba,,,4,,PRACUUBA,
215,2021-08-17 18:25:08.909,,,false,1600600,"(-0.045434001833200455,-51.17290115356445)",Santana,,,4,,SANTANA,
216,2021-08-17 18:25:09.628,,,false,1600055,"(0.9013569951057434,-52.00360107421875)",Serra do Navio,,,4,,SERRA DO NAVIO,
217,2021-08-17 18:25:10.350,,,false,1600709,"(1.5065200328826904,-50.90869903564453)",Tartarugalzinho,,,4,,TARTARUGALZINHO,
220,2021-08-17 18:25:11.783,,,false,1300060,"(-3.3745501041412354,-68.20050048828125)",Amaturá,,,3,,AMATURA,
221,2021-08-17 18:25:12.501,,,false,1300086,"(-3.566970109939575,-61.39630126953125)",Anamã,,,3,,ANAMA,
222,2021-08-17 18:25:13.216,,,false,1300102,"(-3.74603009223938,-61.657501220703125)",Anori,,,3,,ANORI,
223,2021-08-17 18:25:13.934,,,false,1300144,"(-7.194089889526367,-59.895999908447266)",Apuí,,,3,,APUI,
224,2021-08-17 18:25:14.650,,,false,1300201,"(-4.370550155639648,-70.19670104980469)",Atalaia do Norte,,,3,,ATALAIA DO NORTE,
225,2021-08-17 18:25:15.367,,,false,1300300,"(-3.585740089416504,-59.1255989074707)",Autazes,,,3,,AUTAZES,
227,2021-08-17 18:25:16.087,,,false,1300508,"(-2.7988600730895996,-57.067901611328125)",Barreirinha,,,3,,BARREIRINHA,
228,2021-08-17 18:25:16.803,,,false,1300607,"(-4.377679824829102,-70.0342025756836)",Benjamin Constant,,,3,,BENJAMIN CONSTANT,
229,2021-08-17 18:25:17.521,,,false,1300631,"(-3.89874005317688,-61.36159896850586)",Beruri,,,3,,BERURI,
231,2021-08-17 18:24:31.508,,,false,1300706,"(-8.74232006072998,-67.39189910888672)",Boca do Acre,,,3,,BOCA DO ACRE,
232,2021-08-17 18:24:32.222,,,false,1300805,"(-4.391540050506592,-59.587398529052734)",Borba,,,3,,BORBA,
233,2021-08-17 18:24:32.947,,,false,1300839,"(-3.3153700828552246,-61.22060012817383)",Caapiranga,,,3,,CAAPIRANGA,
234,2021-08-17 18:24:33.674,,,false,1300904,"(-6.525819778442383,-64.39530181884766)",Canutama,,,3,,CANUTAMA,
235,2021-08-17 18:24:34.391,,,false,1301001,"(-4.881609916687012,-66.90859985351562)",Carauari,,,3,,CARAUARI,
237,2021-08-17 18:24:35.827,,,false,1301159,"(-3.313999891281128,-59.55573654174805)",Careiro da Várzea,,,3,,CAREIRO DA VARZEA,
238,2021-08-17 18:24:36.546,,,false,1301209,"(-4.094120025634766,-63.144100189208984)",Coari,,,3,,COARI,
239,2021-08-17 18:24:37.263,,,false,1301308,"(-3.8305299282073975,-62.065799713134766)",Codajás,,,3,,CODAJAS,
240,2021-08-17 18:24:38.012,,,false,1301407,"(-6.6567702293396,-69.86620330810547)",Eirunepé,,,3,,EIRUNEPE,
241,2021-08-17 18:24:38.730,,,false,1301506,"(-7.43789005279541,-70.0280990600586)",Envira,,,3,,ENVIRA,
243,2021-08-17 18:24:40.163,,,false,1301654,"(-7.537970066070557,-72.5906982421875)",Guajará,,,3,,GUAJARA,
244,2021-08-17 18:24:40.880,,,false,1301704,"(-7.511710166931152,-63.03269958496094)",Humaitá,,,3,,HUMAITA,
245,2021-08-17 18:24:41.597,,,false,1301803,"(-7.047910213470459,-71.69339752197266)",Ipixuna,,,3,,IPIXUNA,
246,2021-08-17 18:24:42.318,,,false,1301852,"(-3.274790048599243,-60.189998626708984)",Iranduba,,,3,,IRANDUBA,
248,2021-08-17 18:24:43.757,,,false,1301951,"(-6.43851900100708,-68.24373626708984)",Itamarati,,,3,,ITAMARATI,
249,2021-08-17 18:24:44.473,,,false,1302009,"(-2.740809917449951,-58.029300689697266)",Itapiranga,,,3,,ITAPIRANGA,
250,2021-08-17 18:24:45.225,,,false,1302108,"(-1.8823699951171875,-66.9291000366211)",Japurá,,,3,,JAPURA,
251,2021-08-17 18:24:45.944,,,false,1302207,"(-3.484380006790161,-66.0718002319336)",Juruá,,,3,,JURUA,
252,2021-08-17 18:24:46.661,,,false,1302306,"(-2.7581400871276855,-66.7594985961914)",Jutaí,,,3,,JUTAI,
253,2021-08-17 18:24:47.378,,,false,1302405,"(-7.264130115509033,-64.7947998046875)",Lábrea,,,3,,LABREA,
255,2021-08-17 18:24:48.811,,,false,1302553,"(-3.4407799243927,-60.46120071411133)",Manaquiri,,,3,,MANAQUIRI,
256,2021-08-17 18:24:49.528,,,false,1302603,"(-3.1186599731445312,-60.02119827270508)",Manaus,,,3,,MANAUS,
257,2021-08-17 18:24:50.244,,,false,1302702,"(-5.804619789123535,-61.28950119018555)",Manicoré,,,3,,MANICORE,
258,2021-08-17 18:24:50.962,,,false,1302801,"(-1.8531299829483032,-65.572998046875)",Maraã,,,3,,MARAA,
259,2021-08-17 18:24:51.679,,,false,1302900,"(-3.392889976501465,-57.70669937133789)",Maués,,,3,,MAUES,
261,2021-08-17 18:24:53.111,,,false,1303106,"(-3.900369882583618,-59.09400177001953)",Nova Olinda do Norte,,,3,,NOVA OLINDA DO NORTE,
262,2021-08-17 18:24:53.829,,,false,1303205,"(-2.6363699436187744,-60.94340133666992)",Novo Airão,,,3,,NOVO AIRAO,
263,2021-08-17 18:24:54.544,,,false,1303304,"(-5.125929832458496,-60.373199462890625)",Novo Aripuanã,,,3,,NOVO ARIPUANA,
265,2021-08-17 18:24:55.979,,,false,1303502,"(-7.713109970092773,-66.99199676513672)",Pauini,,,3,,PAUINI,
266,2021-08-17 18:24:56.696,,,false,1303536,"(-2.0298099517822266,-60.023399353027344)",Presidente Figueiredo,,,3,,PRESIDENTE FIGUEIREDO,
267,2021-08-17 18:24:57.413,,,false,1303569,"(-2.7044999599456787,-59.68579864501953)",Rio Preto da Eva,,,3,,RIO PRETO DA EVA,
269,2021-08-17 18:24:58.846,,,false,1303700,"(-3.095439910888672,-67.94629669189453)",Santo Antônio do Içá,,,3,,SANTO ANTONIO DO ICA,
270,2021-08-17 18:24:59.563,,,false,1303809,"(-0.1190899983048439,-67.08399963378906)",São Gabriel da Cachoeira,,,3,,SAO GABRIEL DA CACHOEIRA,
271,2021-08-17 18:25:00.290,,,false,1303908,"(-3.4729199409484863,-68.964599609375)",São Paulo de Olivença,,,3,,SAO PAULO DE OLIVENCA,
273,2021-08-17 18:25:01.732,,,false,1304005,"(-2.8174800872802734,-58.24800109863281)",Silves,,,3,,SILVES,
274,2021-08-17 18:25:02.449,,,false,1304062,"(-4.241600036621094,-69.93830108642578)",Tabatinga,,,3,,TABATINGA,
275,2021-08-17 18:25:03.166,,,false,1304104,"(-5.620850086212158,-63.18080139160156)",Tapauá,,,3,,TAPAUA,
276,2021-08-17 18:25:03.880,,,false,1304203,"(-3.368220090866089,-64.71929931640625)",Tefé,,,3,,TEFE,
277,2021-08-17 18:25:04.597,,,false,1304237,"(-2.8658199310302734,-67.79190063476562)",Tonantins,,,3,,TONANTINS,
278,2021-08-17 18:25:05.314,,,false,1304260,"(-2.9960899353027344,-65.11329650878906)",Uarini,,,3,,UARINI,
210,2021-08-17 18:25:06.038,,,false,1600402,"(-0.11336000263690948,-51.289100646972656)",Mazagão,,,4,,MAZAGAO,
5534,2021-08-17 19:31:41.321,,,false,1718501,"(-8.722700119018555,-47.24209976196289)",Recursolândia,,,27,,RECURSOLANDIA,
281,2021-08-17 18:25:19.682,,,false,2900108,"(-13.248800277709961,-41.66189956665039)",Abaíra,,,5,,ABAIRA,
282,2021-08-17 18:25:20.397,,,false,2900207,"(-8.72072982788086,-39.1161994934082)",Abaré,,,5,,ABARE,
283,2021-08-17 18:25:21.113,,,false,2900306,"(-11.657500267028809,-38.01969909667969)",Acajutiba,,,5,,ACAJUTIBA,
284,2021-08-17 18:25:21.830,,,false,2900355,"(-10.543700218200684,-38.11130142211914)",Adustina,,,5,,ADUSTINA,
285,2021-08-17 18:25:22.547,,,false,2900405,"(-11.861800193786621,-38.76390075683594)",Água Fria,,,5,,AGUA FRIA,
287,2021-08-17 18:25:23.981,,,false,2900702,"(-12.133500099182129,-38.420799255371094)",Alagoinhas,,,5,,ALAGOINHAS,
288,2021-08-17 18:25:24.697,,,false,2900801,"(-17.519500732421875,-39.2036018371582)",Alcobaça,,,5,,ALCOBACA,
289,2021-08-17 18:25:25.414,,,false,2900900,"(-14.708900451660156,-39.64149856567383)",Almadina,,,5,,ALMADINA,
290,2021-08-17 18:25:26.131,,,false,2901007,"(-13.021499633789062,-39.60200119018555)",Amargosa,,,5,,AMARGOSA,
292,2021-08-17 18:25:27.576,,,false,2901155,"(-11.442899703979492,-41.43899917602539)",América Dourada,,,5,,AMERICA DOURADA,
293,2021-08-17 18:25:28.293,,,false,2901205,"(-14.615099906921387,-41.13560104370117)",Anagé,,,5,,ANAGE,
294,2021-08-17 18:25:29.010,,,false,2901304,"(-12.804900169372559,-41.3297004699707)",Andaraí,,,5,,ANDARAI,
295,2021-08-17 18:25:29.727,,,false,2901353,"(-10.348199844360352,-39.8390998840332)",Andorinha,,,5,,ANDORINHA,
296,2021-08-17 18:25:30.444,,,false,2901403,"(-12.00629997253418,-44.70029830932617)",Angical,,,5,,ANGICAL,
298,2021-08-17 18:25:31.880,,,false,2901601,"(-10.385600090026855,-38.3400993347168)",Antas,,,5,,ANTAS,
299,2021-08-17 18:25:32.614,,,false,2901700,"(-12.433500289916992,-39.11759948730469)",Antônio Cardoso,,,5,,ANTONIO CARDOSO,
300,2021-08-17 18:25:33.332,,,false,2901809,"(-10.576700210571289,-40.278499603271484)",Antônio Gonçalves,,,5,,ANTONIO GONCALVES,
301,2021-08-17 18:25:34.049,,,false,2901908,"(-11.657699584960938,-38.08140182495117)",Aporá,,,5,,APORA,
303,2021-08-17 18:25:35.482,,,false,2902054,"(-12.220000267028809,-38.202701568603516)",Araças,,,5,,ARACAS,
304,2021-08-17 18:25:36.203,,,false,2902005,"(-14.428000450134277,-41.46480178833008)",Aracatu,,,5,,ARACATU,
305,2021-08-17 18:25:36.942,,,false,2902104,"(-11.325300216674805,-38.95840072631836)",Araci,,,5,,ARACI,
306,2021-08-17 18:25:37.660,,,false,2902203,"(-12.088399887084961,-38.49689865112305)",Aramari,,,5,,ARAMARI,
307,2021-08-17 18:25:38.377,,,false,2902252,"(-15.26509952545166,-39.41899871826172)",Arataca,,,5,,ARATACA,
308,2021-08-17 18:25:39.094,,,false,2902302,"(-13.071599960327148,-39.00379943847656)",Aratuípe,,,5,,ARATUIPE,
310,2021-08-17 18:25:40.560,,,false,2902500,"(-12.301600456237793,-44.53879928588867)",Baianópolis,,,5,,BAIANOPOLIS,
311,2021-08-17 18:25:41.277,,,false,2902609,"(-11.951899528503418,-40.16899871826172)",Baixa Grande,,,5,,BAIXA GRANDE,
312,2021-08-17 18:25:41.993,,,false,2902658,"(-10.578800201416016,-38.62120056152344)",Banzaê,,,5,,BANZAE,
313,2021-08-17 18:25:42.710,,,false,2902708,"(-11.08590030670166,-43.14590072631836)",Barra,,,5,,BARRA,
315,2021-08-17 18:25:44.174,,,false,2902906,"(-14.865400314331055,-40.5791015625)",Barra do Choça,,,5,,BARRA DO CHOCA,
316,2021-08-17 18:25:44.907,,,false,2903003,"(-11.8100004196167,-42.058998107910156)",Barra do Mendes,,,5,,BARRA DO MENDES,
317,2021-08-17 18:25:45.624,,,false,2903102,"(-14.199999809265137,-39.599098205566406)",Barra do Rocha,,,5,,BARRA DO ROCHA,
318,2021-08-17 18:25:46.341,,,false,2903201,"(-12.143899917602539,-44.99679946899414)",Barreiras,,,5,,BARREIRAS,
319,2021-08-17 18:25:47.063,,,false,2903235,"(-11.760499954223633,-41.905399322509766)",Barro Alto,,,5,,BARRO ALTO,
321,2021-08-17 18:25:48.496,,,false,2903276,"(-11.527199745178223,-39.077598571777344)",Barrocas,,,5,,BARROCAS,
322,2021-08-17 18:25:49.214,,,false,2903409,"(-15.860799789428711,-38.87580108642578)",Belmonte,,,5,,BELMONTE,
323,2021-08-17 18:25:49.929,,,false,2903508,"(-15.03339958190918,-41.265201568603516)",Belo Campo,,,5,,BELO CAMPO,
324,2021-08-17 18:25:50.646,,,false,2903607,"(-11.607199668884277,-38.80509948730469)",Biritinga,,,5,,BIRITINGA,
325,2021-08-17 18:25:51.369,,,false,2903706,"(-14.359800338745117,-40.20640182495117)",Boa Nova,,,5,,BOA NOVA,
327,2021-08-17 18:25:52.820,,,false,2903904,"(-13.25059986114502,-43.41080093383789)",Bom Jesus da Lapa,,,5,,BOM JESUS DA LAPA,
328,2021-08-17 18:25:53.539,,,false,2903953,"(-14.366299629211426,-40.51259994506836)",Bom Jesus da Serra,,,5,,BOM JESUS DA SERRA,
329,2021-08-17 18:25:54.256,,,false,2904001,"(-12.706899642944336,-41.8286018371582)",Boninal,,,5,,BONINAL,
330,2021-08-17 18:25:54.973,,,false,2904050,"(-11.96679973602295,-41.26470184326172)",Bonito,,,5,,BONITO,
332,2021-08-17 18:25:56.407,,,false,2904209,"(-13.37720012664795,-42.516300201416016)",Botuporã,,,5,,BOTUPORA,
333,2021-08-17 18:25:57.131,,,false,2904308,"(-13.103899955749512,-39.79880142211914)",Brejões,,,5,,BREJOES,
334,2021-08-17 18:25:57.845,,,false,2904407,"(-12.481499671936035,-43.967899322509766)",Brejolândia,,,5,,BREJOLANDIA,
335,2021-08-17 18:25:58.566,,,false,2904506,"(-11.991499900817871,-42.632598876953125)",Brotas de Macaúbas,,,5,,BROTAS DE MACAUBAS,
337,2021-08-17 18:26:00.009,,,false,2904704,"(-14.959500312805176,-39.302799224853516)",Buerarema,,,5,,BUERAREMA,
338,2021-08-17 18:26:00.728,,,false,2904753,"(-10.717100143432617,-43.63019943237305)",Buritirama,,,5,,BURITIRAMA,
339,2021-08-17 18:26:01.445,,,false,2904803,"(-14.969900131225586,-40.40919876098633)",Caatiba,,,5,,CAATIBA,
341,2021-08-17 18:26:02.880,,,false,2904902,"(-12.59939956665039,-38.95869827270508)",Cachoeira,,,5,,CACHOEIRA,
342,2021-08-17 18:26:03.598,,,false,2905008,"(-14.500300407409668,-42.222900390625)",Caculé,,,5,,CACULE,
343,2021-08-17 18:26:04.313,,,false,2905107,"(-11.067700386047363,-40.43199920654297)",Caém,,,5,,CAEM,
344,2021-08-17 18:26:05.043,,,false,2905156,"(-14.334699630737305,-40.91749954223633)",Caetanos,,,5,,CAETANOS,
345,2021-08-17 18:26:05.759,,,false,2905206,"(-14.068400382995605,-42.48609924316406)",Caetité,,,5,,CAETITE,
346,2021-08-17 18:26:06.481,,,false,2905305,"(-11.691399574279785,-41.46879959106445)",Cafarnaum,,,5,,CAFARNAUM,
347,2021-08-17 18:26:07.199,,,false,2905404,"(-13.490400314331055,-39.04650115966797)",Cairu,,,5,,CAIRU,
5538,2021-08-17 19:31:44.377,,,false,1718758,"(-9.350020408630371,-47.88800048828125)",Rio Sono,,,27,,RIO SONO,
350,2021-08-17 18:26:09.351,,,false,2905701,"(-12.699600219726562,-38.32630157470703)",Camaçari,,,5,,CAMACARI,
351,2021-08-17 18:26:10.073,,,false,2905800,"(-13.939800262451172,-39.10710144042969)",Camamu,,,5,,CAMAMU,
352,2021-08-17 18:26:10.789,,,false,2905909,"(-9.522210121154785,-43.01259994506836)",Campo Alegre de Lourdes,,,5,,CAMPO ALEGRE DE LOURDES,
354,2021-08-17 18:26:12.222,,,false,2906105,"(-13.072500228881836,-44.20100021362305)",Canápolis,,,5,,CANAPOLIS,
355,2021-08-17 18:26:12.939,,,false,2906204,"(-11.685799598693848,-41.7677001953125)",Canarana,,,5,,CANARANA,
356,2021-08-17 18:26:13.659,,,false,2906303,"(-15.672200202941895,-38.9536018371582)",Canavieiras,,,5,,CANAVIEIRAS,
357,2021-08-17 18:26:14.380,,,false,2906402,"(-11.804900169372559,-39.12030029296875)",Candeal,,,5,,CANDEAL,
359,2021-08-17 18:26:15.820,,,false,2906600,"(-14.409700393676758,-42.86669921875)",Candiba,,,5,,CANDIBA,
360,2021-08-17 18:26:16.547,,,false,2906709,"(-15.499300003051758,-41.24140167236328)",Cândido Sales,,,5,,CANDIDO SALES,
361,2021-08-17 18:26:17.269,,,false,2906808,"(-10.66469955444336,-39.49440002441406)",Cansanção,,,5,,CANSANCAO,
362,2021-08-17 18:26:17.987,,,false,2906824,"(-9.900139808654785,-39.147098541259766)",Canudos,,,5,,CANUDOS,
364,2021-08-17 18:26:19.432,,,false,2906873,"(-11.37969970703125,-40.0088996887207)",Capim Grosso,,,5,,CAPIM GROSSO,
365,2021-08-17 18:26:20.150,,,false,2906899,"(-14.717700004577637,-41.26029968261719)",Caraíbas,,,5,,CARAIBAS,
366,2021-08-17 18:26:20.868,,,false,2906907,"(-17.7268009185791,-39.259700775146484)",Caravelas,,,5,,CARAVELAS,
367,2021-08-17 18:26:21.586,,,false,2907004,"(-11.947199821472168,-37.9468994140625)",Cardeal da Silva,,,5,,CARDEAL DA SILVA,
368,2021-08-17 18:26:22.309,,,false,2907103,"(-14.298500061035156,-43.77239990234375)",Carinhanha,,,5,,CARINHANHA,
370,2021-08-17 18:26:23.792,,,false,2907301,"(-12.75790023803711,-39.424800872802734)",Castro Alves,,,5,,CASTRO ALVES,
371,2021-08-17 18:26:24.518,,,false,2907400,"(-12.3100004196167,-44.86479949951172)",Catolândia,,,5,,CATOLANDIA,
372,2021-08-17 18:26:25.234,,,false,2907509,"(-12.351300239562988,-38.37910079956055)",Catu,,,5,,CATU,
373,2021-08-17 18:26:25.951,,,false,2907558,"(-13.32390022277832,-42.290401458740234)",Caturama,,,5,,CATURAMA,
374,2021-08-17 18:26:26.670,,,false,2907608,"(-11.13759994506836,-42.11159896850586)",Central,,,5,,CENTRAL,
376,2021-08-17 18:26:28.125,,,false,2907806,"(-10.589699745178223,-38.379398345947266)",Cícero Dantas,,,5,,CICERO DANTAS,
377,2021-08-17 18:26:28.841,,,false,2907905,"(-11.10319995880127,-38.51789855957031)",Cipó,,,5,,CIPO,
378,2021-08-17 18:26:29.559,,,false,2908002,"(-14.63700008392334,-39.555599212646484)",Coaraci,,,5,,COARACI,
379,2021-08-17 18:26:30.275,,,false,2908101,"(-14.181400299072266,-44.53519821166992)",Cocos,,,5,,COCOS,
381,2021-08-17 18:26:31.728,,,false,2908309,"(-12.783599853515625,-39.17150115966797)",Conceição do Almeida,,,5,,CONCEICAO DO ALMEIDA,
382,2021-08-17 18:26:32.445,,,false,2908408,"(-11.5600004196167,-39.280799865722656)",Conceição do Coité,,,5,,CONCEICAO DO COITE,
383,2021-08-17 18:26:33.162,,,false,2908507,"(-12.326800346374512,-38.76839828491211)",Conceição do Jacuípe,,,5,,CONCEICAO DO JACUIPE,
384,2021-08-17 18:26:33.883,,,false,2908606,"(-11.817899703979492,-37.61309814453125)",Conde,,,5,,CONDE,
386,2021-08-17 18:26:35.324,,,false,2908804,"(-13.753700256347656,-41.04800033569336)",Contendas do Sincorá,,,5,,CONTENDAS DO SINCORA,
387,2021-08-17 18:26:36.046,,,false,2908903,"(-12.23330020904541,-38.74869918823242)",Coração de Maria,,,5,,CORACAO DE MARIA,
388,2021-08-17 18:26:36.764,,,false,2909000,"(-15.035599708557129,-41.93080139160156)",Cordeiros,,,5,,CORDEIROS,
389,2021-08-17 18:26:37.489,,,false,2909109,"(-13.823200225830078,-44.45859909057617)",Coribe,,,5,,CORIBE,
391,2021-08-17 18:26:38.925,,,false,2909307,"(-13.347700119018555,-44.63330078125)",Correntina,,,5,,CORRENTINA,
392,2021-08-17 18:26:39.645,,,false,2909406,"(-12.02280044555664,-44.25659942626953)",Cotegipe,,,5,,COTEGIPE,
393,2021-08-17 18:26:40.362,,,false,2909505,"(-13.353099822998047,-39.8031005859375)",Cravolândia,,,5,,CRAVOLANDIA,
394,2021-08-17 18:26:41.079,,,false,2909604,"(-11.505900382995605,-38.1515007019043)",Crisópolis,,,5,,CRISOPOLIS,
396,2021-08-17 18:26:42.525,,,false,2909802,"(-12.667499542236328,-39.100799560546875)",Cruz das Almas,,,5,,CRUZ DAS ALMAS,
397,2021-08-17 18:26:43.243,,,false,2909901,"(-8.984580039978027,-39.89970016479492)",Curaçá,,,5,,CURACA,
398,2021-08-17 18:26:43.957,,,false,2910008,"(-14.422900199890137,-39.903099060058594)",Dário Meira,,,5,,DARIO MEIRA,
399,2021-08-17 18:26:44.677,,,false,2910057,"(-12.618749618530273,-38.29264450073242)",Dias d`Ávila,,,5,,DIAS D`AVILA,
401,2021-08-17 18:26:46.117,,,false,2910206,"(-12.901599884033203,-39.192298889160156)",Dom Macedo Costa,,,5,,DOM MACEDO COSTA,
402,2021-08-17 18:26:46.834,,,false,2910305,"(-12.941699981689453,-39.519100189208984)",Elísio Medrado,,,5,,ELISIO MEDRADO,
403,2021-08-17 18:26:47.551,,,false,2910404,"(-15.530200004577637,-40.91239929199219)",Encruzilhada,,,5,,ENCRUZILHADA,
404,2021-08-17 18:26:48.267,,,false,2910503,"(-11.939200401306152,-38.087100982666016)",Entre Rios,,,5,,ENTRE RIOS,
406,2021-08-17 18:26:49.701,,,false,2910602,"(-11.79419994354248,-37.943199157714844)",Esplanada,,,5,,ESPLANADA,
407,2021-08-17 18:26:50.418,,,false,2910701,"(-10.507800102233887,-39.01530075073242)",Euclides da Cunha,,,5,,EUCLIDES DA CUNHA,
408,2021-08-17 18:26:51.135,,,false,2910727,"(-16.37150001525879,-39.58209991455078)",Eunápolis,,,5,,EUNAPOLIS,
409,2021-08-17 18:26:51.858,,,false,2910750,"(-10.616000175476074,-38.223899841308594)",Fátima,,,5,,FATIMA,
411,2021-08-17 18:26:53.294,,,false,2910800,"(-12.266400337219238,-38.96630096435547)",Feira de Santana,,,5,,FEIRA DE SANTANA,
412,2021-08-17 18:26:54.015,,,false,2910859,"(-10.740500450134277,-40.143699645996094)",Filadélfia,,,5,,FILADELFIA,
413,2021-08-17 18:26:54.737,,,false,2910909,"(-14.9822998046875,-39.92689895629883)",Firmino Alves,,,5,,FIRMINO ALVES,
414,2021-08-17 18:26:55.454,,,false,2911006,"(-14.862899780273438,-39.657901763916016)",Floresta Azul,,,5,,FLORESTA AZUL,
416,2021-08-17 18:26:56.887,,,false,2911204,"(-13.744099617004395,-39.474700927734375)",Gandu,,,5,,GANDU,
417,2021-08-17 18:26:57.617,,,false,2911253,"(-11.468799591064453,-39.775699615478516)",Gavião,,,5,,GAVIAO,
5542,2021-08-17 19:31:47.428,,,false,1718881,"(-8.80459976196289,-47.788700103759766)",Santa Maria do Tocantins,,,27,,SANTA MARIA DO TOCANTINS,
419,2021-08-17 18:26:59.055,,,false,2911402,"(-9.343819618225098,-38.254398345947266)",Glória,,,5,,GLORIA,
420,2021-08-17 18:26:59.771,,,false,2911501,"(-14.319499969482422,-39.46900177001953)",Gongogi,,,5,,GONGOGI,
421,2021-08-17 18:27:00.490,,,false,2911600,"(-12.59939956665039,-39.04119873046875)",Governador Mangabeira,,,5,,GOVERNADOR MANGABEIRA,
422,2021-08-17 18:27:01.207,,,false,2911659,"(-14.546699523925781,-41.9380989074707)",Guajeru,,,5,,GUAJERU,
424,2021-08-17 18:27:02.645,,,false,2911808,"(-16.58329963684082,-39.784698486328125)",Guaratinga,,,5,,GUARATINGA,
425,2021-08-17 18:27:03.362,,,false,2911857,"(-10.682499885559082,-38.29069900512695)",Heliópolis,,,5,,HELIOPOLIS,
426,2021-08-17 18:27:04.078,,,false,2911907,"(-12.766599655151367,-40.20560073852539)",Iaçu,,,5,,IACU,
427,2021-08-17 18:27:04.796,,,false,2912004,"(-14.271100044250488,-42.25699996948242)",Ibiassucê,,,5,,IBIASSUCE,
429,2021-08-17 18:27:06.240,,,false,2912202,"(-13.405900001525879,-41.284000396728516)",Ibicoara,,,5,,IBICOARA,
430,2021-08-17 18:27:06.958,,,false,2912301,"(-14.845000267028809,-39.98789978027344)",Ibicuí,,,5,,IBICUI,
431,2021-08-17 18:27:07.675,,,false,2912400,"(-11.643799781799316,-42.019500732421875)",Ibipeba,,,5,,IBIPEBA,
432,2021-08-17 18:27:08.401,,,false,2912509,"(-12.880399703979492,-42.485599517822266)",Ibipitanga,,,5,,IBIPITANGA,
433,2021-08-17 18:27:09.117,,,false,2912608,"(-12.644399642944336,-40.933799743652344)",Ibiquera,,,5,,IBIQUERA,
435,2021-08-17 18:27:10.555,,,false,2912806,"(-17.68320083618164,-40.11289978027344)",Ibirapuã,,,5,,IBIRAPUA,
436,2021-08-17 18:27:11.285,,,false,2912905,"(-14.064299583435059,-39.64590072631836)",Ibirataia,,,5,,IBIRATAIA,
437,2021-08-17 18:27:12.001,,,false,2913002,"(-12.650199890136719,-42.217899322509766)",Ibitiara,,,5,,IBITIARA,
438,2021-08-17 18:27:12.718,,,false,2913101,"(-11.541399955749512,-41.97480010986328)",Ibititá,,,5,,IBITITA,
440,2021-08-17 18:27:14.152,,,false,2913309,"(-11.7431001663208,-39.19049835205078)",Ichu,,,5,,ICHU,
441,2021-08-17 18:27:14.868,,,false,2913408,"(-13.77400016784668,-42.71549987792969)",Igaporã,,,5,,IGAPORA,
442,2021-08-17 18:27:15.585,,,false,2913457,"(-13.829500198364258,-39.13610076904297)",Igrapiúna,,,5,,IGRAPIUNA,
443,2021-08-17 18:27:16.303,,,false,2913507,"(-14.752799987792969,-40.08940124511719)",Iguaí,,,5,,IGUAI,
444,2021-08-17 18:27:17.022,,,false,2913606,"(-14.793000221252441,-39.04600143432617)",Ilhéus,,,5,,ILHEUS,
446,2021-08-17 18:27:18.454,,,false,2913804,"(-12.302800178527832,-39.30690002441406)",Ipecaetá,,,5,,IPECAETA,
447,2021-08-17 18:27:19.171,,,false,2913903,"(-14.122599601745605,-39.73529815673828)",Ipiaú,,,5,,IPIAU,
448,2021-08-17 18:27:19.886,,,false,2914000,"(-12.156100273132324,-39.73590087890625)",Ipirá,,,5,,IPIRA,
449,2021-08-17 18:27:20.605,,,false,2914109,"(-11.821900367736816,-42.61790084838867)",Ipupiara,,,5,,IPUPIARA,
450,2021-08-17 18:27:21.324,,,false,2914208,"(-13.25629997253418,-40.084800720214844)",Irajuba,,,5,,IRAJUBA,
451,2021-08-17 18:27:22.053,,,false,2914307,"(-13.290200233459473,-40.95949935913086)",Iramaia,,,5,,IRAMAIA,
453,2021-08-17 18:27:23.496,,,false,2914505,"(-12.050399780273438,-38.763099670410156)",Irará,,,5,,IRARA,
454,2021-08-17 18:27:24.212,,,false,2914604,"(-11.303299903869629,-41.85350036621094)",Irecê,,,5,,IRECE,
455,2021-08-17 18:27:24.928,,,false,2914653,"(-16.573200225830078,-39.55929946899414)",Itabela,,,5,,ITABELA,
456,2021-08-17 18:27:25.645,,,false,2914703,"(-12.524200439453125,-40.30590057373047)",Itaberaba,,,5,,ITABERABA,
457,2021-08-17 18:27:26.360,,,false,2914802,"(-14.787599563598633,-39.278099060058594)",Itabuna,,,5,,ITABUNA,
459,2021-08-17 18:27:27.803,,,false,2915007,"(-12.983099937438965,-40.96770095825195)",Itaeté,,,5,,ITAETE,
460,2021-08-17 18:27:28.523,,,false,2915106,"(-14.161499977111816,-40.013099670410156)",Itagi,,,5,,ITAGI,
461,2021-08-17 18:27:29.239,,,false,2915205,"(-14.278200149536133,-39.84489822387695)",Itagibá,,,5,,ITAGIBA,
462,2021-08-17 18:27:29.986,,,false,2915304,"(-16.081899642944336,-39.61330032348633)",Itagimirim,,,5,,ITAGIMIRIM,
464,2021-08-17 18:27:31.418,,,false,2915403,"(-15.13659954071045,-39.72829818725586)",Itaju do Colônia,,,5,,ITAJU DO COLONIA,
465,2021-08-17 18:27:32.134,,,false,2915502,"(-14.678799629211426,-39.36980056762695)",Itajuípe,,,5,,ITAJUIPE,
466,2021-08-17 18:27:32.848,,,false,2915601,"(-17.037799835205078,-39.53860092163086)",Itamaraju,,,5,,ITAMARAJU,
467,2021-08-17 18:27:33.565,,,false,2915700,"(-13.778200149536133,-39.68299865722656)",Itamari,,,5,,ITAMARI,
468,2021-08-17 18:27:34.286,,,false,2915809,"(-15.242899894714355,-40.630001068115234)",Itambé,,,5,,ITAMBE,
470,2021-08-17 18:27:35.722,,,false,2916005,"(-17.164199829101562,-40.33209991455078)",Itanhém,,,5,,ITANHEM,
471,2021-08-17 18:27:36.454,,,false,2916104,"(-12.893199920654297,-38.68000030517578)",Itaparica,,,5,,ITAPARICA,
472,2021-08-17 18:27:37.172,,,false,2916203,"(-14.88759994506836,-39.42390060424805)",Itapé,,,5,,ITAPE,
473,2021-08-17 18:27:37.889,,,false,2916302,"(-15.955100059509277,-39.532901763916016)",Itapebi,,,5,,ITAPEBI,
474,2021-08-17 18:27:38.607,,,false,2916401,"(-15.2475004196167,-40.248199462890625)",Itapetinga,,,5,,ITAPETINGA,
476,2021-08-17 18:27:40.038,,,false,2916609,"(-14.413900375366211,-39.56570053100586)",Itapitanga,,,5,,ITAPITANGA,
477,2021-08-17 18:27:40.763,,,false,2916708,"(-13.445899963378906,-39.937801361083984)",Itaquara,,,5,,ITAQUARA,
478,2021-08-17 18:27:41.481,,,false,2916807,"(-15.652799606323242,-40.064998626708984)",Itarantim,,,5,,ITARANTIM,
479,2021-08-17 18:27:42.202,,,false,2916856,"(-12.70989990234375,-39.6952018737793)",Itatim,,,5,,ITATIM,
480,2021-08-17 18:27:42.930,,,false,2916906,"(-13.529000282287598,-40.14720153808594)",Itiruçu,,,5,,ITIRUCU,
482,2021-08-17 18:27:44.364,,,false,2917102,"(-15.109999656677246,-40.06840133666992)",Itororó,,,5,,ITORORO,
483,2021-08-17 18:27:45.081,,,false,2917201,"(-13.810700416564941,-41.30030059814453)",Ituaçu,,,5,,ITUACU,
484,2021-08-17 18:27:45.797,,,false,2917300,"(-13.724900245666504,-39.148101806640625)",Ituberá,,,5,,ITUBERA,
485,2021-08-17 18:27:46.514,,,false,2917334,"(-14.405400276184082,-43.55950164794922)",Iuiú,,,5,,IUIU,
486,2021-08-17 18:27:55.841,,,false,2917359,"(-13.607099533081055,-44.425498962402344)",Jaborandi,,,5,,JABORANDI,
490,2021-08-17 18:27:58.920,,,false,2917706,"(-10.2568998336792,-40.19990158081055)",Jaguarari,,,5,,JAGUARARI,
491,2021-08-17 18:27:59.640,,,false,2917805,"(-13.110899925231934,-38.89390182495117)",Jaguaripe,,,5,,JAGUARIPE,
492,2021-08-17 18:28:00.355,,,false,2917904,"(-11.561599731445312,-37.785301208496094)",Jandaíra,,,5,,JANDAIRA,
493,2021-08-17 18:28:01.072,,,false,2918001,"(-13.850899696350098,-40.08769989013672)",Jequié,,,5,,JEQUIE,
495,2021-08-17 18:28:02.505,,,false,2918209,"(-13.262100219726562,-39.573699951171875)",Jiquiriçá,,,5,,JIQUIRICA,
496,2021-08-17 18:28:03.222,,,false,2918308,"(-14.013099670410156,-39.89690017700195)",Jitaúna,,,5,,JITAUNA,
497,2021-08-17 18:28:03.938,,,false,2918357,"(-11.348600387573242,-41.65480041503906)",João Dourado,,,5,,JOAO DOURADO,
498,2021-08-17 18:28:04.658,,,false,2918407,"(-9.416219711303711,-40.503299713134766)",Juazeiro,,,5,,JUAZEIRO,
500,2021-08-17 18:28:06.096,,,false,2918506,"(-11.043100357055664,-41.97019958496094)",Jussara,,,5,,JUSSARA,
501,2021-08-17 18:28:06.812,,,false,2918555,"(-15.192000389099121,-39.49100112915039)",Jussari,,,5,,JUSSARI,
502,2021-08-17 18:28:07.529,,,false,2918605,"(-13.51550006866455,-41.588199615478516)",Jussiape,,,5,,JUSSIAPE,
503,2021-08-17 18:28:08.246,,,false,2918704,"(-13.65410041809082,-40.21189880371094)",Lafaiete Coutinho,,,5,,LAFAIETE COUTINHO,
505,2021-08-17 18:28:09.682,,,false,2918803,"(-14.03339958190918,-42.1328010559082)",Laje,,,5,,LAJE,
506,2021-08-17 18:28:10.399,,,false,2918902,"(-13.1673002243042,-39.42129898071289)",Lajedão,,,5,,LAJEDAO,
507,2021-08-17 18:28:11.119,,,false,2919009,"(-17.605600357055664,-40.33829879760742)",Lajedinho,,,5,,LAJEDINHO,
508,2021-08-17 18:28:11.834,,,false,2919058,"(-12.352899551391602,-40.90480041503906)",Lajedo do Tabocal,,,5,,LAJEDO DO TABOCAL,
509,2021-08-17 18:28:12.551,,,false,2919108,"(-11.77299976348877,-38.887001037597656)",Lamarão,,,5,,LAMARAO,
510,2021-08-17 18:28:13.268,,,false,2919157,"(-11.385100364685059,-41.8286018371582)",Lapão,,,5,,LAPAO,
512,2021-08-17 18:28:14.705,,,false,2919306,"(-12.561599731445312,-41.392799377441406)",Lençóis,,,5,,LENCOIS,
513,2021-08-17 18:28:15.420,,,false,2919405,"(-14.684200286865234,-42.509498596191406)",Licínio de Almeida,,,5,,LICINIO DE ALMEIDA,
515,2021-08-17 18:28:16.860,,,false,2919553,"(-12.095600128173828,-45.786598205566406)",Luís Eduardo Magalhães,,,5,,LUIS EDUARDO MAGALHAES,
516,2021-08-17 18:28:17.588,,,false,2919603,"(-12.132599830627441,-40.35710144042969)",Macajuba,,,5,,MACAJUBA,
517,2021-08-17 18:28:18.305,,,false,2919702,"(-15.564599990844727,-40.4208984375)",Macarani,,,5,,MACARANI,
518,2021-08-17 18:28:19.029,,,false,2919801,"(-13.018600463867188,-42.69449996948242)",Macaúbas,,,5,,MACAUBAS,
519,2021-08-17 18:28:19.745,,,false,2919900,"(-9.162260055541992,-39.05179977416992)",Macururé,,,5,,MACURURE,
520,2021-08-17 18:28:20.462,,,false,2919926,"(-12.744600296020508,-38.615299224853516)",Madre de Deus,,,5,,MADRE DE DEUS,
522,2021-08-17 18:28:21.896,,,false,2920007,"(-15.62399959564209,-40.25870132446289)",Maiquinique,,,5,,MAIQUINIQUE,
523,2021-08-17 18:28:22.615,,,false,2920106,"(-11.710700035095215,-40.143699645996094)",Mairi,,,5,,MAIRI,
524,2021-08-17 18:28:23.332,,,false,2920205,"(-14.3371000289917,-43.76860046386719)",Malhada,,,5,,MALHADA,
525,2021-08-17 18:28:24.048,,,false,2920304,"(-14.384699821472168,-41.88420104980469)",Malhada de Pedras,,,5,,MALHADA DE PEDRAS,
527,2021-08-17 18:28:25.480,,,false,2920452,"(-10.722700119018555,-44.04280090332031)",Mansidão,,,5,,MANSIDAO,
528,2021-08-17 18:28:26.228,,,false,2920502,"(-13.435500144958496,-40.43230056762695)",Maracás,,,5,,MARACAS,
529,2021-08-17 18:28:26.974,,,false,2920601,"(-12.776000022888184,-38.91749954223633)",Maragogipe,,,5,,MARAGOGIPE,
530,2021-08-17 18:28:27.690,,,false,2920700,"(-14.103500366210938,-39.01369857788086)",Maraú,,,5,,MARAU,
532,2021-08-17 18:28:29.124,,,false,2920908,"(-15.554200172424316,-39.30160140991211)",Mascote,,,5,,MASCOTE,
533,2021-08-17 18:28:29.842,,,false,2921005,"(-12.530699729919434,-38.300899505615234)",Mata de São João,,,5,,MATA DE SAO JOAO,
534,2021-08-17 18:28:30.558,,,false,2921054,"(-13.910900115966797,-42.84389877319336)",Matina,,,5,,MATINA,
535,2021-08-17 18:28:31.282,,,false,2921104,"(-17.37070083618164,-40.22380065917969)",Medeiros Neto,,,5,,MEDEIROS NETO,
536,2021-08-17 18:28:31.998,,,false,2921203,"(-11.429900169372559,-40.60309982299805)",Miguel Calmon,,,5,,MIGUEL CALMON,
537,2021-08-17 18:28:32.715,,,false,2921302,"(-12.86460018157959,-39.86109924316406)",Milagres,,,5,,MILAGRES,
539,2021-08-17 18:28:34.171,,,false,2921450,"(-14.238499641418457,-40.77180099487305)",Mirante,,,5,,MIRANTE,
540,2021-08-17 18:28:34.889,,,false,2921500,"(-10.437399864196777,-39.33209991455078)",Monte Santo,,,5,,MONTE SANTO,
541,2021-08-17 18:28:35.606,,,false,2921609,"(-11.556900024414062,-43.2765998840332)",Morpará,,,5,,MORPARA,
542,2021-08-17 18:28:36.326,,,false,2921708,"(-11.548800468444824,-41.15650177001953)",Morro do Chapéu,,,5,,MORRO DO CHAPEU,
544,2021-08-17 18:28:37.759,,,false,2921906,"(-13.00529956817627,-41.37030029296875)",Mucugê,,,5,,MUCUGE,
545,2021-08-17 18:28:38.475,,,false,2922003,"(-18.07539939880371,-39.55649948120117)",Mucuri,,,5,,MUCURI,
546,2021-08-17 18:28:39.189,,,false,2922052,"(-11.964799880981445,-41.63740158081055)",Mulungu do Morro,,,5,,MULUNGU DO MORRO,
547,2021-08-17 18:28:39.906,,,false,2922102,"(-11.854100227355957,-40.47140121459961)",Mundo Novo,,,5,,MUNDO NOVO,
549,2021-08-17 18:28:41.340,,,false,2922250,"(-12.06501579284668,-43.54971694946289)",Muquém de São Francisco,,,5,,MUQUEM DE SAO FRANCISCO,
550,2021-08-17 18:28:42.059,,,false,2922300,"(-12.63290023803711,-38.99209976196289)",Muritiba,,,5,,MURITIBA,
551,2021-08-17 18:28:42.776,,,false,2922409,"(-13.228400230407715,-39.504398345947266)",Mutuípe,,,5,,MUTUIPE,
552,2021-08-17 18:28:43.493,,,false,2922508,"(-13.023500442504883,-39.010799407958984)",Nazaré,,,5,,NAZARE,
553,2021-08-17 18:28:44.210,,,false,2922607,"(-13.604000091552734,-39.109100341796875)",Nilo Peçanha,,,5,,NILO PECANHA,
555,2021-08-17 18:28:45.643,,,false,2922706,"(-14.791199684143066,-40.14580154418945)",Nova Canaã,,,5,,NOVA CANAA,
556,2021-08-17 18:28:46.360,,,false,2922730,"(-11.603099822998047,-39.63019943237305)",Nova Fátima,,,5,,NOVA FATIMA,
557,2021-08-17 18:28:47.075,,,false,2922755,"(-13.812000274658203,-39.61819839477539)",Nova Ibiá,,,5,,NOVA IBIA,
5546,2021-08-17 19:31:50.486,,,false,1720002,"(-6.444379806518555,-47.668399810791016)",Santa Terezinha do Tocantins,,,27,,SANTA TEREZINHA DO TOCANTINS,
560,2021-08-17 18:28:49.232,,,false,2922904,"(-11.23289966583252,-38.487098693847656)",Nova Soure,,,5,,NOVA SOURE,
561,2021-08-17 18:28:49.951,,,false,2923001,"(-17.89259910583496,-39.374298095703125)",Nova Viçosa,,,5,,NOVA VICOSA,
562,2021-08-17 18:28:50.673,,,false,2923035,"(-12.808300018310547,-42.1682014465332)",Novo Horizonte,,,5,,NOVO HORIZONTE,
563,2021-08-17 18:28:51.389,,,false,2923050,"(-10.31820011138916,-38.40140151977539)",Novo Triunfo,,,5,,NOVO TRIUNFO,
565,2021-08-17 18:28:52.839,,,false,2923209,"(-12.313199996948242,-42.89690017700195)",Oliveira dos Brejinhos,,,5,,OLIVEIRA DOS BREJINHOS,
566,2021-08-17 18:28:53.556,,,false,2923308,"(-12.017499923706055,-38.616600036621094)",Ouriçangas,,,5,,OURICANGAS,
567,2021-08-17 18:28:54.273,,,false,2923357,"(-10.957799911499023,-41.075599670410156)",Ourolândia,,,5,,OUROLANDIA,
569,2021-08-17 18:28:55.706,,,false,2923506,"(-12.505900382995605,-41.58089828491211)",Palmeiras,,,5,,PALMEIRAS,
570,2021-08-17 18:28:56.423,,,false,2923605,"(-13.438799858093262,-42.239498138427734)",Paramirim,,,5,,PARAMIRIM,
571,2021-08-17 18:28:57.145,,,false,2923704,"(-12.687000274658203,-43.1797981262207)",Paratinga,,,5,,PARATINGA,
572,2021-08-17 18:28:57.861,,,false,2923803,"(-10.68589973449707,-37.86259841918945)",Paripiranga,,,5,,PARIPIRANGA,
573,2021-08-17 18:28:58.585,,,false,2923902,"(-15.457200050354004,-39.64580154418945)",Pau Brasil,,,5,,PAU BRASIL,
575,2021-08-17 18:29:00.022,,,false,2924058,"(-11.831299781799316,-39.611000061035156)",Pé de Serra,,,5,,PE DE SERRA,
576,2021-08-17 18:29:00.738,,,false,2924108,"(-12.149100303649902,-38.64870071411133)",Pedrão,,,5,,PEDRAO,
577,2021-08-17 18:29:01.457,,,false,2924207,"(-10.01200008392334,-37.8931999206543)",Pedro Alexandre,,,5,,PEDRO ALEXANDRE,
578,2021-08-17 18:29:02.174,,,false,2924306,"(-13.146499633789062,-41.770198822021484)",Piatã,,,5,,PIATA,
579,2021-08-17 18:29:02.890,,,false,2924405,"(-10.00510025024414,-42.49359893798828)",Pilão Arcado,,,5,,PILAO ARCADO,
581,2021-08-17 18:29:04.324,,,false,2924603,"(-10.743300437927246,-40.36750030517578)",Pindobaçu,,,5,,PINDOBACU,
582,2021-08-17 18:29:05.041,,,false,2924652,"(-11.811699867248535,-39.900901794433594)",Pintadas,,,5,,PINTADAS,
583,2021-08-17 18:29:05.758,,,false,2924678,"(-13.758999824523926,-39.38359832763672)",Piraí do Norte,,,5,,PIRAI DO NORTE,
584,2021-08-17 18:29:06.475,,,false,2924702,"(-14.9443998336792,-41.716800689697266)",Piripá,,,5,,PIRIPA,
586,2021-08-17 18:29:07.908,,,false,2924900,"(-13.261799812316895,-40.36949920654297)",Planaltino,,,5,,PLANALTINO,
587,2021-08-17 18:29:08.625,,,false,2925006,"(-14.665399551391602,-40.4718017578125)",Planalto,,,5,,PLANALTO,
588,2021-08-17 18:29:09.341,,,false,2925105,"(-14.52340030670166,-40.363399505615234)",Poções,,,5,,POCOES,
589,2021-08-17 18:29:10.059,,,false,2925204,"(-12.430299758911133,-38.337398529052734)",Pojuca,,,5,,POJUCA,
591,2021-08-17 18:29:11.492,,,false,2925303,"(-16.443500518798828,-39.064300537109375)",Porto Seguro,,,5,,PORTO SEGURO,
592,2021-08-17 18:29:12.214,,,false,2925402,"(-15.594300270080566,-39.863800048828125)",Potiraguá,,,5,,POTIRAGUA,
593,2021-08-17 18:29:12.937,,,false,2925501,"(-17.33639907836914,-39.22269821166992)",Prado,,,5,,PRADO,
594,2021-08-17 18:29:13.654,,,false,2925600,"(-11.2923002243042,-41.98429870605469)",Presidente Dutra,,,5,,PRESIDENTE DUTRA,
596,2021-08-17 18:29:15.088,,,false,2925758,"(-13.447099685668945,-39.4202995300293)",Presidente Tancredo Neves,,,5,,PRESIDENTE TANCREDO NEVES,
597,2021-08-17 18:29:15.804,,,false,2925808,"(-10.973600387573242,-39.62929916381836)",Queimadas,,,5,,QUEIMADAS,
598,2021-08-17 18:29:16.521,,,false,2925907,"(-10.750499725341797,-39.21369934082031)",Quijingue,,,5,,QUIJINGUE,
599,2021-08-17 18:29:17.240,,,false,2925931,"(-11.40310001373291,-40.119998931884766)",Quixabeira,,,5,,QUIXABEIRA,
601,2021-08-17 18:29:18.674,,,false,2926004,"(-9.619440078735352,-42.084800720214844)",Remanso,,,5,,REMANSO,
602,2021-08-17 18:29:19.391,,,false,2926103,"(-11.483200073242188,-39.42340087890625)",Retirolândia,,,5,,RETIROLANDIA,
603,2021-08-17 18:29:20.145,,,false,2926202,"(-11.750800132751465,-44.91429901123047)",Riachão das Neves,,,5,,RIACHAO DAS NEVES,
604,2021-08-17 18:29:20.862,,,false,2926301,"(-11.806699752807617,-39.38180160522461)",Riachão do Jacuípe,,,5,,RIACHAO DO JACUIPE,
606,2021-08-17 18:29:22.295,,,false,2926509,"(-11.042099952697754,-38.424198150634766)",Ribeira do Amparo,,,5,,RIBEIRA DO AMPARO,
607,2021-08-17 18:29:23.012,,,false,2926608,"(-10.837300300598145,-38.53820037841797)",Ribeira do Pombal,,,5,,RIBEIRA DO POMBAL,
608,2021-08-17 18:29:23.729,,,false,2926657,"(-15.450799942016602,-40.74409866333008)",Ribeirão do Largo,,,5,,RIBEIRAO DO LARGO,
609,2021-08-17 18:29:24.446,,,false,2926707,"(-13.585200309753418,-41.8047981262207)",Rio de Contas,,,5,,RIO DE CONTAS,
611,2021-08-17 18:29:25.879,,,false,2926905,"(-13.118499755859375,-42.290199279785156)",Rio do Pires,,,5,,RIO DO PIRES,
612,2021-08-17 18:29:26.596,,,false,2927002,"(-11.481399536132812,-37.93320083618164)",Rio Real,,,5,,RIO REAL,
613,2021-08-17 18:29:27.313,,,false,2927101,"(-8.850210189819336,-38.779998779296875)",Rodelas,,,5,,RODELAS,
614,2021-08-17 18:29:28.041,,,false,2927200,"(-12.281599998474121,-40.493099212646484)",Ruy Barbosa,,,5,,RUY BARBOSA,
616,2021-08-17 18:29:29.475,,,false,2927408,"(-12.971799850463867,-38.5010986328125)",Salvador,,,5,,SALVADOR,
617,2021-08-17 18:29:30.192,,,false,2927507,"(-11.951499938964844,-38.968101501464844)",Santa Bárbara,,,5,,SANTA BARBARA,
618,2021-08-17 18:29:30.911,,,false,2927606,"(-9.732270240783691,-38.12089920043945)",Santa Brígida,,,5,,SANTA BRIGIDA,
619,2021-08-17 18:29:31.628,,,false,2927705,"(-16.282499313354492,-39.02949905395508)",Santa Cruz Cabrália,,,5,,SANTA CRUZ CABRALIA,
621,2021-08-17 18:29:33.062,,,false,2927903,"(-13.27929973602295,-39.81399917602539)",Santa Inês,,,5,,SANTA INES,
622,2021-08-17 18:29:33.778,,,false,2928059,"(-15.434200286865234,-39.32870101928711)",Santa Luzia,,,5,,SANTA LUZIA,
623,2021-08-17 18:29:34.495,,,false,2928109,"(-13.385899543762207,-44.20109939575195)",Santa Maria da Vitória,,,5,,SANTA MARIA DA VITORIA,
624,2021-08-17 18:29:35.215,,,false,2928406,"(-11.00629997253418,-44.5255012512207)",Santa Rita de Cássia,,,5,,SANTA RITA DE CASSIA,
626,2021-08-17 18:29:36.655,,,false,2928000,"(-11.250800132751465,-39.375)",Santaluz,,,5,,SANTALUZ,
5551,2021-08-17 19:31:54.307,,,false,1720309,"(-5.26131010055542,-48.20209884643555)",São Sebastião do Tocantins,,,27,,SAO SEBASTIAO DO TOCANTINS,
628,2021-08-17 18:29:38.089,,,false,2928307,"(-12.031100273132324,-38.86940002441406)",Santanópolis,,,5,,SANTANOPOLIS,
629,2021-08-17 18:29:38.805,,,false,2928604,"(-12.547200202941895,-38.71369934082031)",Santo Amaro,,,5,,SANTO AMARO,
631,2021-08-17 18:29:40.236,,,false,2928802,"(-12.428000450134277,-39.2504997253418)",Santo Estêvão,,,5,,SANTO ESTEVAO,
632,2021-08-17 18:29:40.954,,,false,2928901,"(-12.357199668884277,-44.976898193359375)",São Desidério,,,5,,SAO DESIDERIO,
633,2021-08-17 18:29:41.670,,,false,2928950,"(-11.464900016784668,-39.526798248291016)",São Domingos,,,5,,SAO DOMINGOS,
634,2021-08-17 18:29:42.387,,,false,2929107,"(-12.839400291442871,-39.089298248291016)",São Felipe,,,5,,SAO FELIPE,
635,2021-08-17 18:29:43.140,,,false,2929008,"(-12.610400199890137,-38.97269821166992)",São Félix,,,5,,SAO FELIX,
637,2021-08-17 18:29:44.574,,,false,2929206,"(-12.618300437927246,-38.6786003112793)",São Francisco do Conde,,,5,,SAO FRANCISCO DO CONDE,
638,2021-08-17 18:29:45.293,,,false,2929255,"(-11.217499732971191,-41.884300231933594)",São Gabriel,,,5,,SAO GABRIEL,
639,2021-08-17 18:29:46.010,,,false,2929305,"(-12.433099746704102,-38.96630096435547)",São Gonçalo dos Campos,,,5,,SAO GONCALO DOS CAMPOS,
641,2021-08-17 18:29:47.446,,,false,2929370,"(-11.413700103759766,-39.86690139770508)",São José do Jacuípe,,,5,,SAO JOSE DO JACUIPE,
642,2021-08-17 18:29:48.163,,,false,2929404,"(-13.043399810791016,-39.457801818847656)",São Miguel das Matas,,,5,,SAO MIGUEL DAS MATAS,
643,2021-08-17 18:29:48.880,,,false,2929503,"(-12.512299537658691,-38.490501403808594)",São Sebastião do Passé,,,5,,SAO SEBASTIAO DO PASSE,
644,2021-08-17 18:29:49.597,,,false,2929602,"(-12.720800399780273,-39.18239974975586)",Sapeaçu,,,5,,SAPEACU,
646,2021-08-17 18:29:51.041,,,false,2929750,"(-12.738699913024902,-38.76250076293945)",Saubara,,,5,,SAUBARA,
647,2021-08-17 18:29:51.758,,,false,2929800,"(-10.94279956817627,-40.41550064086914)",Saúde,,,5,,SAUDE,
648,2021-08-17 18:29:52.475,,,false,2929909,"(-12.416899681091309,-41.77220153808594)",Seabra,,,5,,SEABRA,
649,2021-08-17 18:29:53.192,,,false,2930006,"(-14.571000099182129,-42.94340133666992)",Sebastião Laranjeiras,,,5,,SEBASTIAO LARANJEIRAS,
651,2021-08-17 18:29:54.625,,,false,2930204,"(-9.741379737854004,-41.87860107421875)",Sento Sé,,,5,,SENTO SE,
652,2021-08-17 18:29:55.342,,,false,2930154,"(-13.565899848937988,-43.592899322509766)",Serra do Ramalho,,,5,,SERRA DO RAMALHO,
653,2021-08-17 18:29:56.060,,,false,2930303,"(-12.758999824523926,-43.950401306152344)",Serra Dourada,,,5,,SERRA DOURADA,
654,2021-08-17 18:29:56.776,,,false,2930402,"(-12.156000137329102,-39.330501556396484)",Serra Preta,,,5,,SERRA PRETA,
655,2021-08-17 18:29:57.491,,,false,2930501,"(-11.65839958190918,-39.0099983215332)",Serrinha,,,5,,SERRINHA,
657,2021-08-17 18:29:58.924,,,false,2930709,"(-12.786600112915039,-38.40290069580078)",Simões Filho,,,5,,SIMOES FILHO,
658,2021-08-17 18:29:59.660,,,false,2930758,"(-13.080100059509277,-43.46889877319336)",Sítio do Mato,,,5,,SITIO DO MATO,
659,2021-08-17 18:30:00.438,,,false,2930766,"(-10.354499816894531,-38.22129821777344)",Sítio do Quinto,,,5,,SITIO DO QUINTO,
660,2021-08-17 18:30:01.176,,,false,2930774,"(-9.450240135192871,-40.81449890136719)",Sobradinho,,,5,,SOBRADINHO,
662,2021-08-17 18:30:02.611,,,false,2930907,"(-12.70259952545166,-44.00749969482422)",Tabocas do Brejo Velho,,,5,,TABOCAS DO BREJO VELHO,
663,2021-08-17 18:30:03.328,,,false,2931004,"(-14.019700050354004,-41.24729919433594)",Tanhaçu,,,5,,TANHACU,
664,2021-08-17 18:30:04.044,,,false,2931053,"(-13.548500061035156,-42.49340057373047)",Tanque Novo,,,5,,TANQUE NOVO,
665,2021-08-17 18:30:04.761,,,false,2931103,"(-11.968000411987305,-39.10329818725586)",Tanquinho,,,5,,TANQUINHO,
667,2021-08-17 18:30:06.196,,,false,2931301,"(-11.84749984741211,-40.792701721191406)",Tapiramutá,,,5,,TAPIRAMUTA,
668,2021-08-17 18:30:06.914,,,false,2931350,"(-17.539899826049805,-39.7400016784668)",Teixeira de Freitas,,,5,,TEIXEIRA DE FREITAS,
669,2021-08-17 18:30:07.630,,,false,2931400,"(-12.295000076293945,-38.634700775146484)",Teodoro Sampaio,,,5,,TEODORO SAMPAIO,
670,2021-08-17 18:30:08.345,,,false,2931509,"(-11.48270034790039,-38.99129867553711)",Teofilândia,,,5,,TEOFILANDIA,
672,2021-08-17 18:30:09.779,,,false,2931707,"(-12.388799667358398,-38.62379837036133)",Terra Nova,,,5,,TERRA NOVA,
673,2021-08-17 18:30:10.495,,,false,2931806,"(-14.973600387573242,-41.41419982910156)",Tremedal,,,5,,TREMEDAL,
674,2021-08-17 18:30:11.213,,,false,2931905,"(-10.958399772644043,-38.789398193359375)",Tucano,,,5,,TUCANO,
675,2021-08-17 18:30:11.929,,,false,2932002,"(-9.833250045776367,-39.479400634765625)",Uauá,,,5,,UAUA,
677,2021-08-17 18:30:13.363,,,false,2932200,"(-14.303000450134277,-39.322200775146484)",Ubaitaba,,,5,,UBAITABA,
678,2021-08-17 18:30:14.079,,,false,2932309,"(-14.206299781799316,-39.52069854736328)",Ubatã,,,5,,UBATA,
679,2021-08-17 18:30:14.796,,,false,2932408,"(-11.339400291442871,-42.135398864746094)",Uibaí,,,5,,UIBAI,
1215,2021-08-17 18:30:15.513,,,false,2105104,"(-2.772059917449951,-44.05009841918945)",Icatu,,,10,,ICATU,
680,2021-08-17 18:30:16.230,,,false,2932457,"(-10.73390007019043,-41.32339859008789)",Umburanas,,,5,,UMBURANAS,
681,2021-08-17 18:30:16.946,,,false,2932507,"(-15.27910041809082,-39.076499938964844)",Una,,,5,,UNA,
683,2021-08-17 18:30:18.379,,,false,2932705,"(-14.59630012512207,-39.285099029541016)",Uruçuca,,,5,,URUCUCA,
684,2021-08-17 18:30:19.097,,,false,2932804,"(-12.078300476074219,-41.095401763916016)",Utinga,,,5,,UTINGA,
685,2021-08-17 18:30:19.814,,,false,2932903,"(-13.366900444030762,-39.073001861572266)",Valença,,,5,,VALENCA,
686,2021-08-17 18:30:20.531,,,false,2933000,"(-11.406200408935547,-39.457000732421875)",Valente,,,5,,VALENTE,
688,2021-08-17 18:30:21.965,,,false,2933109,"(-11.527299880981445,-40.31489944458008)",Várzea do Poço,,,5,,VARZEA DO POCO,
689,2021-08-17 18:30:22.683,,,false,2933158,"(-11.25570011138916,-40.943199157714844)",Várzea Nova,,,5,,VARZEA NOVA,
690,2021-08-17 18:30:23.398,,,false,2933174,"(-12.96720027923584,-39.39189910888672)",Varzedo,,,5,,VARZEDO,
691,2021-08-17 18:30:24.117,,,false,2933208,"(-12.95680046081543,-38.615299224853516)",Vera Cruz,,,5,,VERA CRUZ,
692,2021-08-17 18:30:24.834,,,false,2933257,"(-17.218299865722656,-40.0974006652832)",Vereda,,,5,,VEREDA,
694,2021-08-17 18:30:26.267,,,false,2933406,"(-12.281900405883789,-41.17150115966797)",Wagner,,,5,,WAGNER,
5556,2021-08-17 19:31:58.154,,,false,1720903,"(-12.402600288391113,-46.4370002746582)",Taguatinga,,,27,,TAGUATINGA,
696,2021-08-17 18:30:27.703,,,false,2933505,"(-13.690799713134766,-39.476200103759766)",Wenceslau Guimarães,,,5,,WENCESLAU GUIMARAES,
697,2021-08-17 18:30:28.419,,,false,2933604,"(-10.822999954223633,-42.7244987487793)",Xique-Xique,,,5,,XIQUE-XIQUE,
699,2021-08-17 18:30:29.861,,,false,2300150,"(-4.220829963684082,-38.705501556396484)",Acarape,,,6,,ACARAPE,
700,2021-08-17 18:30:30.577,,,false,2300200,"(-2.8876900672912598,-40.11830139160156)",Acaraú,,,6,,ACARAU,
701,2021-08-17 18:30:31.296,,,false,2300309,"(-6.089109897613525,-39.448001861572266)",Acopiara,,,6,,ACOPIARA,
702,2021-08-17 18:30:32.014,,,false,2300408,"(-6.5712199211120605,-40.117801666259766)",Aiuaba,,,6,,AIUABA,
704,2021-08-17 18:30:33.447,,,false,2300606,"(-6.998370170593262,-39.735599517822266)",Altaneira,,,6,,ALTANEIRA,
705,2021-08-17 18:30:34.164,,,false,2300705,"(-5.50894021987915,-38.27429962158203)",Alto Santo,,,6,,ALTO SANTO,
706,2021-08-17 18:30:34.880,,,false,2300754,"(-3.3601698875427246,-39.828800201416016)",Amontada,,,6,,AMONTADA,
707,2021-08-17 18:30:35.597,,,false,2300804,"(-6.769189834594727,-39.98699951171875)",Antonina do Norte,,,6,,ANTONINA DO NORTE,
709,2021-08-17 18:30:37.031,,,false,2301000,"(-3.899290084838867,-38.38959884643555)",Aquiraz,,,6,,AQUIRAZ,
710,2021-08-17 18:30:37.748,,,false,2301109,"(-4.558259963989258,-37.76789855957031)",Aracati,,,6,,ARACATI,
711,2021-08-17 18:30:38.466,,,false,2301208,"(-4.368720054626465,-38.8125)",Aracoiaba,,,6,,ARACOIABA,
712,2021-08-17 18:30:39.184,,,false,2301257,"(-4.745669841766357,-40.83100128173828)",Ararendá,,,6,,ARARENDA,
713,2021-08-17 18:30:39.900,,,false,2301307,"(-7.213190078735352,-40.13589859008789)",Araripe,,,6,,ARARIPE,
715,2021-08-17 18:30:41.334,,,false,2301505,"(-6.316500186920166,-40.16529846191406)",Arneiroz,,,6,,ARNEIROZ,
716,2021-08-17 18:30:42.050,,,false,2301604,"(-6.8668999671936035,-39.868900299072266)",Assaré,,,6,,ASSARE,
717,2021-08-17 18:30:42.767,,,false,2301703,"(-6.933489799499512,-38.97420120239258)",Aurora,,,6,,AURORA,
718,2021-08-17 18:30:43.485,,,false,2301802,"(-6.719449996948242,-38.713401794433594)",Baixio,,,6,,BAIXIO,
720,2021-08-17 18:30:44.918,,,false,2301901,"(-7.2982001304626465,-39.302101135253906)",Barbalha,,,6,,BARBALHA,
721,2021-08-17 18:30:45.635,,,false,2301950,"(-4.289209842681885,-38.64289855957031)",Barreira,,,6,,BARREIRA,
722,2021-08-17 18:30:46.352,,,false,2302008,"(-7.171879768371582,-38.77410125732422)",Barro,,,6,,BARRO,
723,2021-08-17 18:30:47.069,,,false,2302057,"(-3.020509958267212,-41.135799407958984)",Barroquinha,,,6,,BARROQUINHA,
724,2021-08-17 18:30:47.785,,,false,2302107,"(-4.325980186462402,-38.88119888305664)",Baturité,,,6,,BATURITE,
726,2021-08-17 18:30:49.219,,,false,2302305,"(-3.049959897994995,-40.16709899902344)",Bela Cruz,,,6,,BELA CRUZ,
727,2021-08-17 18:30:49.936,,,false,2302404,"(-5.112579822540283,-39.733699798583984)",Boa Viagem,,,6,,BOA VIAGEM,
728,2021-08-17 18:30:50.656,,,false,2302503,"(-7.484690189361572,-38.97990036010742)",Brejo Santo,,,6,,BREJO SANTO,
729,2021-08-17 18:30:51.372,,,false,2302602,"(-2.9005000591278076,-40.854400634765625)",Camocim,,,6,,CAMOCIM,
731,2021-08-17 18:30:52.805,,,false,2302800,"(-4.351620197296143,-39.31549835205078)",Canindé,,,6,,CANINDE,
732,2021-08-17 18:30:53.521,,,false,2302909,"(-4.455689907073975,-38.90480041503906)",Capistrano,,,6,,CAPISTRANO,
733,2021-08-17 18:30:54.239,,,false,2303006,"(-4.22514009475708,-39.191200256347656)",Caridade,,,6,,CARIDADE,
734,2021-08-17 18:30:54.955,,,false,2303105,"(-3.948580026626587,-40.47600173950195)",Cariré,,,6,,CARIRE,
735,2021-08-17 18:30:55.673,,,false,2303204,"(-7.028079986572266,-39.282798767089844)",Caririaçu,,,6,,CARIRIACU,
737,2021-08-17 18:30:57.106,,,false,2303402,"(-4.159850120544434,-40.94129943847656)",Carnaubal,,,6,,CARNAUBAL,
738,2021-08-17 18:30:57.820,,,false,2303501,"(-4.129670143127441,-38.2411994934082)",Cascavel,,,6,,CASCAVEL,
739,2021-08-17 18:30:58.537,,,false,2303600,"(-6.122910022735596,-39.873600006103516)",Catarina,,,6,,CATARINA,
740,2021-08-17 18:30:59.254,,,false,2303659,"(-4.643360137939453,-40.20000076293945)",Catunda,,,6,,CATUNDA,
742,2021-08-17 18:31:00.687,,,false,2303808,"(-6.600339889526367,-39.0609016418457)",Cedro,,,6,,CEDRO,
743,2021-08-17 18:31:01.404,,,false,2303907,"(-3.035710096359253,-41.243499755859375)",Chaval,,,6,,CHAVAL,
744,2021-08-17 18:31:02.121,,,false,2303931,"(-4.839059829711914,-39.1343994140625)",Choró,,,6,,CHORO,
745,2021-08-17 18:31:02.839,,,false,2303956,"(-4.288730144500732,-38.498600006103516)",Chorozinho,,,6,,CHOROZINHO,
746,2021-08-17 18:31:03.554,,,false,2304004,"(-3.5415000915527344,-40.65869903564453)",Coreaú,,,6,,COREAU,
748,2021-08-17 18:31:04.989,,,false,2304202,"(-7.2153000831604,-39.410301208496094)",Crato,,,6,,CRATO,
749,2021-08-17 18:31:05.708,,,false,2304236,"(-4.404809951782227,-40.902198791503906)",Croatá,,,6,,CROATA,
750,2021-08-17 18:31:06.424,,,false,2304251,"(-2.9181299209594727,-40.17599868774414)",Cruz,,,6,,CRUZ,
751,2021-08-17 18:31:07.143,,,false,2304269,"(-5.914850234985352,-39.25699996948242)",Deputado Irapuan Pinheiro,,,6,,DEPUTADO IRAPUAN PINHEIRO,
752,2021-08-17 18:31:07.867,,,false,2304277,"(-6.027510166168213,-38.346099853515625)",Ererê,,,6,,ERERE,
754,2021-08-17 18:31:09.369,,,false,2304301,"(-6.921460151672363,-39.565101623535156)",Farias Brito,,,6,,FARIAS BRITO,
755,2021-08-17 18:31:10.085,,,false,2304350,"(-3.799449920654297,-40.26340103149414)",Forquilha,,,6,,FORQUILHA,
756,2021-08-17 18:31:10.800,,,false,2304400,"(-3.716639995574951,-38.542301177978516)",Fortaleza,,,6,,FORTALEZA,
757,2021-08-17 18:31:11.516,,,false,2304459,"(-4.451260089874268,-37.798099517822266)",Fortim,,,6,,FORTIM,
759,2021-08-17 18:31:12.952,,,false,2304608,"(-4.0435099601745605,-39.45399856567383)",General Sampaio,,,6,,GENERAL SAMPAIO,
760,2021-08-17 18:31:13.669,,,false,2304657,"(-4.044219970703125,-40.749000549316406)",Graça,,,6,,GRACA,
761,2021-08-17 18:31:14.390,,,false,2304707,"(-3.127880096435547,-40.83720016479492)",Granja,,,6,,GRANJA,
762,2021-08-17 18:31:15.107,,,false,2304806,"(-6.881340026855469,-39.21440124511719)",Granjeiro,,,6,,GRANJEIRO,
764,2021-08-17 18:31:16.564,,,false,2304954,"(-4.04056978225708,-38.64039993286133)",Guaiúba,,,6,,GUAIUBA,
765,2021-08-17 18:31:17.281,,,false,2305001,"(-4.158140182495117,-40.74760055541992)",Guaraciaba do Norte,,,6,,GUARACIABA DO NORTE,
5562,2021-08-17 19:32:02.730,,,false,1721307,"(-8.393879890441895,-48.12770080566406)",Tupiratins,,,27,,TUPIRATINS,
767,2021-08-17 18:31:18.714,,,false,2305209,"(-4.409580230712891,-40.405601501464844)",Hidrolândia,,,6,,HIDROLANDIA,
769,2021-08-17 18:31:20.148,,,false,2305266,"(-4.803760051727295,-38.750099182128906)",Ibaretama,,,6,,IBARETAMA,
770,2021-08-17 18:31:20.865,,,false,2305308,"(-3.924030065536499,-40.8911018371582)",Ibiapina,,,6,,IBIAPINA,
771,2021-08-17 18:31:21.585,,,false,2305332,"(-4.969989776611328,-38.636199951171875)",Ibicuitinga,,,6,,IBICUITINGA,
772,2021-08-17 18:31:22.322,,,false,2305357,"(-4.71205997467041,-37.35309982299805)",Icapuí,,,6,,ICAPUI,
773,2021-08-17 18:31:23.039,,,false,2305407,"(-6.396269798278809,-38.85540008544922)",Icó,,,6,,ICO,
774,2021-08-17 18:31:23.756,,,false,2305506,"(-6.362810134887695,-39.28919982910156)",Iguatu,,,6,,IGUATU,
776,2021-08-17 18:31:25.189,,,false,2305654,"(-4.897640228271484,-40.753700256347656)",Ipaporanga,,,6,,IPAPORANGA,
777,2021-08-17 18:31:25.905,,,false,2305704,"(-6.782649993896484,-38.717899322509766)",Ipaumirim,,,6,,IPAUMIRIM,
778,2021-08-17 18:31:26.628,,,false,2305803,"(-4.317480087280273,-40.70589828491211)",Ipu,,,6,,IPU,
779,2021-08-17 18:31:27.344,,,false,2305902,"(-4.538020133972168,-40.71179962158203)",Ipueiras,,,6,,IPUEIRAS,
781,2021-08-17 18:31:28.782,,,false,2306108,"(-3.7473700046539307,-39.7843017578125)",Irauçuba,,,6,,IRAUCUBA,
782,2021-08-17 18:31:29.499,,,false,2306207,"(-4.671460151672363,-37.83300018310547)",Itaiçaba,,,6,,ITAICABA,
783,2021-08-17 18:31:30.218,,,false,2306256,"(-3.9657700061798096,-38.52980041503906)",Itaitinga,,,6,,ITAITINGA,
784,2021-08-17 18:31:30.934,,,false,2306306,"(-3.6831400394439697,-39.58549880981445)",Itapagé,,,6,,ITAPAGE,
786,2021-08-17 18:31:32.370,,,false,2306504,"(-4.555160045623779,-38.9281005859375)",Itapiúna,,,6,,ITAPIUNA,
787,2021-08-17 18:31:33.085,,,false,2306553,"(-2.924799919128418,-39.91669845581055)",Itarema,,,6,,ITAREMA,
788,2021-08-17 18:31:33.803,,,false,2306603,"(-4.526080131530762,-39.620201110839844)",Itatira,,,6,,ITATIRA,
789,2021-08-17 18:31:34.520,,,false,2306702,"(-5.605100154876709,-38.76390075683594)",Jaguaretama,,,6,,JAGUARETAMA,
791,2021-08-17 18:31:35.950,,,false,2306900,"(-5.902130126953125,-38.62269973754883)",Jaguaribe,,,6,,JAGUARIBE,
792,2021-08-17 18:31:36.667,,,false,2307007,"(-4.831510066986084,-37.78099822998047)",Jaguaruana,,,6,,JAGUARUANA,
793,2021-08-17 18:31:37.384,,,false,2307106,"(-7.575990200042725,-39.28260040283203)",Jardim,,,6,,JARDIM,
794,2021-08-17 18:31:38.103,,,false,2307205,"(-7.679699897766113,-39.002899169921875)",Jati,,,6,,JATI,
796,2021-08-17 18:31:39.560,,,false,2307304,"(-7.196209907531738,-39.30759811401367)",Juazeiro do Norte,,,6,,JUAZEIRO DO NORTE,
797,2021-08-17 18:31:40.277,,,false,2307403,"(-6.515230178833008,-39.518699645996094)",Jucás,,,6,,JUCAS,
798,2021-08-17 18:31:40.994,,,false,2307502,"(-6.744800090789795,-38.97060012817383)",Lavras da Mangabeira,,,6,,LAVRAS DA MANGABEIRA,
799,2021-08-17 18:31:41.715,,,false,2307601,"(-5.143919944763184,-38.08470153808594)",Limoeiro do Norte,,,6,,LIMOEIRO DO NORTE,
800,2021-08-17 18:31:42.432,,,false,2307635,"(-4.846010208129883,-39.5724983215332)",Madalena,,,6,,MADALENA,
802,2021-08-17 18:31:43.866,,,false,2307700,"(-3.891429901123047,-38.682899475097656)",Maranguape,,,6,,MARANGUAPE,
803,2021-08-17 18:31:44.582,,,false,2307809,"(-3.128499984741211,-40.158199310302734)",Marco,,,6,,MARCO,
804,2021-08-17 18:31:45.299,,,false,2307908,"(-3.2251999378204346,-40.68960189819336)",Martinópole,,,6,,MARTINOPOLE,
805,2021-08-17 18:31:46.015,,,false,2308005,"(-3.5236399173736572,-40.34230041503906)",Massapê,,,6,,MASSAPE,
806,2021-08-17 18:31:46.732,,,false,2308104,"(-7.385970115661621,-38.77080154418945)",Mauriti,,,6,,MAURITI,
808,2021-08-17 18:31:48.166,,,false,2308302,"(-7.297490119934082,-38.937801361083984)",Milagres,,,6,,MILAGRES,
809,2021-08-17 18:31:48.883,,,false,2308351,"(-5.672520160675049,-39.1875)",Milhã,,,6,,MILHA,
810,2021-08-17 18:31:49.598,,,false,2308377,"(-3.5686700344085693,-39.96630096435547)",Miraíma,,,6,,MIRAIMA,
811,2021-08-17 18:31:50.350,,,false,2308401,"(-7.235219955444336,-39.143001556396484)",Missão Velha,,,6,,MISSAO VELHA,
812,2021-08-17 18:31:51.066,,,false,2308500,"(-5.738440036773682,-39.630001068115234)",Mombaça,,,6,,MOMBACA,
814,2021-08-17 18:31:52.500,,,false,2308708,"(-5.097360134124756,-38.370201110839844)",Morada Nova,,,6,,MORADA NOVA,
815,2021-08-17 18:31:53.216,,,false,2308807,"(-3.4631099700927734,-40.6776008605957)",Moraújo,,,6,,MORAUJO,
816,2021-08-17 18:31:53.933,,,false,2308906,"(-3.234260082244873,-40.12329864501953)",Morrinhos,,,6,,MORRINHOS,
817,2021-08-17 18:31:54.650,,,false,2309003,"(-3.9027099609375,-40.745201110839844)",Mucambo,,,6,,MUCAMBO,
818,2021-08-17 18:31:55.366,,,false,2309102,"(-4.3029398918151855,-38.99509811401367)",Mulungu,,,6,,MULUNGU,
820,2021-08-17 18:31:56.808,,,false,2309300,"(-4.705810070037842,-40.56209945678711)",Nova Russas,,,6,,NOVA RUSSAS,
821,2021-08-17 18:31:57.522,,,false,2309409,"(-5.525519847869873,-40.77130126953125)",Novo Oriente,,,6,,NOVO ORIENTE,
822,2021-08-17 18:31:58.236,,,false,2309458,"(-4.485229969024658,-38.593299865722656)",Ocara,,,6,,OCARA,
823,2021-08-17 18:31:58.953,,,false,2309508,"(-6.251820087432861,-38.90530014038086)",Orós,,,6,,OROS,
824,2021-08-17 18:31:59.674,,,false,2309607,"(-4.171070098876953,-38.46500015258789)",Pacajus,,,6,,PACAJUS,
826,2021-08-17 18:32:01.111,,,false,2309805,"(-4.22491979598999,-38.922000885009766)",Pacoti,,,6,,PACOTI,
827,2021-08-17 18:32:01.827,,,false,2309904,"(-3.9832699298858643,-40.69889831542969)",Pacujá,,,6,,PACUJA,
828,2021-08-17 18:32:02.544,,,false,2310001,"(-4.736720085144043,-37.96549987792969)",Palhano,,,6,,PALHANO,
829,2021-08-17 18:32:03.260,,,false,2310100,"(-4.138309955596924,-38.844600677490234)",Palmácia,,,6,,PALMACIA,
830,2021-08-17 18:32:03.978,,,false,2310209,"(-3.4143600463867188,-39.029998779296875)",Paracuru,,,6,,PARACURU,
832,2021-08-17 18:32:05.411,,,false,2310308,"(-6.2076802253723145,-40.69049835205078)",Parambu,,,6,,PARAMBU,
833,2021-08-17 18:32:06.128,,,false,2310407,"(-4.0881500244140625,-39.24169921875)",Paramoti,,,6,,PARAMOTI,
834,2021-08-17 18:32:06.845,,,false,2310506,"(-5.4534101486206055,-39.707801818847656)",Pedra Branca,,,6,,PEDRA BRANCA,
835,2021-08-17 18:32:07.562,,,false,2310605,"(-7.821630001068115,-39.070701599121094)",Penaforte,,,6,,PENAFORTE,
5606,2021-08-17 19:32:05.795,,,false,5006275,"(-19.0216007232666,-53.011600494384766)",Paraíso das Águas,,,12,,PARAISO DAS AGUAS,
839,2021-08-17 18:32:10.426,,,false,2310902,"(-5.800250053405762,-39.41699981689453)",Piquet Carneiro,,,6,,PIQUET CARNEIRO,
840,2021-08-17 18:32:11.143,,,false,2310951,"(-4.239220142364502,-40.64419937133789)",Pires Ferreira,,,6,,PIRES FERREIRA,
841,2021-08-17 18:32:11.860,,,false,2311009,"(-4.746719837188721,-40.920501708984375)",Poranga,,,6,,PORANGA,
842,2021-08-17 18:32:12.577,,,false,2311108,"(-7.522649765014648,-39.11399841308594)",Porteiras,,,6,,PORTEIRAS,
844,2021-08-17 18:32:14.010,,,false,2311231,"(-5.712870121002197,-38.157798767089844)",Potiretama,,,6,,POTIRETAMA,
845,2021-08-17 18:32:14.727,,,false,2311264,"(-5.84250020980835,-40.700199127197266)",Quiterianópolis,,,6,,QUITERIANOPOLIS,
846,2021-08-17 18:32:15.444,,,false,2311306,"(-4.966300010681152,-39.015499114990234)",Quixadá,,,6,,QUIXADA,
847,2021-08-17 18:32:16.160,,,false,2311355,"(-6.2463698387146,-39.20109939575195)",Quixelô,,,6,,QUIXELO,
849,2021-08-17 18:32:17.597,,,false,2311504,"(-5.071479797363281,-37.980201721191406)",Quixeré,,,6,,QUIXERE,
850,2021-08-17 18:32:18.314,,,false,2311603,"(-4.215869903564453,-38.727699279785156)",Redenção,,,6,,REDENCAO,
851,2021-08-17 18:32:19.028,,,false,2311702,"(-4.141910076141357,-40.57590103149414)",Reriutaba,,,6,,RERIUTABA,
852,2021-08-17 18:32:19.744,,,false,2311801,"(-4.926730155944824,-37.97209930419922)",Russas,,,6,,RUSSAS,
853,2021-08-17 18:32:20.461,,,false,2311900,"(-6.534599781036377,-39.90169906616211)",Saboeiro,,,6,,SABOEIRO,
854,2021-08-17 18:32:21.178,,,false,2311959,"(-7.283979892730713,-40.45000076293945)",Salitre,,,6,,SALITRE,
856,2021-08-17 18:32:22.619,,,false,2312007,"(-3.461440086364746,-40.21179962158203)",Santana do Acaraú,,,6,,SANTANA DO ACARAU,
857,2021-08-17 18:32:23.343,,,false,2312106,"(-7.1761298179626465,-39.730201721191406)",Santana do Cariri,,,6,,SANTANA DO CARIRI,
858,2021-08-17 18:32:24.060,,,false,2312304,"(-4.047130107879639,-40.85960006713867)",São Benedito,,,6,,SAO BENEDITO,
860,2021-08-17 18:32:25.493,,,false,2312502,"(-5.27515983581543,-38.26940155029297)",São João do Jaguaribe,,,6,,SAO JOAO DO JAGUARIBE,
861,2021-08-17 18:32:26.210,,,false,2312601,"(-3.66975998878479,-39.23910140991211)",São Luís do Curu,,,6,,SAO LUIS DO CURU,
862,2021-08-17 18:32:26.929,,,false,2312700,"(-5.58243989944458,-39.370399475097656)",Senador Pompeu,,,6,,SENADOR POMPEU,
863,2021-08-17 18:32:27.646,,,false,2312809,"(-3.3530499935150146,-40.46620178222656)",Senador Sá,,,6,,SENADOR SA,
865,2021-08-17 18:32:29.080,,,false,2313005,"(-5.718939781188965,-39.01070022583008)",Solonópole,,,6,,SOLONOPOLE,
866,2021-08-17 18:32:29.796,,,false,2313104,"(-5.243529796600342,-38.12820053100586)",Tabuleiro do Norte,,,6,,TABULEIRO DO NORTE,
867,2021-08-17 18:32:30.518,,,false,2313203,"(-4.83135986328125,-40.31959915161133)",Tamboril,,,6,,TAMBORIL,
869,2021-08-17 18:32:31.953,,,false,2313302,"(-5.985849857330322,-40.29679870605469)",Tauá,,,6,,TAUA,
870,2021-08-17 18:32:32.670,,,false,2313351,"(-3.9883100986480713,-39.579898834228516)",Tejuçuoca,,,6,,TEJUCUOCA,
871,2021-08-17 18:32:33.394,,,false,2313401,"(-3.7296500205993652,-40.9922981262207)",Tianguá,,,6,,TIANGUA,
872,2021-08-17 18:32:34.118,,,false,2313500,"(-3.269320011138916,-39.26810073852539)",Trairi,,,6,,TRAIRI,
873,2021-08-17 18:32:34.835,,,false,2313559,"(-3.584130048751831,-39.4296989440918)",Tururu,,,6,,TURURU,
874,2021-08-17 18:32:35.553,,,false,2313609,"(-3.854480028152466,-40.9203987121582)",Ubajara,,,6,,UBAJARA,
876,2021-08-17 18:32:36.985,,,false,2313757,"(-3.676539897918701,-39.346500396728516)",Umirim,,,6,,UMIRIM,
877,2021-08-17 18:32:37.702,,,false,2313807,"(-3.623159885406494,-39.51070022583008)",Uruburetama,,,6,,URUBURETAMA,
878,2021-08-17 18:32:38.419,,,false,2313906,"(-3.308190107345581,-40.562801361083984)",Uruoca,,,6,,URUOCA,
879,2021-08-17 18:32:39.133,,,false,2313955,"(-4.1938700675964355,-40.474098205566406)",Varjota,,,6,,VARJOTA,
881,2021-08-17 18:32:40.565,,,false,2314102,"(-3.566699981689453,-41.09159851074219)",Viçosa do Ceará,,,6,,VICOSA DO CEARA,
882,2021-08-17 18:32:41.282,,,false,5300108,"(-15.779500007629395,-47.9296989440918)",Brasília,,,7,,BRASILIA,
883,2021-08-17 18:32:41.998,,,false,5200050,"(-16.757299423217773,-49.441200256347656)",Abadia de Goiás,,,9,,ABADIA DE GOIAS,
884,2021-08-17 18:32:42.724,,,false,5200100,"(-16.19700050354004,-48.7056999206543)",Abadiânia,,,9,,ABADIANIA,
885,2021-08-17 18:32:43.441,,,false,5200134,"(-17.395999908447266,-50.374900817871094)",Acreúna,,,9,,ACREUNA,
887,2021-08-17 18:32:44.875,,,false,5200175,"(-14.977800369262695,-47.78229904174805)",Água Fria de Goiás,,,9,,AGUA FRIA DE GOIAS,
888,2021-08-17 18:32:45.592,,,false,5200209,"(-18.07710075378418,-48.76029968261719)",Água Limpa,,,9,,AGUA LIMPA,
889,2021-08-17 18:32:46.308,,,false,5200258,"(-15.761699676513672,-48.28160095214844)",Águas Lindas de Goiás,,,9,,AGUAS LINDAS DE GOIAS,
891,2021-08-17 18:32:47.739,,,false,5200506,"(-17.72920036315918,-49.476898193359375)",Aloândia,,,9,,ALOANDIA,
892,2021-08-17 18:32:48.456,,,false,5200555,"(-14.197799682617188,-49.337799072265625)",Alto Horizonte,,,9,,ALTO HORIZONTE,
893,2021-08-17 18:32:49.173,,,false,5200605,"(-14.130499839782715,-47.5099983215332)",Alto Paraíso de Goiás,,,9,,ALTO PARAISO DE GOIAS,
895,2021-08-17 18:32:50.642,,,false,5200829,"(-13.923600196838379,-49.296199798583984)",Amaralina,,,9,,AMARALINA,
896,2021-08-17 18:32:51.364,,,false,5200852,"(-16.251399993896484,-49.98310089111328)",Americano do Brasil,,,9,,AMERICANO DO BRASIL,
897,2021-08-17 18:32:52.090,,,false,5200902,"(-16.615100860595703,-51.09189987182617)",Amorinópolis,,,9,,AMORINOPOLIS,
898,2021-08-17 18:32:52.806,,,false,5201108,"(-16.328100204467773,-48.952999114990234)",Anápolis,,,9,,ANAPOLIS,
899,2021-08-17 18:32:53.523,,,false,5201207,"(-18.333900451660156,-48.220401763916016)",Anhanguera,,,9,,ANHANGUERA,
901,2021-08-17 18:32:54.958,,,false,5201405,"(-16.819799423217773,-49.24689865112305)",Aparecida de Goiânia,,,9,,APARECIDA DE GOIANIA,
902,2021-08-17 18:32:57.303,,,false,5201454,"(-18.294099807739258,-51.1515998840332)",Aparecida do Rio Doce,,,9,,APARECIDA DO RIO DOCE,
903,2021-08-17 18:32:58.019,,,false,5201504,"(-18.9606990814209,-51.92319869995117)",Aporé,,,9,,APORE,
904,2021-08-17 18:32:58.734,,,false,5201603,"(-16.356300354003906,-49.68040084838867)",Araçu,,,9,,ARACU,
906,2021-08-17 18:33:00.168,,,false,5201801,"(-16.908700942993164,-49.447601318359375)",Aragoiânia,,,9,,ARAGOIANIA,
22,2021-08-17 19:32:12.661,,,false,3201803,"(-20.622900009155273,-41.69369888305664)",Divino de São Lourenço,,,8,,DIVINO DE SAO LOURENCO,
908,2021-08-17 18:33:01.610,,,false,5202353,"(-16.383699417114258,-51.55630111694336)",Arenópolis,,,9,,ARENOPOLIS,
910,2021-08-17 18:33:03.043,,,false,5202601,"(-16.67729949951172,-50.4640998840332)",Aurilândia,,,9,,AURILANDIA,
911,2021-08-17 18:33:03.760,,,false,5202809,"(-16.467199325561523,-49.75790023803711)",Avelinópolis,,,9,,AVELINOPOLIS,
912,2021-08-17 18:33:04.477,,,false,5203104,"(-16.19659996032715,-52.53929901123047)",Baliza,,,9,,BALIZA,
913,2021-08-17 18:33:05.194,,,false,5203203,"(-14.965800285339355,-48.908599853515625)",Barro Alto,,,9,,BARRO ALTO,
915,2021-08-17 18:33:06.627,,,false,5203401,"(-16.206300735473633,-52.17279815673828)",Bom Jardim de Goiás,,,9,,BOM JARDIM DE GOIAS,
916,2021-08-17 18:33:07.342,,,false,5203500,"(-18.217300415039062,-49.7400016784668)",Bom Jesus de Goiás,,,9,,BOM JESUS DE GOIAS,
917,2021-08-17 18:33:08.059,,,false,5203559,"(-16.617300033569336,-48.96160125732422)",Bonfinópolis,,,9,,BONFINOPOLIS,
918,2021-08-17 18:33:08.775,,,false,5203575,"(-13.63290023803711,-49.81060028076172)",Bonópolis,,,9,,BONOPOLIS,
920,2021-08-17 18:33:10.204,,,false,5203807,"(-15.242799758911133,-51.16019821166992)",Britânia,,,9,,BRITANIA,
921,2021-08-17 18:33:10.922,,,false,5203906,"(-18.137800216674805,-49.040401458740234)",Buriti Alegre,,,9,,BURITI ALEGRE,
922,2021-08-17 18:33:11.640,,,false,5203939,"(-16.17919921875,-50.430198669433594)",Buriti de Goiás,,,9,,BURITI DE GOIAS,
923,2021-08-17 18:33:12.357,,,false,5203962,"(-14.47719955444336,-46.40760040283203)",Buritinópolis,,,9,,BURITINOPOLIS,
925,2021-08-17 18:33:13.793,,,false,5204102,"(-18.76180076599121,-50.943199157714844)",Cachoeira Alta,,,9,,CACHOEIRA ALTA,
926,2021-08-17 18:33:14.510,,,false,5204201,"(-16.66349983215332,-50.645999908447266)",Cachoeira de Goiás,,,9,,CACHOEIRA DE GOIAS,
927,2021-08-17 18:33:15.227,,,false,5204250,"(-18.48590087890625,-49.476600646972656)",Cachoeira Dourada,,,9,,CACHOEIRA DOURADA,
928,2021-08-17 18:33:15.944,,,false,5204300,"(-18.55940055847168,-51.1328010559082)",Caçu,,,9,,CACU,
930,2021-08-17 18:33:17.377,,,false,5204508,"(-17.74410057067871,-48.62459945678711)",Caldas Novas,,,9,,CALDAS NOVAS,
931,2021-08-17 18:33:18.094,,,false,5204557,"(-16.711700439453125,-49.00130081176758)",Caldazinha,,,9,,CALDAZINHA,
932,2021-08-17 18:33:18.810,,,false,5204607,"(-16.762399673461914,-49.69499969482422)",Campestre de Goiás,,,9,,CAMPESTRE DE GOIAS,
933,2021-08-17 18:33:19.528,,,false,5204656,"(-13.786999702453613,-48.57040023803711)",Campinaçu,,,9,,CAMPINACU,
935,2021-08-17 18:33:20.969,,,false,5204805,"(-17.63629913330078,-47.776798248291016)",Campo Alegre de Goiás,,,9,,CAMPO ALEGRE DE GOIAS,
936,2021-08-17 18:33:21.693,,,false,5204854,"(-16.297100067138672,-49.089500427246094)",Campo Limpo de Goiás,,,9,,CAMPO LIMPO DE GOIAS,
937,2021-08-17 18:33:22.411,,,false,5204904,"(-13.03499984741211,-46.76810073852539)",Campos Belos,,,9,,CAMPOS BELOS,
939,2021-08-17 18:33:23.845,,,false,5205000,"(-15.354900360107422,-49.70800018310547)",Carmo do Rio Verde,,,9,,CARMO DO RIO VERDE,
940,2021-08-17 18:33:24.561,,,false,5205059,"(-18.092100143432617,-50.202999114990234)",Castelândia,,,9,,CASTELANDIA,
941,2021-08-17 18:33:25.279,,,false,5205109,"(-18.165599822998047,-47.944000244140625)",Catalão,,,9,,CATALAO,
942,2021-08-17 18:33:25.995,,,false,5205208,"(-16.444700241088867,-49.49359893798828)",Caturaí,,,9,,CATURAI,
944,2021-08-17 18:33:27.427,,,false,5205406,"(-15.306099891662598,-49.599998474121094)",Ceres,,,9,,CERES,
945,2021-08-17 18:33:28.150,,,false,5205455,"(-16.971799850463867,-49.77579879760742)",Cezarina,,,9,,CEZARINA,
946,2021-08-17 18:33:28.869,,,false,5205471,"(-18.40730094909668,-52.54899978637695)",Chapadão do Céu,,,9,,CHAPADAO DO CEU,
947,2021-08-17 18:33:29.586,,,false,5205497,"(-16.076499938964844,-47.925201416015625)",Cidade Ocidental,,,9,,CIDADE OCIDENTAL,
949,2021-08-17 18:33:31.029,,,false,5205521,"(-14.152799606323242,-48.07600021362305)",Colinas do Sul,,,9,,COLINAS DO SUL,
950,2021-08-17 18:33:31.746,,,false,5205703,"(-16.291799545288086,-50.55030059814453)",Córrego do Ouro,,,9,,CORREGO DO OURO,
951,2021-08-17 18:33:32.463,,,false,5205802,"(-15.924500465393066,-48.81169891357422)",Corumbá de Goiás,,,9,,CORUMBA DE GOIAS,
952,2021-08-17 18:33:33.193,,,false,5205901,"(-18.14150047302246,-48.562599182128906)",Corumbaíba,,,9,,CORUMBAIBA,
954,2021-08-17 18:33:34.627,,,false,5206305,"(-17.198699951171875,-48.703399658203125)",Cristianópolis,,,9,,CRISTIANOPOLIS,
955,2021-08-17 18:33:35.344,,,false,5206404,"(-14.541199684143066,-49.9739990234375)",Crixás,,,9,,CRIXAS,
956,2021-08-17 18:33:36.061,,,false,5206503,"(-17.288299560546875,-49.379798889160156)",Cromínia,,,9,,CROMINIA,
957,2021-08-17 18:33:36.778,,,false,5206602,"(-18.264400482177734,-48.151100158691406)",Cumari,,,9,,CUMARI,
958,2021-08-17 18:33:37.494,,,false,5206701,"(-14.560400009155273,-46.178001403808594)",Damianópolis,,,9,,DAMIANOPOLIS,
960,2021-08-17 18:33:38.926,,,false,5206909,"(-18.150100708007812,-47.556800842285156)",Davinópolis,,,9,,DAVINOPOLIS,
961,2021-08-17 18:33:39.642,,,false,5207105,"(-16.232900619506836,-51.25429916381836)",Diorama,,,9,,DIORAMA,
962,2021-08-17 18:33:40.364,,,false,5208301,"(-13.285300254821777,-46.399898529052734)",Divinópolis de Goiás,,,9,,DIVINOPOLIS DE GOIAS,
963,2021-08-17 18:33:41.081,,,false,5207253,"(-16.718799591064453,-52.31890106201172)",Doverlândia,,,9,,DOVERLANDIA,
965,2021-08-17 18:33:42.535,,,false,5207402,"(-17.340599060058594,-49.929500579833984)",Edéia,,,9,,EDEIA,
966,2021-08-17 18:33:43.252,,,false,5207501,"(-13.866499900817871,-49.07160186767578)",Estrela do Norte,,,9,,ESTRELA DO NORTE,
967,2021-08-17 18:33:43.968,,,false,5207535,"(-15.44729995727539,-50.36220169067383)",Faina,,,9,,FAINA,
968,2021-08-17 18:33:44.683,,,false,5207600,"(-16.183399200439453,-50.778099060058594)",Fazenda Nova,,,9,,FAZENDA NOVA,
970,2021-08-17 18:33:46.116,,,false,5207907,"(-14.445099830627441,-47.04169845581055)",Flores de Goiás,,,9,,FLORES DE GOIAS,
971,2021-08-17 18:33:46.833,,,false,5208004,"(-15.539999961853027,-47.33700180053711)",Formosa,,,9,,FORMOSA,
972,2021-08-17 18:33:47.550,,,false,5208103,"(-13.649900436401367,-48.877498626708984)",Formoso,,,9,,FORMOSO,
973,2021-08-17 18:33:48.267,,,false,5208152,"(-16.485374450683594,-48.645408630371094)",Gameleira de Goiás,,,9,,GAMELEIRA DE GOIAS,
975,2021-08-17 18:33:49.702,,,false,5208509,"(-18.13520050048828,-48.087501525878906)",Goiandira,,,9,,GOIANDIRA,
118,2021-08-17 19:32:35.063,,,false,2701704,"(-9.415040016174316,-36.08259963989258)",Capela,,,2,,CAPELA,
978,2021-08-17 18:33:51.853,,,false,5208806,"(-16.494699478149414,-49.426998138427734)",Goianira,,,9,,GOIANIRA,
979,2021-08-17 18:33:52.570,,,false,5208905,"(-15.933300018310547,-50.13999938964844)",Goiás,,,9,,GOIAS,
980,2021-08-17 18:33:53.290,,,false,5209101,"(-18.010499954223633,-49.36579895019531)",Goiatuba,,,9,,GOIATUBA,
981,2021-08-17 18:33:54.006,,,false,5209150,"(-18.62380027770996,-50.080501556396484)",Gouvelândia,,,9,,GOUVELANDIA,
982,2021-08-17 18:33:54.723,,,false,5209200,"(-16.829700469970703,-49.53450012207031)",Guapó,,,9,,GUAPO,
984,2021-08-17 18:33:56.156,,,false,5209408,"(-13.942099571228027,-46.48680114746094)",Guarani de Goiás,,,9,,GUARANI DE GOIAS,
985,2021-08-17 18:33:56.873,,,false,5209457,"(-14.72920036315918,-49.700599670410156)",Guarinos,,,9,,GUARINOS,
986,2021-08-17 18:33:57.590,,,false,5209606,"(-15.718999862670898,-49.82680130004883)",Heitoraí,,,9,,HEITORAI,
988,2021-08-17 18:33:59.021,,,false,5209804,"(-14.726099967956543,-49.463401794433594)",Hidrolina,,,9,,HIDROLINA,
989,2021-08-17 18:33:59.738,,,false,5209903,"(-14.101099967956543,-46.63349914550781)",Iaciara,,,9,,IACIARA,
990,2021-08-17 18:34:00.460,,,false,5209937,"(-18.486900329589844,-49.988800048828125)",Inaciolândia,,,9,,INACIOLANDIA,
991,2021-08-17 18:34:01.176,,,false,5209952,"(-17.138700485229492,-49.98619842529297)",Indiara,,,9,,INDIARA,
992,2021-08-17 18:34:01.893,,,false,5210000,"(-16.361099243164062,-49.500099182128906)",Inhumas,,,9,,INHUMAS,
993,2021-08-17 18:34:02.610,,,false,5210109,"(-17.721500396728516,-48.15810012817383)",Ipameri,,,9,,IPAMERI,
995,2021-08-17 18:34:04.044,,,false,5210208,"(-16.439800262451172,-51.11800003051758)",Iporá,,,9,,IPORA,
996,2021-08-17 18:34:04.758,,,false,5210307,"(-16.31439971923828,-50.90869903564453)",Israelândia,,,9,,ISRAELANDIA,
997,2021-08-17 18:34:05.475,,,false,5210406,"(-16.020599365234375,-49.805999755859375)",Itaberaí,,,9,,ITABERAI,
998,2021-08-17 18:34:06.192,,,false,5210562,"(-15.918000221252441,-49.60710144042969)",Itaguari,,,9,,ITAGUARI,
1000,2021-08-17 18:34:07.625,,,false,5210802,"(-19.06730079650879,-51.54949951171875)",Itajá,,,9,,ITAJA,
1001,2021-08-17 18:34:08.343,,,false,5210901,"(-14.952199935913086,-49.55110168457031)",Itapaci,,,9,,ITAPACI,
1002,2021-08-17 18:34:09.059,,,false,5211008,"(-15.820500373840332,-50.60940170288086)",Itapirapuã,,,9,,ITAPIRAPUA,
1003,2021-08-17 18:34:09.777,,,false,5211206,"(-15.560600280761719,-49.94900131225586)",Itapuranga,,,9,,ITAPURANGA,
1004,2021-08-17 18:34:10.492,,,false,5211305,"(-18.76460075378418,-51.3484992980957)",Itarumã,,,9,,ITARUMA,
1006,2021-08-17 18:34:11.938,,,false,5211503,"(-18.409299850463867,-49.21580123901367)",Itumbiara,,,9,,ITUMBIARA,
1007,2021-08-17 18:34:12.659,,,false,5211602,"(-16.59950065612793,-50.79209899902344)",Ivolândia,,,9,,IVOLANDIA,
1008,2021-08-17 18:34:13.376,,,false,5211701,"(-17.048099517822266,-50.145301818847656)",Jandaia,,,9,,JANDAIA,
1009,2021-08-17 18:34:14.095,,,false,5211800,"(-15.752900123596191,-49.33440017700195)",Jaraguá,,,9,,JARAGUA,
1010,2021-08-17 18:34:14.811,,,false,5211909,"(-17.878400802612305,-51.720401763916016)",Jataí,,,9,,JATAI,
1012,2021-08-17 18:34:16.250,,,false,5212055,"(-15.948399543762207,-49.3739013671875)",Jesúpolis,,,9,,JESUPOLIS,
1013,2021-08-17 18:34:16.967,,,false,5212105,"(-17.802000045776367,-49.61970138549805)",Joviânia,,,9,,JOVIANIA,
1014,2021-08-17 18:34:17.684,,,false,5212204,"(-15.865900039672852,-50.866798400878906)",Jussara,,,9,,JUSSARA,
1015,2021-08-17 18:34:18.398,,,false,5212253,"(-19.18324089050293,-51.399803161621094)",Lagoa Santa,,,9,,LAGOA SANTA,
1017,2021-08-17 18:34:19.831,,,false,5212501,"(-16.253000259399414,-47.95000076293945)",Luziânia,,,9,,LUZIANIA,
1018,2021-08-17 18:34:20.549,,,false,5212600,"(-17.297500610351562,-49.48979949951172)",Mairipotaba,,,9,,MAIRIPOTABA,
1019,2021-08-17 18:34:21.265,,,false,5212709,"(-14.4822998046875,-46.11650085449219)",Mambaí,,,9,,MAMBAI,
1020,2021-08-17 18:34:21.982,,,false,5212808,"(-14.014800071716309,-49.17770004272461)",Mara Rosa,,,9,,MARA ROSA,
1021,2021-08-17 18:34:22.699,,,false,5212907,"(-17.982999801635742,-48.64149856567383)",Marzagão,,,9,,MARZAGAO,
1023,2021-08-17 18:34:24.133,,,false,5213004,"(-17.971900939941406,-50.33879852294922)",Maurilândia,,,9,,MAURILANDIA,
1024,2021-08-17 18:34:24.849,,,false,5213053,"(-15.05150032043457,-48.16109848022461)",Mimoso de Goiás,,,9,,MIMOSO DE GOIAS,
1025,2021-08-17 18:34:25.566,,,false,5213087,"(-13.530400276184082,-48.22060012817383)",Minaçu,,,9,,MINACU,
1026,2021-08-17 18:34:26.283,,,false,5213103,"(-17.565399169921875,-52.5536994934082)",Mineiros,,,9,,MINEIROS,
1028,2021-08-17 18:34:27.717,,,false,5213509,"(-13.255200386047363,-46.892799377441406)",Monte Alegre de Goiás,,,9,,MONTE ALEGRE DE GOIAS,
1029,2021-08-17 18:34:28.434,,,false,5213707,"(-16.00589942932129,-51.39789962768555)",Montes Claros de Goiás,,,9,,MONTES CLAROS DE GOIAS,
1030,2021-08-17 18:34:29.155,,,false,5213756,"(-17.443899154663086,-51.17279815673828)",Montividiu,,,9,,MONTIVIDIU,
1032,2021-08-17 18:34:30.586,,,false,5213806,"(-17.733400344848633,-49.105899810791016)",Morrinhos,,,9,,MORRINHOS,
1033,2021-08-17 18:34:31.305,,,false,5213855,"(-15.318400382995605,-50.055301666259766)",Morro Agudo de Goiás,,,9,,MORRO AGUDO DE GOIAS,
1034,2021-08-17 18:34:32.022,,,false,5213905,"(-16.124000549316406,-50.213600158691406)",Mossâmedes,,,9,,MOSSAMEDES,
1035,2021-08-17 18:34:32.739,,,false,5214002,"(-14.745699882507324,-50.5713005065918)",Mozarlândia,,,9,,MOZARLANDIA,
1037,2021-08-17 18:34:34.172,,,false,5214101,"(-13.730299949645996,-49.27450180053711)",Mutunópolis,,,9,,MUTUNOPOLIS,
1038,2021-08-17 18:34:34.889,,,false,5214408,"(-16.580799102783203,-49.88169860839844)",Nazário,,,9,,NAZARIO,
1039,2021-08-17 18:34:35.606,,,false,5214507,"(-16.404699325561523,-49.22269821166992)",Nerópolis,,,9,,NEROPOLIS,
1040,2021-08-17 18:34:36.322,,,false,5214606,"(-14.46619987487793,-48.45989990234375)",Niquelândia,,,9,,NIQUELANDIA,
1041,2021-08-17 18:34:37.040,,,false,5214705,"(-15.020600318908691,-49.895301818847656)",Nova América,,,9,,NOVA AMERICA,
1043,2021-08-17 18:34:38.473,,,false,5214838,"(-14.09570026397705,-50.33000183105469)",Nova Crixás,,,9,,NOVA CRIXAS,
1044,2021-08-17 18:34:39.190,,,false,5214861,"(-15.145000457763672,-49.573699951171875)",Nova Glória,,,9,,NOVA GLORIA,
1045,2021-08-17 18:34:39.905,,,false,5214879,"(-14.286800384521484,-49.38719940185547)",Nova Iguaçu de Goiás,,,9,,NOVA IGUACU DE GOIAS,
162,2021-08-17 19:32:42.699,,,false,2705804,"(-9.503569602966309,-37.830101013183594)",Olho d`Água do Casado,,,2,,OLHO D`AGUA DO CASADO,
1048,2021-08-17 18:34:42.055,,,false,5215207,"(-16.031299591064453,-50.711299896240234)",Novo Brasil,,,9,,NOVO BRASIL,
1049,2021-08-17 18:34:42.770,,,false,5215231,"(-16.059200286865234,-48.04169845581055)",Novo Gama,,,9,,NOVO GAMA,
1050,2021-08-17 18:34:43.486,,,false,5215256,"(-13.242400169372559,-49.50600051879883)",Novo Planalto,,,9,,NOVO PLANALTO,
1051,2021-08-17 18:34:44.203,,,false,5215306,"(-17.03339958190918,-48.2963981628418)",Orizona,,,9,,ORIZONA,
1053,2021-08-17 18:34:45.639,,,false,5215504,"(-18.227699279785156,-47.83549880981445)",Ouvidor,,,9,,OUVIDOR,
1054,2021-08-17 18:34:46.356,,,false,5215603,"(-15.160499572753906,-48.28329849243164)",Padre Bernardo,,,9,,PADRE BERNARDO,
1055,2021-08-17 18:34:47.098,,,false,5215652,"(-16.739200592041016,-51.53089904785156)",Palestina de Goiás,,,9,,PALESTINA DE GOIAS,
1056,2021-08-17 18:34:47.814,,,false,5215702,"(-16.804399490356445,-49.92399978637695)",Palmeiras de Goiás,,,9,,PALMEIRAS DE GOIAS,
1057,2021-08-17 18:34:48.532,,,false,5215801,"(-17.3257999420166,-48.42599868774414)",Palmelo,,,9,,PALMELO,
1059,2021-08-17 18:34:49.965,,,false,5216007,"(-18.178300857543945,-49.35499954223633)",Panamá,,,9,,PANAMA,
1060,2021-08-17 18:34:50.682,,,false,5216304,"(-18.914100646972656,-50.653900146484375)",Paranaiguara,,,9,,PARANAIGUARA,
1061,2021-08-17 18:34:51.399,,,false,5216403,"(-16.946300506591797,-50.44839859008789)",Paraúna,,,9,,PARAUNA,
1062,2021-08-17 18:34:52.116,,,false,5216452,"(-17.525800704956055,-52.064998626708984)",Perolândia,,,9,,PEROLANDIA,
1064,2021-08-17 18:34:53.549,,,false,5216908,"(-14.7608003616333,-49.578399658203125)",Pilar de Goiás,,,9,,PILAR DE GOIAS,
1065,2021-08-17 18:34:54.266,,,false,5217104,"(-17.302000045776367,-49.016998291015625)",Piracanjuba,,,9,,PIRACANJUBA,
1066,2021-08-17 18:34:54.983,,,false,5217203,"(-16.425800323486328,-51.82350158691406)",Piranhas,,,9,,PIRANHAS,
1067,2021-08-17 18:34:55.701,,,false,5217302,"(-15.850700378417969,-48.95840072631836)",Pirenópolis,,,9,,PIRENOPOLIS,
1068,2021-08-17 18:34:56.416,,,false,5217401,"(-17.30190086364746,-48.276798248291016)",Pires do Rio,,,9,,PIRES DO RIO,
1070,2021-08-17 18:34:57.850,,,false,5217708,"(-17.522499084472656,-49.44889831542969)",Pontalina,,,9,,PONTALINA,
1071,2021-08-17 18:34:58.567,,,false,5218003,"(-13.43910026550293,-49.150299072265625)",Porangatu,,,9,,PORANGATU,
1072,2021-08-17 18:34:59.284,,,false,5218052,"(-17.814300537109375,-50.16529846191406)",Porteirão,,,9,,PORTEIRAO,
1073,2021-08-17 18:35:00.001,,,false,5218102,"(-17.35540008544922,-52.679901123046875)",Portelândia,,,9,,PORTELANDIA,
1075,2021-08-17 18:35:01.434,,,false,5218391,"(-17.24970054626465,-49.24399948120117)",Professor Jamil,,,9,,PROFESSOR JAMIL,
1076,2021-08-17 18:35:02.212,,,false,5218508,"(-18.447200775146484,-50.4547004699707)",Quirinópolis,,,9,,QUIRINOPOLIS,
1077,2021-08-17 18:35:02.940,,,false,5218607,"(-15.314499855041504,-49.58140182495117)",Rialma,,,9,,RIALMA,
1078,2021-08-17 18:35:03.657,,,false,5218706,"(-15.445599555969238,-49.51139831542969)",Rianápolis,,,9,,RIANAPOLIS,
1080,2021-08-17 18:35:05.092,,,false,5218805,"(-17.792299270629883,-50.9192008972168)",Rio Verde,,,9,,RIO VERDE,
1081,2021-08-17 18:35:05.810,,,false,5218904,"(-15.161700248718262,-49.8047981262207)",Rubiataba,,,9,,RUBIATABA,
1082,2021-08-17 18:35:06.526,,,false,5219001,"(-16.19700050354004,-50.312400817871094)",Sanclerlândia,,,9,,SANCLERLANDIA,
1084,2021-08-17 18:35:07.960,,,false,5219209,"(-17.315500259399414,-48.480899810791016)",Santa Cruz de Goiás,,,9,,SANTA CRUZ DE GOIAS,
1085,2021-08-17 18:35:08.677,,,false,5219258,"(-15.766400337219238,-51.10369873046875)",Santa Fé de Goiás,,,9,,SANTA FE DE GOIAS,
1086,2021-08-17 18:35:09.392,,,false,5219308,"(-17.811500549316406,-50.59769821166992)",Santa Helena de Goiás,,,9,,SANTA HELENA DE GOIAS,
1087,2021-08-17 18:35:10.110,,,false,5219357,"(-15.29580020904541,-49.425899505615234)",Santa Isabel,,,9,,SANTA ISABEL,
1089,2021-08-17 18:35:11.543,,,false,5219456,"(-15.135100364685059,-49.12030029296875)",Santa Rita do Novo Destino,,,9,,SANTA RITA DO NOVO DESTINO,
1090,2021-08-17 18:35:12.260,,,false,5219506,"(-16.083999633789062,-49.49530029296875)",Santa Rosa de Goiás,,,9,,SANTA ROSA DE GOIAS,
1091,2021-08-17 18:35:12.977,,,false,5219605,"(-13.713800430297852,-49.014400482177734)",Santa Tereza de Goiás,,,9,,SANTA TEREZA DE GOIAS,
1093,2021-08-17 18:35:14.411,,,false,5219712,"(-17.558500289916992,-50.634498596191406)",Santo Antônio da Barra,,,9,,SANTO ANTONIO DA BARRA,
1094,2021-08-17 18:35:15.127,,,false,5219738,"(-16.48150062561035,-49.309600830078125)",Santo Antônio de Goiás,,,9,,SANTO ANTONIO DE GOIAS,
1095,2021-08-17 18:35:15.845,,,false,5219753,"(-15.941200256347656,-48.2578010559082)",Santo Antônio do Descoberto,,,9,,SANTO ANTONIO DO DESCOBERTO,
1096,2021-08-17 18:35:16.562,,,false,5219803,"(-13.6210355758667,-46.74148178100586)",São Domingos,,,9,,SAO DOMINGOS,
1098,2021-08-17 18:35:17.999,,,false,5220009,"(-14.70479965209961,-47.52280044555664)",São João d`Aliança,,,9,,SAO JOAO D`ALIANCA,
1099,2021-08-17 18:35:18.717,,,false,5220058,"(-16.812599182128906,-50.40919876098633)",São João da Paraúna,,,9,,SAO JOAO DA PARAUNA,
1100,2021-08-17 18:35:19.433,,,false,5220108,"(-16.521099090576172,-50.37260055541992)",São Luís de Montes Belos,,,9,,SAO LUIS DE MONTES BELOS,
1102,2021-08-17 18:35:20.867,,,false,5220207,"(-13.273099899291992,-50.16339874267578)",São Miguel do Araguaia,,,9,,SAO MIGUEL DO ARAGUAIA,
1103,2021-08-17 18:35:21.584,,,false,5220264,"(-17.05820083618164,-48.6619987487793)",São Miguel do Passa Quatro,,,9,,SAO MIGUEL DO PASSA QUATRO,
1104,2021-08-17 18:35:22.301,,,false,5220280,"(-15.350000381469727,-49.81800079345703)",São Patrício,,,9,,SAO PATRICIO,
1105,2021-08-17 18:35:23.020,,,false,5220405,"(-18.996000289916992,-50.547000885009766)",São Simão,,,9,,SAO SIMAO,
1107,2021-08-17 18:35:24.455,,,false,5220504,"(-18.306699752807617,-51.95859909057617)",Serranópolis,,,9,,SERRANOPOLIS,
1108,2021-08-17 18:35:25.186,,,false,5220603,"(-16.65999984741211,-48.608299255371094)",Silvânia,,,9,,SILVANIA,
1109,2021-08-17 18:35:25.903,,,false,5220686,"(-14.464400291442871,-46.48469924926758)",Simolândia,,,9,,SIMOLANDIA,
1110,2021-08-17 18:35:26.620,,,false,5220702,"(-14.799200057983398,-46.2505989074707)",Sítio d`Abadia,,,9,,SITIO D`ABADIA,
1112,2021-08-17 18:35:28.051,,,false,5221080,"(-13.780099868774414,-47.265899658203125)",Teresina de Goiás,,,9,,TERESINA DE GOIAS,
1113,2021-08-17 18:35:28.767,,,false,5221197,"(-16.394500732421875,-49.0797004699707)",Terezópolis de Goiás,,,9,,TEREZOPOLIS DE GOIAS,
1115,2021-08-17 18:35:30.199,,,false,5221403,"(-16.65169906616211,-49.492698669433594)",Trindade,,,9,,TRINDADE,
1116,2021-08-17 18:35:30.917,,,false,5221452,"(-13.50790023803711,-48.74169921875)",Trombas,,,9,,TROMBAS,
1117,2021-08-17 18:35:31.633,,,false,5221502,"(-16.612499237060547,-50.13690185546875)",Turvânia,,,9,,TURVANIA,
1119,2021-08-17 18:35:33.075,,,false,5221577,"(-14.283499717712402,-49.920101165771484)",Uirapuru,,,9,,UIRAPURU,
1120,2021-08-17 18:35:33.790,,,false,5221601,"(-14.523799896240234,-49.13959884643555)",Uruaçu,,,9,,URUACU,
1121,2021-08-17 18:35:34.507,,,false,5221700,"(-15.499300003051758,-49.686100006103516)",Uruana,,,9,,URUANA,
1122,2021-08-17 18:35:35.224,,,false,5221809,"(-17.465099334716797,-48.201499938964844)",Urutaí,,,9,,URUTAI,
1124,2021-08-17 18:35:36.657,,,false,5221908,"(-17.047100067138672,-49.63119888305664)",Varjão,,,9,,VARJAO,
1125,2021-08-17 18:35:37.374,,,false,5222005,"(-16.74049949645996,-48.515899658203125)",Vianópolis,,,9,,VIANOPOLIS,
1126,2021-08-17 18:35:38.091,,,false,5222054,"(-17.732200622558594,-49.8046989440918)",Vicentinópolis,,,9,,VICENTINOPOLIS,
1127,2021-08-17 18:35:38.808,,,false,5222203,"(-15.038700103759766,-47.051998138427734)",Vila Boa,,,9,,VILA BOA,
1128,2021-08-17 18:35:39.524,,,false,5222302,"(-15.45419979095459,-48.881900787353516)",Vila Propício,,,9,,VILA PROPICIO,
1130,2021-08-17 18:35:40.958,,,false,2100105,"(-4.13631010055542,-43.32749938964844)",Afonso Cunha,,,10,,AFONSO CUNHA,
1131,2021-08-17 18:35:41.675,,,false,2100154,"(-2.840480089187622,-42.118900299072266)",Água Doce do Maranhão,,,10,,AGUA DOCE DO MARANHAO,
1132,2021-08-17 18:35:42.412,,,false,2100204,"(-2.395740032196045,-44.40620040893555)",Alcântara,,,10,,ALCANTARA,
1133,2021-08-17 18:35:43.132,,,false,2100303,"(-4.6262102127075195,-43.46889877319336)",Aldeias Altas,,,10,,ALDEIAS ALTAS,
1135,2021-08-17 18:35:44.565,,,false,2100436,"(-4.2129998207092285,-44.44599914550781)",Alto Alegre do Maranhão,,,10,,ALTO ALEGRE DO MARANHAO,
1136,2021-08-17 18:35:45.282,,,false,2100477,"(-3.6668899059295654,-45.842098236083984)",Alto Alegre do Pindaré,,,10,,ALTO ALEGRE DO PINDARE,
1137,2021-08-17 18:35:45.999,,,false,2100501,"(-9.102729797363281,-45.930301666259766)",Alto Parnaíba,,,10,,ALTO PARNAIBA,
1139,2021-08-17 18:35:47.432,,,false,2100600,"(-5.569129943847656,-46.74729919433594)",Amarante do Maranhão,,,10,,AMARANTE DO MARANHAO,
1140,2021-08-17 18:35:48.149,,,false,2100709,"(-3.2626900672912598,-44.61259841918945)",Anajatuba,,,10,,ANAJATUBA,
1141,2021-08-17 18:35:48.866,,,false,2100808,"(-3.6757700443267822,-43.10139846801758)",Anapurus,,,10,,ANAPURUS,
1142,2021-08-17 18:35:49.581,,,false,2100832,"(-1.4586199522018433,-45.08639907836914)",Apicum-Açu,,,10,,APICUM-ACU,
1143,2021-08-17 18:35:50.297,,,false,2100873,"(-2.9464399814605713,-45.65890121459961)",Araguanã,,,10,,ARAGUANA,
1145,2021-08-17 18:35:51.731,,,false,2100956,"(-4.883470058441162,-46.00320053100586)",Arame,,,10,,ARAME,
1146,2021-08-17 18:35:52.447,,,false,2101004,"(-3.4521400928497314,-44.76649856567383)",Arari,,,10,,ARARI,
1147,2021-08-17 18:35:53.165,,,false,2101103,"(-2.8393900394439697,-44.0620002746582)",Axixá,,,10,,AXIXA,
1148,2021-08-17 18:35:53.881,,,false,2101202,"(-4.224470138549805,-44.783199310302734)",Bacabal,,,10,,BACABAL,
1149,2021-08-17 18:35:54.598,,,false,2101251,"(-2.96451997756958,-44.31639862060547)",Bacabeira,,,10,,BACABEIRA,
1151,2021-08-17 18:35:56.031,,,false,2101350,"(-2.7100000381469727,-44.7328987121582)",Bacurituba,,,10,,BACURITUBA,
1152,2021-08-17 18:35:56.749,,,false,2101400,"(-7.532139778137207,-46.037200927734375)",Balsas,,,10,,BALSAS,
1153,2021-08-17 18:35:57.465,,,false,2101509,"(-6.744629859924316,-43.026100158691406)",Barão de Grajaú,,,10,,BARAO DE GRAJAU,
1154,2021-08-17 18:35:58.181,,,false,2101608,"(-5.496819972991943,-45.24850082397461)",Barra do Corda,,,10,,BARRA DO CORDA,
1156,2021-08-17 18:35:59.616,,,false,2101772,"(-3.726180076599121,-45.307498931884766)",Bela Vista do Maranhão,,,10,,BELA VISTA DO MARANHAO,
1157,2021-08-17 18:36:00.333,,,false,2101731,"(-3.1548500061035156,-43.51219940185547)",Belágua,,,10,,BELAGUA,
1158,2021-08-17 18:36:01.049,,,false,2101806,"(-7.210370063781738,-44.557701110839844)",Benedito Leite,,,10,,BENEDITO LEITE,
1159,2021-08-17 18:36:01.764,,,false,2101905,"(-2.441620111465454,-44.78419876098633)",Bequimão,,,10,,BEQUIMAO,
1161,2021-08-17 18:36:03.197,,,false,2101970,"(-1.7761399745941162,-46.300201416015625)",Boa Vista do Gurupi,,,10,,BOA VISTA DO GURUPI,
1162,2021-08-17 18:36:03.914,,,false,2102002,"(-3.541290044784546,-45.60599899291992)",Bom Jardim,,,10,,BOM JARDIM,
1163,2021-08-17 18:36:04.631,,,false,2102036,"(-4.476379871368408,-46.86410140991211)",Bom Jesus das Selvas,,,10,,BOM JESUS DAS SELVAS,
1164,2021-08-17 18:36:05.347,,,false,2102077,"(-4.373109817504883,-45.03260040283203)",Bom Lugar,,,10,,BOM LUGAR,
1166,2021-08-17 18:36:06.792,,,false,2102150,"(-4.334000110626221,-45.58100128173828)",Brejo de Areia,,,10,,BREJO DE AREIA,
1167,2021-08-17 18:36:07.507,,,false,2102200,"(-3.941689968109131,-42.91790008544922)",Buriti,,,10,,BURITI,
1168,2021-08-17 18:36:08.224,,,false,2102309,"(-5.832389831542969,-43.83530044555664)",Buriti Bravo,,,10,,BURITI BRAVO,
1169,2021-08-17 18:36:08.941,,,false,2102325,"(-4.323750019073486,-46.44089889526367)",Buriticupu,,,10,,BURITICUPU,
1171,2021-08-17 18:36:10.372,,,false,2102374,"(-2.9307401180267334,-44.052799224853516)",Cachoeira Grande,,,10,,CACHOEIRA GRANDE,
1172,2021-08-17 18:36:11.089,,,false,2102408,"(-2.873260021209717,-44.67409896850586)",Cajapió,,,10,,CAJAPIO,
1173,2021-08-17 18:36:11.806,,,false,2102507,"(-3.3274199962615967,-45.01449966430664)",Cajari,,,10,,CAJARI,
1175,2021-08-17 18:36:13.242,,,false,2102606,"(-1.4326499700546265,-45.71609878540039)",Cândido Mendes,,,10,,CANDIDO MENDES,
1176,2021-08-17 18:36:13.958,,,false,2102705,"(-3.6375699043273926,-44.382999420166016)",Cantanhede,,,10,,CANTANHEDE,
1177,2021-08-17 18:36:14.676,,,false,2102754,"(-4.723599910736084,-44.327999114990234)",Capinzal do Norte,,,10,,CAPINZAL DO NORTE,
1178,2021-08-17 18:36:15.392,,,false,2102804,"(-7.335840225219727,-47.463401794433594)",Carolina,,,10,,CAROLINA,
1179,2021-08-17 18:36:16.111,,,false,2102903,"(-1.1969599723815918,-46.00849914550781)",Carutapera,,,10,,CARUTAPERA,
1181,2021-08-17 18:36:17.547,,,false,2103109,"(-2.000269889831543,-44.528099060058594)",Cedral,,,10,,CEDRAL,
1182,2021-08-17 18:36:18.267,,,false,2103125,"(-2.198309898376465,-44.825401306152344)",Central do Maranhão,,,10,,CENTRAL DO MARANHAO,
1184,2021-08-17 18:36:19.700,,,false,2103174,"(-2.126960039138794,-46.122798919677734)",Centro Novo do Maranhão,,,10,,CENTRO NOVO DO MARANHAO,
1185,2021-08-17 18:36:20.416,,,false,2103208,"(-3.7387499809265137,-43.35380172729492)",Chapadinha,,,10,,CHAPADINHA,
1187,2021-08-17 18:36:21.850,,,false,2103307,"(-4.455619812011719,-43.892398834228516)",Codó,,,10,,CODO,
1188,2021-08-17 18:36:22.568,,,false,2103406,"(-4.252449989318848,-43.010799407958984)",Coelho Neto,,,10,,COELHO NETO,
1189,2021-08-17 18:36:23.285,,,false,2103505,"(-6.031990051269531,-44.25429916381836)",Colinas,,,10,,COLINAS,
1190,2021-08-17 18:36:24.007,,,false,2103554,"(-3.8514199256896973,-44.88949966430664)",Conceição do Lago-Açu,,,10,,CONCEICAO DO LAGO-ACU,
1191,2021-08-17 18:36:24.725,,,false,2103604,"(-4.134419918060303,-44.1244010925293)",Coroatá,,,10,,COROATA,
1193,2021-08-17 18:36:26.161,,,false,2103752,"(-5.546370029449463,-47.42169952392578)",Davinópolis,,,10,,DAVINOPOLIS,
1194,2021-08-17 18:36:26.880,,,false,2103802,"(-5.03518009185791,-44.44089889526367)",Dom Pedro,,,10,,DOM PEDRO,
1195,2021-08-17 18:36:27.600,,,false,2103901,"(-4.150020122528076,-42.94770050048828)",Duque Bacelar,,,10,,DUQUE BACELAR,
1197,2021-08-17 18:36:29.070,,,false,2104057,"(-6.560770034790039,-47.44309997558594)",Estreito,,,10,,ESTREITO,
1198,2021-08-17 18:36:29.787,,,false,2104073,"(-6.9650797843933105,-46.6786003112793)",Feira Nova do Maranhão,,,10,,FEIRA NOVA DO MARANHAO,
1199,2021-08-17 18:36:30.503,,,false,2104081,"(-6.162069797515869,-44.89789962768555)",Fernando Falcão,,,10,,FERNANDO FALCAO,
1200,2021-08-17 18:36:31.220,,,false,2104099,"(-6.440169811248779,-46.19160079956055)",Formosa da Serra Negra,,,10,,FORMOSA DA SERRA NEGRA,
1202,2021-08-17 18:36:32.653,,,false,2104206,"(-5.727920055389404,-44.15650177001953)",Fortuna,,,10,,FORTUNA,
1203,2021-08-17 18:36:33.370,,,false,2104305,"(-1.402590036392212,-45.77949905395508)",Godofredo Viana,,,10,,GODOFREDO VIANA,
1204,2021-08-17 18:36:34.089,,,false,2104404,"(-5.147500038146973,-44.301300048828125)",Gonçalves Dias,,,10,,GONCALVES DIAS,
1205,2021-08-17 18:36:34.806,,,false,2104503,"(-5.020780086517334,-44.27539825439453)",Governador Archer,,,10,,GOVERNADOR ARCHER,
1207,2021-08-17 18:36:36.240,,,false,2104602,"(-5.318970203399658,-44.24689865112305)",Governador Eugênio Barros,,,10,,GOVERNADOR EUGENIO BARROS,
1208,2021-08-17 18:36:36.957,,,false,2104628,"(-5.4783501625061035,-44.07740020751953)",Governador Luiz Rocha,,,10,,GOVERNADOR LUIZ ROCHA,
1209,2021-08-17 18:36:37.675,,,false,2104651,"(-3.43245005607605,-45.66189956665039)",Governador Newton Bello,,,10,,GOVERNADOR NEWTON BELLO,
1210,2021-08-17 18:36:38.392,,,false,2104677,"(-2.1289899349212646,-45.87770080566406)",Governador Nunes Freire,,,10,,GOVERNADOR NUNES FREIRE,
1212,2021-08-17 18:36:39.824,,,false,2104800,"(-5.8136701583862305,-46.14619827270508)",Grajaú,,,10,,GRAJAU,
1213,2021-08-17 18:36:40.541,,,false,2104909,"(-2.127549886703491,-44.60200119018555)",Guimarães,,,10,,GUIMARAES,
1214,2021-08-17 18:36:41.258,,,false,2105005,"(-2.5982799530029297,-43.464900970458984)",Humberto de Campos,,,10,,HUMBERTO DE CAMPOS,
1216,2021-08-17 18:36:41.972,,,false,2105153,"(-3.657710075378418,-45.21139907836914)",Igarapé do Meio,,,10,,IGARAPE DO MEIO,
1218,2021-08-17 18:36:43.406,,,false,2105302,"(-5.51846981048584,-47.477699279785156)",Imperatriz,,,10,,IMPERATRIZ,
1219,2021-08-17 18:36:44.125,,,false,2105351,"(-5.142519950866699,-45.78770065307617)",Itaipava do Grajaú,,,10,,ITAIPAVA DO GRAJAU,
1220,2021-08-17 18:36:44.842,,,false,2105401,"(-3.40201997756958,-44.350799560546875)",Itapecuru Mirim,,,10,,ITAPECURU MIRIM,
1222,2021-08-17 18:36:46.275,,,false,2105450,"(-5.82282018661499,-44.215301513671875)",Jatobá,,,10,,JATOBA,
1223,2021-08-17 18:36:46.993,,,false,2105476,"(-5.362370014190674,-45.63560104370117)",Jenipapo dos Vieiras,,,10,,JENIPAPO DOS VIEIRAS,
1224,2021-08-17 18:36:47.709,,,false,2105500,"(-5.443630218505859,-47.40639877319336)",João Lisboa,,,10,,JOAO LISBOA,
1225,2021-08-17 18:36:48.425,,,false,2105609,"(-4.986110210418701,-44.69580078125)",Joselândia,,,10,,JOSELANDIA,
1226,2021-08-17 18:36:49.140,,,false,2105658,"(-1.838879942893982,-46.09000015258789)",Junco do Maranhão,,,10,,JUNCO DO MARANHAO,
1228,2021-08-17 18:36:50.573,,,false,2105807,"(-4.609000205993652,-45.04899978637695)",Lago do Junco,,,10,,LAGO DO JUNCO,
1229,2021-08-17 18:36:51.291,,,false,2105948,"(-4.611730098724365,-44.979801177978516)",Lago dos Rodrigues,,,10,,LAGO DOS RODRIGUES,
1230,2021-08-17 18:36:52.007,,,false,2105906,"(-3.9466099739074707,-44.82600021362305)",Lago Verde,,,10,,LAGO VERDE,
1231,2021-08-17 18:36:52.725,,,false,2105922,"(-6.050230026245117,-43.53329849243164)",Lagoa do Mato,,,10,,LAGOA DO MATO,
1233,2021-08-17 18:36:54.158,,,false,2105989,"(-6.185389995574951,-47.029300689697266)",Lajeado Novo,,,10,,LAJEADO NOVO,
1234,2021-08-17 18:36:54.902,,,false,2106003,"(-4.518370151519775,-44.464599609375)",Lima Campos,,,10,,LIMA CAMPOS,
1235,2021-08-17 18:36:55.619,,,false,2106102,"(-7.081110000610352,-45.14509963989258)",Loreto,,,10,,LORETO,
1236,2021-08-17 18:36:56.336,,,false,2106201,"(-1.2749199867248535,-45.867000579833984)",Luís Domingues,,,10,,LUIS DOMINGUES,
1238,2021-08-17 18:36:57.770,,,false,2106326,"(-2.049180030822754,-45.95869827270508)",Maracaçumé,,,10,,MARACACUME,
1239,2021-08-17 18:36:58.486,,,false,2106359,"(-4.6280598640441895,-45.45309829711914)",Marajá do Sena,,,10,,MARAJA DO SENA,
1240,2021-08-17 18:36:59.203,,,false,2106375,"(-2.2407801151275635,-45.85070037841797)",Maranhãozinho,,,10,,MARANHAOZINHO,
1241,2021-08-17 18:36:59.920,,,false,2106409,"(-3.620349884033203,-43.11119842529297)",Mata Roma,,,10,,MATA ROMA,
1242,2021-08-17 18:37:00.638,,,false,2106508,"(-3.098489999771118,-45.03499984741211)",Matinha,,,10,,MATINHA,
1243,2021-08-17 18:37:01.354,,,false,2106607,"(-5.513589859008789,-43.20180130004883)",Matões,,,10,,MATOES,
1245,2021-08-17 18:37:02.787,,,false,2106672,"(-3.574429988861084,-42.61309814453125)",Milagres do Maranhão,,,10,,MILAGRES DO MARANHAO,
1246,2021-08-17 18:37:03.504,,,false,2106706,"(-6.374539852142334,-44.36830139160156)",Mirador,,,10,,MIRADOR,
1247,2021-08-17 18:37:04.221,,,false,2106755,"(-3.5631299018859863,-44.58140182495117)",Miranda do Norte,,,10,,MIRANDA DO NORTE,
1249,2021-08-17 18:37:05.656,,,false,2106904,"(-3.481250047683716,-45.24959945678711)",Monção,,,10,,MONCAO,
1250,2021-08-17 18:37:06.374,,,false,2107001,"(-5.83066987991333,-47.067298889160156)",Montes Altos,,,10,,MONTES ALTOS,
1251,2021-08-17 18:37:07.090,,,false,2107100,"(-2.853790044784546,-44.035701751708984)",Morros,,,10,,MORROS,
1253,2021-08-17 18:37:08.524,,,false,2107258,"(-7.1226301193237305,-46.26070022583008)",Nova Colinas,,,10,,NOVA COLINAS,
1254,2021-08-17 18:37:09.238,,,false,2107308,"(-6.730470180511475,-44.04710006713867)",Nova Iorque,,,10,,NOVA IORQUE,
1255,2021-08-17 18:37:09.954,,,false,2107357,"(-2.8422698974609375,-45.6953010559082)",Nova Olinda do Maranhão,,,10,,NOVA OLINDA DO MARANHAO,
1257,2021-08-17 18:37:11.387,,,false,2107456,"(-2.992949962615967,-44.98970031738281)",Olinda Nova do Maranhão,,,10,,OLINDA NOVA DO MARANHAO,
1258,2021-08-17 18:37:12.103,,,false,2107506,"(-2.5165700912475586,-44.101898193359375)",Paço do Lumiar,,,10,,PACO DO LUMIAR,
1259,2021-08-17 18:37:12.825,,,false,2107605,"(-2.6443300247192383,-44.8932991027832)",Palmeirândia,,,10,,PALMEIRANDIA,
1260,2021-08-17 18:37:13.541,,,false,2107704,"(-6.426400184631348,-43.97919845581055)",Paraibano,,,10,,PARAIBANO,
1261,2021-08-17 18:37:14.258,,,false,2107803,"(-5.673649787902832,-43.10110092163086)",Parnarama,,,10,,PARNARAMA,
1263,2021-08-17 18:37:15.696,,,false,2108009,"(-6.602960109710693,-44.074501037597656)",Pastos Bons,,,10,,PASTOS BONS,
1264,2021-08-17 18:37:16.413,,,false,2108058,"(-2.720940113067627,-42.52579879760742)",Paulino Neves,,,10,,PAULINO NEVES,
1265,2021-08-17 18:37:17.137,,,false,2108108,"(-4.444849967956543,-45.23979949951172)",Paulo Ramos,,,10,,PAULO RAMOS,
1266,2021-08-17 18:37:17.859,,,false,2108207,"(-4.564819812774658,-44.60060119628906)",Pedreiras,,,10,,PEDREIRAS,
1268,2021-08-17 18:37:19.299,,,false,2108306,"(-3.276740074157715,-45.17679977416992)",Penalva,,,10,,PENALVA,
1269,2021-08-17 18:37:20.037,,,false,2108405,"(-2.5767600536346436,-44.850399017333984)",Peri Mirim,,,10,,PERI MIRIM,
1270,2021-08-17 18:37:20.780,,,false,2108454,"(-4.374589920043945,-44.33689880371094)",Peritoró,,,10,,PERITORO,
1271,2021-08-17 18:37:21.515,,,false,2108504,"(-3.6098499298095703,-45.34199905395508)",Pindaré-Mirim,,,10,,PINDARE-MIRIM,
1273,2021-08-17 18:37:22.951,,,false,2108702,"(-3.8931500911712646,-45.175899505615234)",Pio XII,,,10,,PIO XII,
1274,2021-08-17 18:37:23.683,,,false,2108801,"(-3.720410108566284,-44.22159957885742)",Pirapemas,,,10,,PIRAPEMAS,
1275,2021-08-17 18:37:24.414,,,false,2108900,"(-4.746260166168213,-44.943199157714844)",Poção de Pedras,,,10,,POCAO DE PEDRAS,
1276,2021-08-17 18:37:25.141,,,false,2109007,"(-6.341489791870117,-47.39619827270508)",Porto Franco,,,10,,PORTO FRANCO,
1278,2021-08-17 18:37:26.621,,,false,2109106,"(-5.28980016708374,-44.494998931884766)",Presidente Dutra,,,10,,PRESIDENTE DUTRA,
1279,2021-08-17 18:37:27.347,,,false,2109205,"(-2.918720006942749,-44.07149887084961)",Presidente Juscelino,,,10,,PRESIDENTE JUSCELINO,
1280,2021-08-17 18:37:28.064,,,false,2109239,"(-2.3899099826812744,-45.81999969482422)",Presidente Médici,,,10,,PRESIDENTE MEDICI,
1281,2021-08-17 18:37:28.780,,,false,2109270,"(-2.5879900455474854,-45.359500885009766)",Presidente Sarney,,,10,,PRESIDENTE SARNEY,
1283,2021-08-17 18:37:30.217,,,false,2109403,"(-2.5056800842285156,-43.42319869995117)",Primeira Cruz,,,10,,PRIMEIRA CRUZ,
1284,2021-08-17 18:37:30.933,,,false,2109452,"(-2.4254000186920166,-44.0973014831543)",Raposa,,,10,,RAPOSA,
1285,2021-08-17 18:37:31.650,,,false,2109502,"(-7.358190059661865,-46.622501373291016)",Riachão,,,10,,RIACHAO,
1286,2021-08-17 18:37:32.367,,,false,2109551,"(-5.930669784545898,-47.38880157470703)",Ribamar Fiquene,,,10,,RIBAMAR FIQUENE,
1287,2021-08-17 18:37:33.083,,,false,2109601,"(-2.9344398975372314,-44.25310134887695)",Rosário,,,10,,ROSARIO,
1289,2021-08-17 18:37:34.517,,,false,2109759,"(-5.496709823608398,-44.56380081176758)",Santa Filomena do Maranhão,,,10,,SANTA FILOMENA DO MARANHAO,
1290,2021-08-17 18:37:35.234,,,false,2109809,"(-2.24426007270813,-45.290000915527344)",Santa Helena,,,10,,SANTA HELENA,
1291,2021-08-17 18:37:35.958,,,false,2109908,"(-3.6511199474334717,-45.37739944458008)",Santa Inês,,,10,,SANTA INES,
1293,2021-08-17 18:37:37.389,,,false,2110039,"(-2.511229991912842,-45.78010177612305)",Santa Luzia do Paruá,,,10,,SANTA LUZIA DO PARUA,
1294,2021-08-17 18:37:38.106,,,false,2110104,"(-3.493079900741577,-42.56880187988281)",Santa Quitéria do Maranhão,,,10,,SANTA QUITERIA DO MARANHAO,
1295,2021-08-17 18:37:38.823,,,false,2110203,"(-3.1424100399017334,-44.32109832763672)",Santa Rita,,,10,,SANTA RITA,
1297,2021-08-17 18:37:40.264,,,false,2110278,"(-2.5006799697875977,-43.237998962402344)",Santo Amaro do Maranhão,,,10,,SANTO AMARO DO MARANHAO,
1298,2021-08-17 18:37:40.980,,,false,2110302,"(-4.8661298751831055,-44.365299224853516)",Santo Antônio dos Lopes,,,10,,SANTO ANTONIO DOS LOPES,
1299,2021-08-17 18:37:41.697,,,false,2110401,"(-3.3351500034332275,-43.52870178222656)",São Benedito do Rio Preto,,,10,,SAO BENEDITO DO RIO PRETO,
1300,2021-08-17 18:37:42.413,,,false,2110500,"(-2.697809934616089,-44.82889938354492)",São Bento,,,10,,SAO BENTO,
1302,2021-08-17 18:37:43.847,,,false,2110658,"(-6.8147101402282715,-44.650901794433594)",São Domingos do Azeitão,,,10,,SAO DOMINGOS DO AZEITAO,
1303,2021-08-17 18:37:44.564,,,false,2110708,"(-5.580949783325195,-44.382198333740234)",São Domingos do Maranhão,,,10,,SAO DOMINGOS DO MARANHAO,
1305,2021-08-17 18:37:45.997,,,false,2110856,"(-5.125840187072754,-47.388999938964844)",São Francisco do Brejão,,,10,,SAO FRANCISCO DO BREJAO,
1306,2021-08-17 18:37:46.716,,,false,2110906,"(-6.251589775085449,-42.866798400878906)",São Francisco do Maranhão,,,10,,SAO FRANCISCO DO MARANHAO,
1307,2021-08-17 18:37:47.433,,,false,2111003,"(-2.953979969024658,-44.7952995300293)",São João Batista,,,10,,SAO JOAO BATISTA,
1309,2021-08-17 18:37:48.865,,,false,2111052,"(-6.4563398361206055,-47.05939865112305)",São João do Paraíso,,,10,,SAO JOAO DO PARAISO,
1310,2021-08-17 18:37:49.581,,,false,2111078,"(-5.10821008682251,-43.81629943847656)",São João do Soter,,,10,,SAO JOAO DO SOTER,
1311,2021-08-17 18:37:50.298,,,false,2111102,"(-6.4934000968933105,-43.7036018371582)",São João dos Patos,,,10,,SAO JOAO DOS PATOS,
1312,2021-08-17 18:37:51.015,,,false,2111201,"(-2.5470399856567383,-44.05970001220703)",São José de Ribamar,,,10,,SAO JOSE DE RIBAMAR,
1314,2021-08-17 18:37:52.451,,,false,2111300,"(-2.5387399196624756,-44.282501220703125)",São Luís,,,10,,SAO LUIS,
1315,2021-08-17 18:37:53.168,,,false,2111409,"(-4.385409832000732,-44.665401458740234)",São Luís Gonzaga do Maranhão,,,10,,SAO LUIS GONZAGA DO MARANHAO,
1316,2021-08-17 18:37:53.885,,,false,2111508,"(-4.037360191345215,-44.470699310302734)",São Mateus do Maranhão,,,10,,SAO MATEUS DO MARANHAO,
1320,2021-08-17 18:37:56.752,,,false,2111631,"(-5.110529899597168,-45.06959915161133)",São Raimundo do Doca Bezerra,,,10,,SAO RAIMUNDO DO DOCA BEZERRA,
1321,2021-08-17 18:37:57.467,,,false,2111672,"(-5.023099899291992,-45.000999450683594)",São Roberto,,,10,,SAO ROBERTO,
1322,2021-08-17 18:37:58.183,,,false,2111706,"(-2.8948700428009033,-44.868099212646484)",São Vicente Ferrer,,,10,,SAO VICENTE FERRER,
1323,2021-08-17 18:37:58.900,,,false,2111722,"(-4.049129962921143,-45.24570083618164)",Satubinha,,,10,,SATUBINHA,
1325,2021-08-17 18:38:00.333,,,false,2111763,"(-5.446100234985352,-47.2958984375)",Senador La Rocque,,,10,,SENADOR LA ROCQUE,
1326,2021-08-17 18:38:01.050,,,false,2111789,"(-1.8522900342941284,-45.12070083618164)",Serrano do Maranhão,,,10,,SERRANO DO MARANHAO,
1327,2021-08-17 18:38:01.767,,,false,2111805,"(-5.876009941101074,-46.70330047607422)",Sítio Novo,,,10,,SITIO NOVO,
1329,2021-08-17 18:38:03.201,,,false,2111953,"(-6.4085798263549805,-43.545501708984375)",Sucupira do Riachão,,,10,,SUCUPIRA DO RIACHAO,
1330,2021-08-17 18:38:03.917,,,false,2112001,"(-8.46619987487793,-45.75360107421875)",Tasso Fragoso,,,10,,TASSO FRAGOSO,
1331,2021-08-17 18:38:04.635,,,false,2112100,"(-4.255970001220703,-43.93199920654297)",Timbiras,,,10,,TIMBIRAS,
1332,2021-08-17 18:38:05.351,,,false,2112209,"(-5.097690105438232,-42.83290100097656)",Timon,,,10,,TIMON,
1333,2021-08-17 18:38:06.068,,,false,2112233,"(-4.538000106811523,-44.62799835205078)",Trizidela do Vale,,,10,,TRIZIDELA DO VALE,
1335,2021-08-17 18:38:07.501,,,false,2112308,"(-5.254759788513184,-44.64440155029297)",Tuntum,,,10,,TUNTUM,
1336,2021-08-17 18:38:08.218,,,false,2112407,"(-1.6589299440383911,-45.379798889160156)",Turiaçu,,,10,,TURIACU,
1337,2021-08-17 18:38:08.937,,,false,2112456,"(-2.2163798809051514,-45.30440139770508)",Turilândia,,,10,,TURILANDIA,
1338,2021-08-17 18:38:09.654,,,false,2112506,"(-2.7614099979400635,-42.2755012512207)",Tutóia,,,10,,TUTOIA,
1339,2021-08-17 18:38:10.371,,,false,2112605,"(-3.2064199447631836,-43.38779830932617)",Urbano Santos,,,10,,URBANO SANTOS,
1341,2021-08-17 18:38:11.806,,,false,2112803,"(-3.204509973526001,-44.9911994934082)",Viana,,,10,,VIANA,
1342,2021-08-17 18:38:12.522,,,false,2112852,"(-5.188889980316162,-48.13359832763672)",Vila Nova dos Martírios,,,10,,VILA NOVA DOS MARTIRIOS,
1343,2021-08-17 18:38:13.238,,,false,2112902,"(-3.4512500762939453,-44.86429977416992)",Vitória do Mearim,,,10,,VITORIA DO MEARIM,
1344,2021-08-17 18:38:13.955,,,false,2113009,"(-4.281839847564697,-45.2504997253418)",Vitorino Freire,,,10,,VITORINO FREIRE,
1346,2021-08-17 18:38:15.389,,,false,5100102,"(-15.194000244140625,-56.36320114135742)",Acorizal,,,13,,ACORIZAL,
1347,2021-08-17 18:38:16.106,,,false,5100201,"(-14.050999641418457,-52.160099029541016)",Água Boa,,,13,,AGUA BOA,
1348,2021-08-17 18:38:16.821,,,false,5100250,"(-9.866740226745605,-56.086700439453125)",Alta Floresta,,,13,,ALTA FLORESTA,
1349,2021-08-17 18:38:17.536,,,false,5100300,"(-17.31529998779297,-53.218101501464844)",Alto Araguaia,,,13,,ALTO ARAGUAIA,
1351,2021-08-17 18:38:18.970,,,false,5100409,"(-16.946199417114258,-53.527198791503906)",Alto Garças,,,13,,ALTO GARCAS,
1352,2021-08-17 18:38:19.687,,,false,5100508,"(-14.513699531555176,-56.47760009765625)",Alto Paraguai,,,13,,ALTO PARAGUAI,
1353,2021-08-17 18:38:20.404,,,false,5100607,"(-17.824100494384766,-53.27920150756836)",Alto Taquari,,,13,,ALTO TAQUARI,
1354,2021-08-17 18:38:21.121,,,false,5100805,"(-9.539810180664062,-57.45869827270508)",Apiacás,,,13,,APIACAS,
1356,2021-08-17 18:38:22.557,,,false,5101209,"(-16.85700035095215,-53.03179931640625)",Araguainha,,,13,,ARAGUAINHA,
1357,2021-08-17 18:38:23.273,,,false,5101258,"(-15.464099884033203,-58.342498779296875)",Araputanga,,,13,,ARAPUTANGA,
1358,2021-08-17 18:38:23.990,,,false,5101308,"(-14.447199821472168,-56.84370040893555)",Arenápolis,,,13,,ARENAPOLIS,
1359,2021-08-17 18:38:24.707,,,false,5101407,"(-10.172300338745117,-59.4567985534668)",Aripuanã,,,13,,ARIPUANA,
1361,2021-08-17 18:38:26.140,,,false,5101704,"(-15.070199966430664,-57.187801361083984)",Barra do Bugres,,,13,,BARRA DO BUGRES,
1362,2021-08-17 18:38:26.857,,,false,5101803,"(-15.880399703979492,-52.263999938964844)",Barra do Garças,,,13,,BARRA DO GARCAS,
1363,2021-08-17 18:38:27.575,,,false,5101852,"(-12.170599937438965,-51.50320053100586)",Bom Jesus do Araguaia,,,13,,BOM JESUS DO ARAGUAIA,
1364,2021-08-17 18:38:28.291,,,false,5101902,"(-12.14739990234375,-57.983299255371094)",Brasnorte,,,13,,BRASNORTE,
1366,2021-08-17 18:38:29.724,,,false,5102603,"(-14.516200065612793,-52.893001556396484)",Campinápolis,,,13,,CAMPINAPOLIS,
1367,2021-08-17 18:38:30.441,,,false,5102637,"(-13.658699989318848,-57.89070129394531)",Campo Novo do Parecis,,,13,,CAMPO NOVO DO PARECIS,
1368,2021-08-17 18:38:31.158,,,false,5102678,"(-15.545000076293945,-55.162601470947266)",Campo Verde,,,13,,CAMPO VERDE,
1369,2021-08-17 18:38:31.882,,,false,5102686,"(-13.724200248718262,-59.28580093383789)",Campos de Júlio,,,13,,CAMPOS DE JULIO,
1371,2021-08-17 18:38:33.426,,,false,5102702,"(-13.55150032043457,-52.27050018310547)",Canarana,,,13,,CANARANA,
1372,2021-08-17 18:38:34.170,,,false,5102793,"(-9.949119567871094,-55.84170150756836)",Carlinda,,,13,,CARLINDA,
1373,2021-08-17 18:38:34.886,,,false,5102850,"(-11.125100135803223,-58.60810089111328)",Castanheira,,,13,,CASTANHEIRA,
1375,2021-08-17 18:38:36.334,,,false,5103056,"(-11.507499694824219,-54.88349914550781)",Cláudia,,,13,,CLAUDIA,
1376,2021-08-17 18:38:37.067,,,false,5103106,"(-14.390299797058105,-51.000099182128906)",Cocalinho,,,13,,COCALINHO,
1377,2021-08-17 18:38:37.812,,,false,5103205,"(-10.81350040435791,-55.46099853515625)",Colíder,,,13,,COLIDER,
1378,2021-08-17 18:38:38.529,,,false,5103254,"(-9.461210250854492,-59.22520065307617)",Colniza,,,13,,COLNIZA,
1379,2021-08-17 18:38:39.245,,,false,5103304,"(-13.661399841308594,-59.7848014831543)",Comodoro,,,13,,COMODORO,
1380,2021-08-17 18:38:39.962,,,false,5103353,"(-10.643699645996094,-51.56990051269531)",Confresa,,,13,,CONFRESA,
1382,2021-08-17 18:38:41.396,,,false,5103379,"(-9.856559753417969,-58.4192008972168)",Cotriguaçu,,,13,,COTRIGUACU,
1383,2021-08-17 18:38:42.113,,,false,5103403,"(-15.60099983215332,-56.0974006652832)",Cuiabá,,,13,,CUIABA,
1384,2021-08-17 18:38:42.829,,,false,5103437,"(-15.608400344848633,-57.913299560546875)",Curvelândia,,,13,,CURVELANDIA,
1386,2021-08-17 18:38:43.546,,,false,5103452,"(-14.732399940490723,-57.05830001831055)",Denise,,,13,,DENISE,
1387,2021-08-17 18:38:44.270,,,false,5103502,"(-14.40369987487793,-56.43659973144531)",Diamantino,,,13,,DIAMANTINO,
1389,2021-08-17 18:38:45.703,,,false,5103700,"(-12.385000228881836,-54.922698974609375)",Feliz Natal,,,13,,FELIZ NATAL,
1390,2021-08-17 18:38:46.420,,,false,5103809,"(-15.443918228149414,-58.7391471862793)",Figueirópolis d`Oeste,,,13,,FIGUEIROPOLIS D`OESTE,
1391,2021-08-17 18:38:47.142,,,false,5103858,"(-13.24429988861084,-53.08089828491211)",Gaúcha do Norte,,,13,,GAUCHA DO NORTE,
1393,2021-08-17 18:38:48.601,,,false,5103957,"(-15.768009185791016,-58.310760498046875)",Glória d`Oeste,,,13,,GLORIA D`OESTE,
1394,2021-08-17 18:38:49.318,,,false,5104104,"(-9.962180137634277,-54.91210174560547)",Guarantã do Norte,,,13,,GUARANTA DO NORTE,
1395,2021-08-17 18:38:50.034,,,false,5104203,"(-16.34600067138672,-53.75749969482422)",Guiratinga,,,13,,GUIRATINGA,
1396,2021-08-17 18:38:50.751,,,false,5104500,"(-15.49209976196289,-58.5802001953125)",Indiavaí,,,13,,INDIAVAI,
1398,2021-08-17 18:38:52.185,,,false,5104542,"(-12.225945472717285,-56.6462516784668)",Itanhangá,,,13,,ITANHANGA,
1399,2021-08-17 18:38:52.902,,,false,5104559,"(-11.061400413513184,-55.2765998840332)",Itaúba,,,13,,ITAUBA,
1400,2021-08-17 18:38:53.619,,,false,5104609,"(-17.21470069885254,-54.1422004699707)",Itiquira,,,13,,ITIQUIRA,
1401,2021-08-17 18:38:54.335,,,false,5104807,"(-15.95479965209961,-54.97330093383789)",Jaciara,,,13,,JACIARA,
1402,2021-08-17 18:38:55.052,,,false,5104906,"(-15.234999656677246,-56.49169921875)",Jangada,,,13,,JANGADA,
1403,2021-08-17 18:38:55.769,,,false,5105002,"(-15.334199905395508,-58.87229919433594)",Jauru,,,13,,JAURU,
1405,2021-08-17 18:38:57.203,,,false,5105150,"(-11.37279987335205,-58.74829864501953)",Juína,,,13,,JUINA,
1406,2021-08-17 18:38:57.919,,,false,5105176,"(-10.31779956817627,-58.35919952392578)",Juruena,,,13,,JURUENA,
1407,2021-08-17 18:38:58.636,,,false,5105200,"(-16.06329917907715,-54.88589859008789)",Juscimeira,,,13,,JUSCIMEIRA,
1409,2021-08-17 18:39:00.068,,,false,5105259,"(-13.058799743652344,-55.90420150756836)",Lucas do Rio Verde,,,13,,LUCAS DO RIO VERDE,
1410,2021-08-17 18:39:00.785,,,false,5105309,"(-11.22189998626709,-50.667598724365234)",Luciára,,,13,,LUCIARA,
1411,2021-08-17 18:39:01.501,,,false,5105580,"(-11.046299934387207,-54.43769836425781)",Marcelândia,,,13,,MARCELANDIA,
1412,2021-08-17 18:39:02.218,,,false,5105606,"(-10.182100296020508,-54.94670104980469)",Matupá,,,13,,MATUPA,
1413,2021-08-17 18:39:02.934,,,false,5105622,"(-15.675947189331055,-58.09513854980469)",Mirassol d`Oeste,,,13,,MIRASSOL D`OESTE,
1415,2021-08-17 18:39:04.380,,,false,5106000,"(-14.454000473022461,-56.794498443603516)",Nortelândia,,,13,,NORTELANDIA,
1416,2021-08-17 18:39:05.111,,,false,5106109,"(-15.772000312805176,-56.34320068359375)",Nossa Senhora do Livramento,,,13,,NOSSA SENHORA DO LIVRAMENTO,
1417,2021-08-17 18:39:05.828,,,false,5106158,"(-9.84976577758789,-57.813873291015625)",Nova Bandeirantes,,,13,,NOVA BANDEIRANTES,
1419,2021-08-17 18:39:07.261,,,false,5106216,"(-10.557999610900879,-55.952999114990234)",Nova Canaã do Norte,,,13,,NOVA CANAA DO NORTE,
1420,2021-08-17 18:39:07.984,,,false,5108808,"(-10.312000274658203,-55.40610122680664)",Nova Guarita,,,13,,NOVA GUARITA,
1421,2021-08-17 18:39:08.699,,,false,5106182,"(-14.472700119018555,-59.600101470947266)",Nova Lacerda,,,13,,NOVA LACERDA,
1422,2021-08-17 18:39:09.416,,,false,5108857,"(-14.356800079345703,-56.969600677490234)",Nova Marilândia,,,13,,NOVA MARILANDIA,
1424,2021-08-17 18:39:10.849,,,false,5108956,"(-9.999979972839355,-57.526100158691406)",Nova Monte verde,,,13,,NOVA MONTE VERDE,
1425,2021-08-17 18:39:11.567,,,false,5106224,"(-13.837400436401367,-56.07429885864258)",Nova Mutum,,,13,,NOVA MUTUM,
1426,2021-08-17 18:39:12.283,,,false,5106232,"(-14.788900375366211,-57.28860092163086)",Nova Olímpia,,,13,,NOVA OLIMPIA,
1428,2021-08-17 18:39:13.719,,,false,5106240,"(-12.983400344848633,-55.25559997558594)",Nova Ubiratã,,,13,,NOVA UBIRATA,
1429,2021-08-17 18:39:14.437,,,false,5106257,"(-14.67710018157959,-52.35020065307617)",Nova Xavantina,,,13,,NOVA XAVANTINA,
1430,2021-08-17 18:39:15.167,,,false,5106273,"(-11.408900260925293,-57.34880065917969)",Novo Horizonte do Norte,,,13,,NOVO HORIZONTE DO NORTE,
1431,2021-08-17 18:39:15.883,,,false,5106265,"(-9.956159591674805,-55.20289993286133)",Novo Mundo,,,13,,NOVO MUNDO,
1433,2021-08-17 18:39:17.318,,,false,5106281,"(-14.905400276184082,-53.01940155029297)",Novo São Joaquim,,,13,,NOVO SAO JOAQUIM,
1434,2021-08-17 18:39:18.032,,,false,5106299,"(-9.658349990844727,-56.478599548339844)",Paranaíta,,,13,,PARANAITA,
1435,2021-08-17 18:39:18.749,,,false,5106307,"(-14.42650032043457,-54.052398681640625)",Paranatinga,,,13,,PARANATINGA,
1436,2021-08-17 18:39:19.498,,,false,5106372,"(-16.624500274658203,-54.472198486328125)",Pedra Preta,,,13,,PEDRA PRETA,
1438,2021-08-17 18:39:20.931,,,false,5106455,"(-14.651800155639648,-54.781898498535156)",Planalto da Serra,,,13,,PLANALTO DA SERRA,
1439,2021-08-17 18:39:21.648,,,false,5106505,"(-16.266000747680664,-56.6260986328125)",Poconé,,,13,,POCONE,
1440,2021-08-17 18:39:22.365,,,false,5106653,"(-15.927399635314941,-52.327301025390625)",Pontal do Araguaia,,,13,,PONTAL DO ARAGUAIA,
1441,2021-08-17 18:39:23.082,,,false,5106703,"(-16.758399963378906,-52.83689880371094)",Ponte Branca,,,13,,PONTE BRANCA,
1443,2021-08-17 18:39:24.513,,,false,5106778,"(-10.876099586486816,-51.63570022583008)",Porto Alegre do Norte,,,13,,PORTO ALEGRE DO NORTE,
1444,2021-08-17 18:39:25.230,,,false,5106802,"(-11.532999992370605,-57.41320037841797)",Porto dos Gaúchos,,,13,,PORTO DOS GAUCHOS,
1445,2021-08-17 18:39:25.947,,,false,5106828,"(-15.857000350952148,-58.46189880371094)",Porto Esperidião,,,13,,PORTO ESPERIDIAO,
1446,2021-08-17 18:39:26.663,,,false,5106851,"(-15.32349967956543,-57.220401763916016)",Porto Estrela,,,13,,PORTO ESTRELA,
1447,2021-08-17 18:39:27.381,,,false,5107008,"(-15.829922676086426,-54.420806884765625)",Poxoréo,,,13,,POXOREO,
1449,2021-08-17 18:39:28.816,,,false,5107065,"(-12.609299659729004,-52.182098388671875)",Querência,,,13,,QUERENCIA,
1450,2021-08-17 18:39:29.533,,,false,5107156,"(-15.074299812316895,-58.458499908447266)",Reserva do Cabaçal,,,13,,RESERVA DO CABACAL,
1451,2021-08-17 18:39:30.250,,,false,5107180,"(-12.936699867248535,-51.82440185546875)",Ribeirão Cascalheira,,,13,,RIBEIRAO CASCALHEIRA,
1453,2021-08-17 18:39:31.683,,,false,5107206,"(-15.248299598693848,-58.12590026855469)",Rio Branco,,,13,,RIO BRANCO,
1454,2021-08-17 18:39:32.400,,,false,5107578,"(-10.837599754333496,-61.46969985961914)",Rondolândia,,,13,,RONDOLANDIA,
1455,2021-08-17 18:39:33.117,,,false,5107602,"(-16.467300415039062,-54.63719940185547)",Rondonópolis,,,13,,RONDONOPOLIS,
1457,2021-08-17 18:39:34.553,,,false,5107750,"(-15.13029956817627,-58.13169860839844)",Salto do Céu,,,13,,SALTO DO CEU,
1458,2021-08-17 18:39:35.280,,,false,5107248,"(-11.912500381469727,-55.22629928588867)",Santa Carmem,,,13,,SANTA CARMEM,
1460,2021-08-17 18:39:36.725,,,false,5107768,"(-13.814599990844727,-55.270599365234375)",Santa Rita do Trivelato,,,13,,SANTA RITA DO TRIVELATO,
1461,2021-08-17 18:39:37.470,,,false,5107776,"(-10.470399856567383,-50.513999938964844)",Santa Terezinha,,,13,,SANTA TEREZINHA,
1462,2021-08-17 18:39:38.191,,,false,5107263,"(-14.494500160217285,-57.00910186767578)",Santo Afonso,,,13,,SANTO AFONSO,
1463,2021-08-17 18:39:38.907,,,false,5107792,"(-14.805000305175781,-53.60749816894531)",Santo Antônio do Leste,,,13,,SANTO ANTONIO DO LESTE,
1465,2021-08-17 18:39:40.343,,,false,5107859,"(-11.614999771118164,-50.67060089111328)",São Félix do Araguaia,,,13,,SAO FELIX DO ARAGUAIA,
1466,2021-08-17 18:39:41.060,,,false,5107297,"(-16.45490074157715,-54.24869918823242)",São José do Povo,,,13,,SAO JOSE DO POVO,
1467,2021-08-17 18:39:41.776,,,false,5107305,"(-13.439800262451172,-56.7218017578125)",São José do Rio Claro,,,13,,SAO JOSE DO RIO CLARO,
1469,2021-08-17 18:39:43.210,,,false,5107107,"(-15.627599716186523,-58.17720031738281)",São José dos Quatro Marcos,,,13,,SAO JOSE DOS QUATRO MARCOS,
1470,2021-08-17 18:39:43.927,,,false,5107404,"(-16.010900497436523,-54.917598724365234)",São Pedro da Cipa,,,13,,SAO PEDRO DA CIPA,
1471,2021-08-17 18:39:44.646,,,false,5107875,"(-12.9891996383667,-58.76449966430664)",Sapezal,,,13,,SAPEZAL,
1472,2021-08-17 18:39:45.363,,,false,5107883,"(-12.089599609375,-51.40250015258789)",Serra Nova Dourada,,,13,,SERRA NOVA DOURADA,
1473,2021-08-17 18:39:46.083,,,false,5107909,"(-11.860400199890137,-55.50910186767578)",Sinop,,,13,,SINOP,
1475,2021-08-17 18:39:47.516,,,false,5107941,"(-11.300700187683105,-56.831199645996094)",Tabaporã,,,13,,TABAPORA,
1476,2021-08-17 18:39:48.233,,,false,5107958,"(-14.622900009155273,-57.49330139160156)",Tangará da Serra,,,13,,TANGARA DA SERRA,
1477,2021-08-17 18:39:48.951,,,false,5108006,"(-12.694999694824219,-56.517799377441406)",Tapurah,,,13,,TAPURAH,
1479,2021-08-17 18:39:50.414,,,false,5108105,"(-16.080900192260742,-53.558998107910156)",Tesouro,,,13,,TESOURO,
1480,2021-08-17 18:39:51.131,,,false,5108204,"(-16.200599670410156,-52.557098388671875)",Torixoréu,,,13,,TORIXOREU,
1481,2021-08-17 18:39:51.847,,,false,5108303,"(-11.530799865722656,-54.36159896850586)",União do Sul,,,13,,UNIAO DO SUL,
1482,2021-08-17 18:39:52.564,,,false,5108352,"(-15.28600025177002,-59.06829833984375)",Vale de São Domingos,,,13,,VALE DE SAO DOMINGOS,
1483,2021-08-17 18:39:53.280,,,false,5108402,"(-15.64579963684082,-56.132198333740234)",Várzea Grande,,,13,,VARZEA GRANDE,
1485,2021-08-17 18:39:54.714,,,false,5105507,"(-15.006773948669434,-59.9504280090332)",Vila Bela da Santíssima Trindade,,,13,,VILA BELA DA SANTISSIMA TRINDADE,
1486,2021-08-17 18:39:55.431,,,false,5108600,"(-10.013699531555176,-51.11859893798828)",Vila Rica,,,13,,VILA RICA,
1487,2021-08-17 18:39:56.147,,,false,5000203,"(-20.445199966430664,-52.87900161743164)",Água Clara,,,12,,AGUA CLARA,
1489,2021-08-17 18:39:57.582,,,false,5000609,"(-23.10580062866211,-55.22529983520508)",Amambaí,,,12,,AMAMBAI,
1490,2021-08-17 18:39:58.310,,,false,5000708,"(-20.4822998046875,-55.81039810180664)",Anastácio,,,12,,ANASTACIO,
1491,2021-08-17 18:39:59.027,,,false,5000807,"(-22.185199737548828,-52.71910095214844)",Anaurilândia,,,12,,ANAURILANDIA,
1492,2021-08-17 18:39:59.755,,,false,5000856,"(-22.152700424194336,-53.77080154418945)",Angélica,,,12,,ANGELICA,
1494,2021-08-17 18:40:01.189,,,false,5001003,"(-20.087299346923828,-51.096099853515625)",Aparecida do Taboado,,,12,,APARECIDA DO TABOADO,
1495,2021-08-17 18:40:01.915,,,false,5001102,"(-20.46660041809082,-55.786800384521484)",Aquidauana,,,12,,AQUIDAUANA,
1496,2021-08-17 18:40:02.646,,,false,5001243,"(-22.938499450683594,-55.633399963378906)",Aral Moreira,,,12,,ARAL MOREIRA,
1497,2021-08-17 18:40:03.362,,,false,5001508,"(-19.927499771118164,-54.35850143432617)",Bandeirantes,,,12,,BANDEIRANTES,
1500,2021-08-17 18:40:04.796,,,false,5002100,"(-22.1072998046875,-56.52629852294922)",Bela Vista,,,12,,BELA VISTA,
1501,2021-08-17 18:40:05.539,,,false,5002159,"(-20.53700065612793,-56.71269989013672)",Bodoquena,,,12,,BODOQUENA,
1502,2021-08-17 18:40:06.301,,,false,5002209,"(-21.126100540161133,-56.48360061645508)",Bonito,,,12,,BONITO,
1503,2021-08-17 18:40:07.018,,,false,5002308,"(-21.2544002532959,-52.0364990234375)",Brasilândia,,,12,,BRASILANDIA,
1504,2021-08-17 18:40:07.735,,,false,5002407,"(-22.63680076599121,-54.820899963378906)",Caarapó,,,12,,CAARAPO,
1506,2021-08-17 18:40:09.169,,,false,5002704,"(-20.44860076904297,-54.62950134277344)",Campo Grande,,,12,,CAMPO GRANDE,
1507,2021-08-17 18:40:09.886,,,false,5002803,"(-22.01099967956543,-57.0276985168457)",Caracol,,,12,,CARACOL,
1508,2021-08-17 18:40:10.623,,,false,5002902,"(-19.117900848388672,-51.731300354003906)",Cassilândia,,,12,,CASSILANDIA,
1509,2021-08-17 18:40:11.340,,,false,5002951,"(-18.788000106811523,-52.62630081176758)",Chapadão do Sul,,,12,,CHAPADAO DO SUL,
1511,2021-08-17 18:40:12.773,,,false,5003157,"(-23.27239990234375,-55.527801513671875)",Coronel Sapucaia,,,12,,CORONEL SAPUCAIA,
1512,2021-08-17 18:40:13.490,,,false,5003207,"(-19.007699966430664,-57.6510009765625)",Corumbá,,,12,,CORUMBA,
1513,2021-08-17 18:40:14.207,,,false,5003256,"(-18.54319953918457,-53.128700256347656)",Costa Rica,,,12,,COSTA RICA,
1514,2021-08-17 18:40:14.924,,,false,5003306,"(-18.501300811767578,-54.750999450683594)",Coxim,,,12,,COXIM,
1516,2021-08-17 18:40:16.360,,,false,5003488,"(-20.684799194335938,-55.291500091552734)",Dois Irmãos do Buriti,,,12,,DOIS IRMAOS DO BURITI,
1517,2021-08-17 18:40:17.079,,,false,5003504,"(-22.04050064086914,-54.61579895019531)",Douradina,,,12,,DOURADINA,
1518,2021-08-17 18:40:17.796,,,false,5003702,"(-22.223100662231445,-54.8120002746582)",Dourados,,,12,,DOURADOS,
1519,2021-08-17 18:40:18.513,,,false,5003751,"(-23.786800384521484,-54.28379821777344)",Eldorado,,,12,,ELDORADO,
1521,2021-08-17 18:40:19.946,,,false,5003900,"(-18.67820930480957,-53.63798522949219)",Figueirão,,,12,,FIGUEIRAO,
1522,2021-08-17 18:40:20.686,,,false,5004007,"(-22.41360092163086,-54.23350143432617)",Glória de Dourados,,,12,,GLORIA DE DOURADOS,
1523,2021-08-17 18:40:21.438,,,false,5004106,"(-21.45829963684082,-56.111698150634766)",Guia Lopes da Laguna,,,12,,GUIA LOPES DA LAGUNA,
1526,2021-08-17 18:40:23.589,,,false,5004502,"(-22.079999923706055,-54.793399810791016)",Itaporã,,,12,,ITAPORA,
1528,2021-08-17 18:40:25.022,,,false,5004700,"(-22.30459976196289,-53.81840133666992)",Ivinhema,,,12,,IVINHEMA,
1529,2021-08-17 18:40:25.739,,,false,5004809,"(-23.890300750732422,-54.40589904785156)",Japorã,,,12,,JAPORA,
1530,2021-08-17 18:40:26.455,,,false,5004908,"(-20.138599395751953,-54.399600982666016)",Jaraguari,,,12,,JARAGUARI,
1531,2021-08-17 18:40:27.173,,,false,5005004,"(-21.479900360107422,-56.14889907836914)",Jardim,,,12,,JARDIM,
1532,2021-08-17 18:40:27.889,,,false,5005103,"(-22.480600357055664,-54.307899475097656)",Jateí,,,12,,JATEI,
1534,2021-08-17 18:40:29.656,,,false,5005202,"(-19.008899688720703,-57.5973014831543)",Ladário,,,12,,LADARIO,
1535,2021-08-17 18:40:30.372,,,false,5005251,"(-22.5447998046875,-55.15019989013672)",Laguna Carapã,,,12,,LAGUNA CARAPA,
1536,2021-08-17 18:40:31.089,,,false,5005400,"(-21.61050033569336,-55.16780090332031)",Maracaju,,,12,,MARACAJU,
1537,2021-08-17 18:40:31.805,,,false,5005608,"(-20.23550033569336,-56.37459945678711)",Miranda,,,12,,MIRANDA,
1539,2021-08-17 18:40:33.263,,,false,5005707,"(-23.061800003051758,-54.199501037597656)",Naviraí,,,12,,NAVIRAI,
1540,2021-08-17 18:40:33.981,,,false,5005806,"(-21.14189910888672,-55.8296012878418)",Nioaque,,,12,,NIOAQUE,
1541,2021-08-17 18:40:34.697,,,false,5006002,"(-21.465700149536133,-54.38249969482422)",Nova Alvorada do Sul,,,12,,NOVA ALVORADA DO SUL,
1542,2021-08-17 18:40:35.417,,,false,5006200,"(-22.238000869750977,-53.34370040893555)",Nova Andradina,,,12,,NOVA ANDRADINA,
1544,2021-08-17 18:40:36.898,,,false,5006309,"(-19.67460060119629,-51.19089889526367)",Paranaíba,,,12,,PARANAIBA,
1545,2021-08-17 18:40:37.615,,,false,5006358,"(-23.89109992980957,-55.42900085449219)",Paranhos,,,12,,PARANHOS,
1546,2021-08-17 18:40:38.332,,,false,5006408,"(-18.099599838256836,-54.55070114135742)",Pedro Gomes,,,12,,PEDRO GOMES,
1547,2021-08-17 18:40:39.049,,,false,5006606,"(-22.529600143432617,-55.720298767089844)",Ponta Porã,,,12,,PONTA PORA,
1549,2021-08-17 18:40:40.480,,,false,5007109,"(-20.444499969482422,-53.7588005065918)",Ribas do Rio Pardo,,,12,,RIBAS DO RIO PARDO,
1550,2021-08-17 18:40:41.197,,,false,5007208,"(-21.803300857543945,-54.542701721191406)",Rio Brilhante,,,12,,RIO BRILHANTE,
1551,2021-08-17 18:40:41.911,,,false,5007307,"(-19.44700050354004,-54.98590087890625)",Rio Negro,,,12,,RIO NEGRO,
1553,2021-08-17 18:40:43.345,,,false,5007505,"(-19.956499099731445,-54.88479995727539)",Rochedo,,,12,,ROCHEDO,
1554,2021-08-17 18:40:44.064,,,false,5007554,"(-21.301599502563477,-52.83330154418945)",Santa Rita do Pardo,,,12,,SANTA RITA DO PARDO,
1555,2021-08-17 18:40:44.781,,,false,5007695,"(-19.388900756835938,-54.55070114135742)",São Gabriel do Oeste,,,12,,SAO GABRIEL DO OESTE,
1556,2021-08-17 18:40:45.497,,,false,5007802,"(-20.36370086669922,-51.4192008972168)",Selvíria,,,12,,SELVIRIA,
1557,2021-08-17 18:40:46.219,,,false,5007703,"(-23.970500946044922,-55.039798736572266)",Sete Quedas,,,12,,SETE QUEDAS,
1559,2021-08-17 18:40:47.650,,,false,5007935,"(-17.569799423217773,-54.75510025024414)",Sonora,,,12,,SONORA,
1560,2021-08-17 18:40:48.367,,,false,5007950,"(-23.63599967956543,-55.01409912109375)",Tacuru,,,12,,TACURU,
1561,2021-08-17 18:40:49.084,,,false,5007976,"(-22.48979949951172,-53.351898193359375)",Taquarussu,,,12,,TAQUARUSSU,
1562,2021-08-17 18:40:49.801,,,false,5008008,"(-20.43779945373535,-54.86470031738281)",Terenos,,,12,,TERENOS,
1563,2021-08-17 18:40:50.517,,,false,5008305,"(-20.784900665283203,-51.70069885253906)",Três Lagoas,,,12,,TRES LAGOAS,
1565,2021-08-17 18:40:51.951,,,false,3100104,"(-18.48310089111328,-47.3916015625)",Abadia dos Dourados,,,11,,ABADIA DOS DOURADOS,
1566,2021-08-17 18:40:52.668,,,false,3100203,"(-19.155099868774414,-45.444400787353516)",Abaeté,,,11,,ABAETE,
1567,2021-08-17 18:40:53.385,,,false,3100302,"(-20.29960060119629,-42.474300384521484)",Abre Campo,,,11,,ABRE CAMPO,
1568,2021-08-17 18:40:54.102,,,false,3100401,"(-20.358999252319336,-43.14390182495117)",Acaiaca,,,11,,ACAIACA,
1569,2021-08-17 18:40:54.842,,,false,3100500,"(-19.067100524902344,-42.541900634765625)",Açucena,,,11,,ACUCENA,
1571,2021-08-17 18:40:56.276,,,false,3100708,"(-20.057600021362305,-48.10689926147461)",Água Comprida,,,11,,AGUA COMPRIDA,
1572,2021-08-17 18:40:56.992,,,false,3100807,"(-20.943899154663086,-45.39149856567383)",Aguanil,,,11,,AGUANIL,
1573,2021-08-17 18:40:57.708,,,false,3100906,"(-17.0802001953125,-40.93840026855469)",Águas Formosas,,,11,,AGUAS FORMOSAS,
1574,2021-08-17 18:40:58.425,,,false,3101003,"(-15.7431001663208,-41.45709991455078)",Águas Vermelhas,,,11,,AGUAS VERMELHAS,
1576,2021-08-17 18:40:59.861,,,false,3101201,"(-21.973600387573242,-44.60419845581055)",Aiuruoca,,,11,,AIURUOCA,
1577,2021-08-17 18:41:00.580,,,false,3101300,"(-22.17099952697754,-44.641300201416016)",Alagoa,,,11,,ALAGOA,
1578,2021-08-17 18:41:01.298,,,false,3101409,"(-22.201799392700195,-46.61389923095703)",Albertina,,,11,,ALBERTINA,
1579,2021-08-17 18:41:02.014,,,false,3101508,"(-21.87969970703125,-42.71760177612305)",Além Paraíba,,,11,,ALEM PARAIBA,
1580,2021-08-17 18:41:02.733,,,false,3101607,"(-21.425600051879883,-45.94770050048828)",Alfenas,,,11,,ALFENAS,
1582,2021-08-17 18:41:04.167,,,false,3101706,"(-16.178499221801758,-40.69419860839844)",Almenara,,,11,,ALMENARA,
1583,2021-08-17 18:41:04.883,,,false,3101805,"(-18.974000930786133,-41.970001220703125)",Alpercata,,,11,,ALPERCATA,
1584,2021-08-17 18:41:05.600,,,false,3101904,"(-20.863100051879883,-46.38779830932617)",Alpinópolis,,,11,,ALPINOPOLIS,
1585,2021-08-17 18:41:06.317,,,false,3102001,"(-21.24880027770996,-46.13869857788086)",Alterosa,,,11,,ALTEROSA,
1587,2021-08-17 18:41:07.758,,,false,3153509,"(-20.420799255371094,-41.96699905395508)",Alto Jequitibá,,,11,,ALTO JEQUITIBA,
1588,2021-08-17 18:41:08.475,,,false,3102100,"(-21.028099060058594,-43.406700134277344)",Alto Rio Doce,,,11,,ALTO RIO DOCE,
1589,2021-08-17 18:41:09.191,,,false,3102209,"(-19.417400360107422,-41.7317008972168)",Alvarenga,,,11,,ALVARENGA,
1590,2021-08-17 18:41:09.910,,,false,3102308,"(-20.109800338745117,-43.05350112915039)",Alvinópolis,,,11,,ALVINOPOLIS,
1592,2021-08-17 18:41:11.344,,,false,3102506,"(-20.50510025024414,-42.800899505615234)",Amparo do Serra,,,11,,AMPARO DO SERRA,
1593,2021-08-17 18:41:12.061,,,false,3102605,"(-22.069499969482422,-46.5723991394043)",Andradas,,,11,,ANDRADAS,
1594,2021-08-17 18:41:12.778,,,false,3102803,"(-21.741100311279297,-44.31169891357422)",Andrelândia,,,11,,ANDRELANDIA,
1597,2021-08-17 18:41:14.935,,,false,3103009,"(-19.649099349975586,-42.873199462890625)",Antônio Dias,,,11,,ANTONIO DIAS,
1598,2021-08-17 18:41:15.651,,,false,3103108,"(-21.01919937133789,-42.11090087890625)",Antônio Prado de Minas,,,11,,ANTONIO PRADO DE MINAS,
1599,2021-08-17 18:41:16.369,,,false,3103207,"(-19.195499420166016,-44.249298095703125)",Araçaí,,,11,,ARACAI,
1600,2021-08-17 18:41:17.085,,,false,3103306,"(-21.344600677490234,-43.373600006103516)",Aracitaba,,,11,,ARACITABA,
1602,2021-08-17 18:41:18.519,,,false,3103504,"(-18.645599365234375,-48.19340133666992)",Araguari,,,11,,ARAGUARI,
1603,2021-08-17 18:41:19.235,,,false,3103603,"(-21.910200119018555,-44.25550079345703)",Arantina,,,11,,ARANTINA,
1604,2021-08-17 18:41:19.953,,,false,3103702,"(-20.66860008239746,-42.517799377441406)",Araponga,,,11,,ARAPONGA,
1605,2021-08-17 18:41:20.669,,,false,3103751,"(-18.435699462890625,-49.18470001220703)",Araporã,,,11,,ARAPORA,
1606,2021-08-17 18:41:21.386,,,false,3103801,"(-19.02680015563965,-46.148399353027344)",Arapuá,,,11,,ARAPUA,
1608,2021-08-17 18:41:22.820,,,false,3104007,"(-19.590200424194336,-46.94380187988281)",Araxá,,,11,,ARAXA,
1609,2021-08-17 18:41:23.536,,,false,3104106,"(-21.358999252319336,-46.940101623535156)",Arceburgo,,,11,,ARCEBURGO,
1610,2021-08-17 18:41:24.253,,,false,3104205,"(-20.286300659179688,-45.53730010986328)",Arcos,,,11,,ARCOS,
1611,2021-08-17 18:41:24.971,,,false,3104304,"(-21.357200622558594,-46.1421012878418)",Areado,,,11,,AREADO,
1612,2021-08-17 18:41:25.687,,,false,3104403,"(-21.608299255371094,-42.829200744628906)",Argirita,,,11,,ARGIRITA,
1614,2021-08-17 18:41:27.118,,,false,3104502,"(-15.918700218200684,-46.10430145263672)",Arinos,,,11,,ARINOS,
1615,2021-08-17 18:41:27.837,,,false,3104601,"(-21.31839942932129,-42.857200622558594)",Astolfo Dutra,,,11,,ASTOLFO DUTRA,
1616,2021-08-17 18:41:28.556,,,false,3104700,"(-18.043800354003906,-41.114898681640625)",Ataléia,,,11,,ATALEIA,
1617,2021-08-17 18:41:29.273,,,false,3104809,"(-18.099700927734375,-44.265499114990234)",Augusto de Lima,,,11,,AUGUSTO DE LIMA,
1619,2021-08-17 18:41:30.711,,,false,3105004,"(-19.283199310302734,-43.961299896240234)",Baldim,,,11,,BALDIM,
1620,2021-08-17 18:41:31.429,,,false,3105103,"(-20.016599655151367,-45.975399017333984)",Bambuí,,,11,,BAMBUI,
1621,2021-08-17 18:41:32.145,,,false,3105202,"(-15.878299713134766,-40.562198638916016)",Bandeira,,,11,,BANDEIRA,
1622,2021-08-17 18:41:32.861,,,false,3105301,"(-21.73080062866211,-46.38330078125)",Bandeira do Sul,,,11,,BANDEIRA DO SUL,
1624,2021-08-17 18:41:34.295,,,false,3105509,"(-21.244400024414062,-42.23720169067383)",Barão de Monte Alto,,,11,,BARAO DE MONTE ALTO,
1625,2021-08-17 18:41:35.012,,,false,3105608,"(-21.221399307250977,-43.770301818847656)",Barbacena,,,11,,BARBACENA,
1626,2021-08-17 18:41:35.729,,,false,3105707,"(-20.28689956665039,-43.040199279785156)",Barra Longa,,,11,,BARRA LONGA,
1627,2021-08-17 18:41:36.446,,,false,3105905,"(-21.19070053100586,-43.97200012207031)",Barroso,,,11,,BARROSO,
1629,2021-08-17 18:41:37.880,,,false,3106101,"(-21.944000244140625,-43.40840148925781)",Belmiro Braga,,,11,,BELMIRO BRAGA,
1630,2021-08-17 18:41:38.596,,,false,3106200,"(-19.910200119018555,-43.92660140991211)",Belo Horizonte,,,11,,BELO HORIZONTE,
1631,2021-08-17 18:41:39.313,,,false,3106309,"(-19.219900131225586,-42.4827995300293)",Belo Oriente,,,11,,BELO ORIENTE,
1632,2021-08-17 18:41:40.030,,,false,3106408,"(-20.407699584960938,-44.02750015258789)",Belo Vale,,,11,,BELO VALE,
1633,2021-08-17 18:41:40.747,,,false,3106507,"(-16.95669937133789,-42.460601806640625)",Berilo,,,11,,BERILO,
1634,2021-08-17 18:41:41.463,,,false,3106655,"(-15.609999656677246,-41.74319839477539)",Berizal,,,11,,BERIZAL,
1636,2021-08-17 18:41:42.897,,,false,3106705,"(-19.966800689697266,-44.200801849365234)",Betim,,,11,,BETIM,
1637,2021-08-17 18:41:43.614,,,false,3106804,"(-21.601999282836914,-43.75740051269531)",Bias Fortes,,,11,,BIAS FORTES,
1638,2021-08-17 18:41:44.330,,,false,3106903,"(-21.72319984436035,-43.055999755859375)",Bicas,,,11,,BICAS,
1639,2021-08-17 18:41:45.047,,,false,3107000,"(-18.775400161743164,-45.497398376464844)",Biquinhas,,,11,,BIQUINHAS,
1641,2021-08-17 18:41:46.481,,,false,3107208,"(-22.169700622558594,-44.39720153808594)",Bocaina de Minas,,,11,,BOCAINA DE MINAS,
1642,2021-08-17 18:41:47.198,,,false,3107307,"(-17.113500595092773,-43.81039810180664)",Bocaiúva,,,11,,BOCAIUVA,
1643,2021-08-17 18:41:47.915,,,false,3107406,"(-19.73859977722168,-45.26219940185547)",Bom Despacho,,,11,,BOM DESPACHO,
1644,2021-08-17 18:41:48.634,,,false,3107505,"(-21.947900772094727,-44.188499450683594)",Bom Jardim de Minas,,,11,,BOM JARDIM DE MINAS,
1646,2021-08-17 18:41:50.091,,,false,3107703,"(-19.705400466918945,-43.47819900512695)",Bom Jesus do Amparo,,,11,,BOM JESUS DO AMPARO,
1647,2021-08-17 18:41:50.807,,,false,3107802,"(-19.836000442504883,-42.31650161743164)",Bom Jesus do Galho,,,11,,BOM JESUS DO GALHO,
1648,2021-08-17 18:41:51.527,,,false,3107901,"(-22.467500686645508,-46.14400100708008)",Bom Repouso,,,11,,BOM REPOUSO,
1649,2021-08-17 18:41:52.248,,,false,3108008,"(-21.032899856567383,-44.753700256347656)",Bom Sucesso,,,11,,BOM SUCESSO,
1651,2021-08-17 18:41:53.689,,,false,3108206,"(-16.56800079345703,-45.9838981628418)",Bonfinópolis de Minas,,,11,,BONFINOPOLIS DE MINAS,
1652,2021-08-17 18:41:54.406,,,false,3108255,"(-15.323100090026855,-44.75429916381836)",Bonito de Minas,,,11,,BONITO DE MINAS,
1653,2021-08-17 18:41:55.122,,,false,3108305,"(-22.270700454711914,-46.16529846191406)",Borda da Mata,,,11,,BORDA DA MATA,
1655,2021-08-17 18:41:56.557,,,false,3108503,"(-16.865699768066406,-43.00859832763672)",Botumirim,,,11,,BOTUMIRIM,
1656,2021-08-17 18:41:57.275,,,false,3108701,"(-20.841899871826172,-43.2406005859375)",Brás Pires,,,11,,BRAS PIRES,
1657,2021-08-17 18:41:57.993,,,false,3108552,"(-16.999900817871094,-46.00809860229492)",Brasilândia de Minas,,,11,,BRASILANDIA DE MINAS,
1659,2021-08-17 18:41:59.425,,,false,3108909,"(-22.47428321838379,-45.61655807495117)",Brasópolis,,,11,,BRASOPOLIS,
1660,2021-08-17 18:42:00.142,,,false,3108800,"(-19.05620002746582,-42.70989990234375)",Braúnas,,,11,,BRAUNAS,
1661,2021-08-17 18:42:00.859,,,false,3109006,"(-20.150999069213867,-44.20069885253906)",Brumadinho,,,11,,BRUMADINHO,
1662,2021-08-17 18:42:01.576,,,false,3109105,"(-22.43829917907715,-46.349098205566406)",Bueno Brandão,,,11,,BUENO BRANDAO,
1663,2021-08-17 18:42:02.293,,,false,3109204,"(-17.874399185180664,-44.1775016784668)",Buenópolis,,,11,,BUENOPOLIS,
1664,2021-08-17 18:42:03.010,,,false,3109253,"(-19.423099517822266,-42.25519943237305)",Bugre,,,11,,BUGRE,
1667,2021-08-17 18:42:05.160,,,false,3109451,"(-16.03350067138672,-47.08620071411133)",Cabeceira Grande,,,11,,CABECEIRA GRANDE,
1668,2021-08-17 18:42:05.888,,,false,3109501,"(-21.469900131225586,-46.39189910888672)",Cabo Verde,,,11,,CABO VERDE,
1669,2021-08-17 18:42:06.606,,,false,3109600,"(-19.520999908447266,-44.45439910888672)",Cachoeira da Prata,,,11,,CACHOEIRA DA PRATA,
1671,2021-08-17 18:42:08.036,,,false,3102704,"(-15.968799591064453,-41.49480056762695)",Cachoeira de Pajeú,,,11,,CACHOEIRA DE PAJEU,
1672,2021-08-17 18:42:08.753,,,false,3109808,"(-18.51609992980957,-49.50389862060547)",Cachoeira Dourada,,,11,,CACHOEIRA DOURADA,
1673,2021-08-17 18:42:09.477,,,false,3109907,"(-19.297100067138672,-44.41889953613281)",Caetanópolis,,,11,,CAETANOPOLIS,
1674,2021-08-17 18:42:10.194,,,false,3110004,"(-19.882600784301758,-43.6703987121582)",Caeté,,,11,,CAETE,
1675,2021-08-17 18:42:10.911,,,false,3110103,"(-20.695600509643555,-41.92919921875)",Caiana,,,11,,CAIANA,
1677,2021-08-17 18:42:12.344,,,false,3110301,"(-21.91830062866211,-46.384300231933594)",Caldas,,,11,,CALDAS,
1678,2021-08-17 18:42:13.061,,,false,3110400,"(-20.6294002532959,-45.1593017578125)",Camacho,,,11,,CAMACHO,
1679,2021-08-17 18:42:13.775,,,false,3110509,"(-22.75149917602539,-46.14939880371094)",Camanducaia,,,11,,CAMANDUCAIA,
1680,2021-08-17 18:42:14.492,,,false,3110608,"(-22.611499786376953,-46.05720138549805)",Cambuí,,,11,,CAMBUI,
1682,2021-08-17 18:42:15.942,,,false,3110806,"(-18.242700576782227,-41.73550033569336)",Campanário,,,11,,CAMPANARIO,
1683,2021-08-17 18:42:16.659,,,false,3110905,"(-21.836000442504883,-45.40039825439453)",Campanha,,,11,,CAMPANHA,
1684,2021-08-17 18:42:17.375,,,false,3111002,"(-21.70789909362793,-46.23809814453125)",Campestre,,,11,,CAMPESTRE,
1685,2021-08-17 18:42:18.092,,,false,3111101,"(-19.53820037841797,-49.48619842529297)",Campina Verde,,,11,,CAMPINA VERDE,
1687,2021-08-17 18:42:19.526,,,false,3111200,"(-20.893199920654297,-45.269901275634766)",Campo Belo,,,11,,CAMPO BELO,
1688,2021-08-17 18:42:20.244,,,false,3111309,"(-21.112699508666992,-45.827301025390625)",Campo do Meio,,,11,,CAMPO DO MEIO,
1689,2021-08-17 18:42:20.962,,,false,3111408,"(-19.763099670410156,-48.57160186767578)",Campo Florido,,,11,,CAMPO FLORIDO,
1690,2021-08-17 18:42:21.681,,,false,3111507,"(-19.6914005279541,-46.17250061035156)",Campos Altos,,,11,,CAMPOS ALTOS,
1692,2021-08-17 18:42:23.117,,,false,3111903,"(-21.0231990814209,-45.18009948730469)",Cana Verde,,,11,,CANA VERDE,
1693,2021-08-17 18:42:23.833,,,false,3111705,"(-20.686899185180664,-42.61669921875)",Canaã,,,11,,CANAA,
1694,2021-08-17 18:42:24.551,,,false,3111804,"(-18.721200942993164,-49.20349884033203)",Canápolis,,,11,,CANAPOLIS,
1695,2021-08-17 18:42:25.268,,,false,3112000,"(-20.76919937133789,-45.2765007019043)",Candeias,,,11,,CANDEIAS,
1696,2021-08-17 18:42:25.989,,,false,3112059,"(-18.524799346923828,-42.62229919433594)",Cantagalo,,,11,,CANTAGALO,
1698,2021-08-17 18:42:27.425,,,false,3112208,"(-20.91790008544922,-43.62200164794922)",Capela Nova,,,11,,CAPELA NOVA,
1699,2021-08-17 18:42:28.153,,,false,3112307,"(-17.688800811767578,-42.51470184326172)",Capelinha,,,11,,CAPELINHA,
1700,2021-08-17 18:42:28.870,,,false,3112406,"(-20.616300582885742,-47.057098388671875)",Capetinga,,,11,,CAPETINGA,
1701,2021-08-17 18:42:29.587,,,false,3112505,"(-19.547100067138672,-44.130401611328125)",Capim Branco,,,11,,CAPIM BRANCO,
1703,2021-08-17 18:42:31.020,,,false,3112653,"(-19.074800491333008,-41.86140060424805)",Capitão Andrade,,,11,,CAPITAO ANDRADE,
1704,2021-08-17 18:42:31.738,,,false,3112703,"(-16.326499938964844,-43.70840072631836)",Capitão Enéas,,,11,,CAPITAO ENEAS,
1705,2021-08-17 18:42:32.455,,,false,3112802,"(-20.61639976501465,-46.04930114746094)",Capitólio,,,11,,CAPITOLIO,
1706,2021-08-17 18:42:33.179,,,false,3112901,"(-20.170299530029297,-42.2682991027832)",Caputira,,,11,,CAPUTIRA,
1708,2021-08-17 18:42:34.671,,,false,3113107,"(-20.87070083618164,-43.74169921875)",Caranaíba,,,11,,CARANAIBA,
1709,2021-08-17 18:42:35.408,,,false,3113206,"(-20.956600189208984,-43.81100082397461)",Carandaí,,,11,,CARANDAI,
1710,2021-08-17 18:42:36.151,,,false,3113305,"(-20.73430061340332,-42.03129959106445)",Carangola,,,11,,CARANGOLA,
1711,2021-08-17 18:42:36.887,,,false,3113404,"(-19.786800384521484,-42.12919998168945)",Caratinga,,,11,,CARATINGA,
1713,2021-08-17 18:42:38.362,,,false,3113602,"(-22.042400360107422,-45.69599914550781)",Careaçu,,,11,,CAREACU,
1714,2021-08-17 18:42:39.100,,,false,3113701,"(-17.69729995727539,-40.772300720214844)",Carlos Chagas,,,11,,CARLOS CHAGAS,
1715,2021-08-17 18:42:39.840,,,false,3113800,"(-19.08769989013672,-43.13819885253906)",Carmésia,,,11,,CARMESIA,
1717,2021-08-17 18:42:41.320,,,false,3114006,"(-20.5575008392334,-44.87350082397461)",Carmo da Mata,,,11,,CARMO DA MATA,
1718,2021-08-17 18:42:42.061,,,false,3114105,"(-22.120399475097656,-45.130699157714844)",Carmo de Minas,,,11,,CARMO DE MINAS,
1719,2021-08-17 18:42:42.797,,,false,3114204,"(-20.191200256347656,-44.76639938354492)",Carmo do Cajuru,,,11,,CARMO DO CAJURU,
1720,2021-08-17 18:42:43.535,,,false,3114303,"(-18.990999221801758,-46.31669998168945)",Carmo do Paranaíba,,,11,,CARMO DO PARANAIBA,
1722,2021-08-17 18:42:45.011,,,false,3114501,"(-20.539600372314453,-44.63359832763672)",Carmópolis de Minas,,,11,,CARMOPOLIS DE MINAS,
1723,2021-08-17 18:42:45.751,,,false,3114550,"(-19.698699951171875,-50.68939971923828)",Carneirinho,,,11,,CARNEIRINHO,
1724,2021-08-17 18:42:46.489,,,false,3114600,"(-21.48979949951172,-44.64459991455078)",Carrancas,,,11,,CARRANCAS,
1725,2021-08-17 18:42:47.229,,,false,3114709,"(-21.773500442504883,-45.842098236083984)",Carvalhópolis,,,11,,CARVALHOPOLIS,
1726,2021-08-17 18:42:47.967,,,false,3114808,"(-22,-44.463199615478516)",Carvalhos,,,11,,CARVALHOS,
1728,2021-08-17 18:42:49.437,,,false,3115003,"(-18.577199935913086,-47.87160110473633)",Cascalho Rico,,,11,,CASCALHO RICO,
1729,2021-08-17 18:42:50.177,,,false,3115102,"(-20.583099365234375,-46.920101165771484)",Cássia,,,11,,CASSIA,
1730,2021-08-17 18:42:50.912,,,false,3115300,"(-21.39240074157715,-42.68960189819336)",Cataguases,,,11,,CATAGUASES,
1731,2021-08-17 18:42:51.640,,,false,3115359,"(-20.073400497436523,-43.40610122680664)",Catas Altas,,,11,,CATAS ALTAS,
1733,2021-08-17 18:42:53.092,,,false,3115458,"(-17.301799774169922,-41.5275993347168)",Catuji,,,11,,CATUJI,
1734,2021-08-17 18:42:53.820,,,false,3115474,"(-15.361599922180176,-42.96269989013672)",Catuti,,,11,,CATUTI,
1736,2021-08-17 18:42:55.273,,,false,3115607,"(-19.14579963684082,-45.71200180053711)",Cedro do Abaeté,,,11,,CEDRO DO ABAETE,
1738,2021-08-17 18:42:56.730,,,false,3115805,"(-18.5851993560791,-49.20140075683594)",Centralina,,,11,,CENTRALINA,
1739,2021-08-17 18:42:57.457,,,false,3115904,"(-21.67329978942871,-43.21500015258789)",Chácara,,,11,,CHACARA,
1740,2021-08-17 18:42:58.182,,,false,3116001,"(-20.045299530029297,-41.689701080322266)",Chalé,,,11,,CHALE,
1741,2021-08-17 18:42:58.909,,,false,3116100,"(-17.08810043334961,-42.53919982910156)",Chapada do Norte,,,11,,CHAPADA DO NORTE,
1742,2021-08-17 18:42:59.635,,,false,3116159,"(-15.301400184631348,-45.61159896850586)",Chapada Gaúcha,,,11,,CHAPADA GAUCHA,
1744,2021-08-17 18:43:01.087,,,false,3116308,"(-20.902599334716797,-43.36289978027344)",Cipotânea,,,11,,CIPOTANEA,
1745,2021-08-17 18:43:01.813,,,false,3116407,"(-20.39699935913086,-47.276798248291016)",Claraval,,,11,,CLARAVAL,
1746,2021-08-17 18:43:02.539,,,false,3116506,"(-17.082000732421875,-44.20610046386719)",Claro dos Poções,,,11,,CLARO DOS POCOES,
1747,2021-08-17 18:43:03.265,,,false,3116605,"(-20.443700790405273,-44.76729965209961)",Cláudio,,,11,,CLAUDIO,
1749,2021-08-17 18:43:04.723,,,false,3116803,"(-18.23110008239746,-42.835201263427734)",Coluna,,,11,,COLUNA,
1750,2021-08-17 18:43:05.450,,,false,3116902,"(-19.69729995727539,-49.07889938354492)",Comendador Gomes,,,11,,COMENDADOR GOMES,
1751,2021-08-17 18:43:06.179,,,false,3117009,"(-16.296300888061523,-41.794498443603516)",Comercinho,,,11,,COMERCINHO,
1753,2021-08-17 18:43:07.631,,,false,3115201,"(-21.13159942626953,-44.472900390625)",Conceição da Barra de Minas,,,11,,CONCEICAO DA BARRA DE MINAS,
1754,2021-08-17 18:43:08.358,,,false,3117306,"(-19.917200088500977,-48.3838996887207)",Conceição das Alagoas,,,11,,CONCEICAO DAS ALAGOAS,
1755,2021-08-17 18:43:09.083,,,false,3117207,"(-22.15760040283203,-45.456199645996094)",Conceição das Pedras,,,11,,CONCEICAO DAS PEDRAS,
1757,2021-08-17 18:43:10.540,,,false,3117504,"(-19.034400939941406,-43.42210006713867)",Conceição do Mato Dentro,,,11,,CONCEICAO DO MATO DENTRO,
1758,2021-08-17 18:43:11.267,,,false,3117603,"(-19.7455997467041,-44.894500732421875)",Conceição do Pará,,,11,,CONCEICAO DO PARA,
1759,2021-08-17 18:43:11.993,,,false,3117702,"(-21.87779998779297,-45.08700180053711)",Conceição do Rio Verde,,,11,,CONCEICAO DO RIO VERDE,
1760,2021-08-17 18:43:12.722,,,false,3117801,"(-22.407800674438477,-45.799598693847656)",Conceição dos Ouros,,,11,,CONCEICAO DOS OUROS,
1762,2021-08-17 18:43:14.176,,,false,3117876,"(-19.62820053100586,-43.993099212646484)",Confins,,,11,,CONFINS,
1763,2021-08-17 18:43:14.901,,,false,3117900,"(-22.148799896240234,-46.042999267578125)",Congonhal,,,11,,CONGONHAL,
1764,2021-08-17 18:43:15.628,,,false,3118007,"(-20.495800018310547,-43.85100173950195)",Congonhas,,,11,,CONGONHAS,
1765,2021-08-17 18:43:16.356,,,false,3118106,"(-18.802099227905273,-43.676700592041016)",Congonhas do Norte,,,11,,CONGONHAS DO NORTE,
1767,2021-08-17 18:43:17.808,,,false,3118304,"(-20.663400650024414,-43.78459930419922)",Conselheiro Lafaiete,,,11,,CONSELHEIRO LAFAIETE,
1768,2021-08-17 18:43:18.535,,,false,3118403,"(-19.17889976501465,-41.47359848022461)",Conselheiro Pena,,,11,,CONSELHEIRO PENA,
1769,2021-08-17 18:43:19.269,,,false,3118502,"(-22.549299240112305,-45.925498962402344)",Consolação,,,11,,CONSOLACAO,
1770,2021-08-17 18:43:19.996,,,false,3118601,"(-19.932100296020508,-44.05390167236328)",Contagem,,,11,,CONTAGEM,
1772,2021-08-17 18:43:21.449,,,false,3118809,"(-16.684099197387695,-44.36349868774414)",Coração de Jesus,,,11,,CORACAO DE JESUS,
1773,2021-08-17 18:43:22.177,,,false,3118908,"(-19.122400283813477,-44.3223991394043)",Cordisburgo,,,11,,CORDISBURGO,
1774,2021-08-17 18:43:22.905,,,false,3119005,"(-21.789100646972656,-45.69990158081055)",Cordislândia,,,11,,CORDISLANDIA,
1775,2021-08-17 18:43:23.631,,,false,3119104,"(-18.368999481201172,-44.454200744628906)",Corinto,,,11,,CORINTO,
1777,2021-08-17 18:43:25.083,,,false,3119302,"(-18.473400115966797,-47.19329833984375)",Coromandel,,,11,,COROMANDEL,
1778,2021-08-17 18:43:25.810,,,false,3119401,"(-19.517900466918945,-42.627601623535156)",Coronel Fabriciano,,,11,,CORONEL FABRICIANO,
1779,2021-08-17 18:43:26.538,,,false,3119500,"(-16.61479949951172,-42.183998107910156)",Coronel Murta,,,11,,CORONEL MURTA,
1781,2021-08-17 18:43:27.994,,,false,3119708,"(-21.027700424194336,-44.22060012817383)",Coronel Xavier Chaves,,,11,,CORONEL XAVIER CHAVES,
1782,2021-08-17 18:43:28.721,,,false,3119807,"(-19.819799423217773,-45.9031982421875)",Córrego Danta,,,11,,CORREGO DANTA,
1783,2021-08-17 18:43:29.450,,,false,3119906,"(-22.62689971923828,-46.02410125732422)",Córrego do Bom Jesus,,,11,,CORREGO DO BOM JESUS,
1784,2021-08-17 18:43:30.176,,,false,3119955,"(-20.447399139404297,-45.56169891357422)",Córrego Fundo,,,11,,CORREGO FUNDO,
1786,2021-08-17 18:43:31.628,,,false,3120102,"(-18.07270050048828,-43.46480178833008)",Couto de Magalhães de Minas,,,11,,COUTO DE MAGALHAES DE MINAS,
1787,2021-08-17 18:43:32.354,,,false,3120151,"(-17.238100051879883,-40.918399810791016)",Crisólita,,,11,,CRISOLITA,
1788,2021-08-17 18:43:33.082,,,false,3120201,"(-20.873300552368164,-45.516700744628906)",Cristais,,,11,,CRISTAIS,
1790,2021-08-17 18:43:34.548,,,false,3120409,"(-20.832399368286133,-43.81660079956055)",Cristiano Otoni,,,11,,CRISTIANO OTONI,
1791,2021-08-17 18:43:35.274,,,false,3120508,"(-22.20800018310547,-45.26729965209961)",Cristina,,,11,,CRISTINA,
1792,2021-08-17 18:43:36.001,,,false,3120607,"(-20.39229965209961,-44.33340072631836)",Crucilândia,,,11,,CRUCILANDIA,
1793,2021-08-17 18:43:36.727,,,false,3120706,"(-18.944000244140625,-46.666900634765625)",Cruzeiro da Fortaleza,,,11,,CRUZEIRO DA FORTALEZA,
1795,2021-08-17 18:43:38.179,,,false,3120839,"(-18.964799880981445,-41.09859848022461)",Cuparaque,,,11,,CUPARAQUE,
1796,2021-08-17 18:43:38.908,,,false,3120870,"(-15.932700157165527,-41.8557014465332)",Curral de Dentro,,,11,,CURRAL DE DENTRO,
1797,2021-08-17 18:43:39.633,,,false,3120904,"(-18.752700805664062,-44.430301666259766)",Curvelo,,,11,,CURVELO,
1798,2021-08-17 18:43:40.360,,,false,3121001,"(-18.447799682617188,-43.65909957885742)",Datas,,,11,,DATAS,
1800,2021-08-17 18:43:41.813,,,false,3121209,"(-20.346799850463867,-46.84560012817383)",Delfinópolis,,,11,,DELFINOPOLIS,
1801,2021-08-17 18:43:42.538,,,false,3121258,"(-19.97209930419922,-47.78409957885742)",Delta,,,11,,DELTA,
1802,2021-08-17 18:43:43.264,,,false,3121308,"(-21.459999084472656,-42.96179962158203)",Descoberto,,,11,,DESCOBERTO,
1804,2021-08-17 18:43:44.721,,,false,3121506,"(-21.14299964904785,-43.517799377441406)",Desterro do Melo,,,11,,DESTERRO DO MELO,
1806,2021-08-17 18:43:46.190,,,false,3121704,"(-20.487899780273438,-43.1953010559082)",Diogo de Vasconcelos,,,11,,DIOGO DE VASCONCELOS,
1807,2021-08-17 18:43:46.920,,,false,3121803,"(-19.843299865722656,-42.77009963989258)",Dionísio,,,11,,DIONISIO,
1808,2021-08-17 18:43:47.653,,,false,3121902,"(-20.99169921875,-43.000301361083984)",Divinésia,,,11,,DIVINESIA,
1809,2021-08-17 18:43:48.384,,,false,3122009,"(-20.613399505615234,-42.143798828125)",Divino,,,11,,DIVINO,
1811,2021-08-17 18:43:49.855,,,false,3122207,"(-18.800399780273438,-42.61029815673828)",Divinolândia de Minas,,,11,,DIVINOLANDIA DE MINAS,
1919,2021-08-17 18:43:50.581,,,false,3131158,"(-19.415800094604492,-42.41389846801758)",Ipaba,,,11,,IPABA,
1812,2021-08-17 18:43:51.307,,,false,3122306,"(-20.14459991455078,-44.89120101928711)",Divinópolis,,,11,,DIVINOPOLIS,
1813,2021-08-17 18:43:52.033,,,false,3122355,"(-15.722100257873535,-41.34629821777344)",Divisa Alegre,,,11,,DIVISA ALEGRE,
1815,2021-08-17 18:43:53.487,,,false,3122454,"(-15.7253999710083,-40.999698638916016)",Divisópolis,,,11,,DIVISOPOLIS,
1816,2021-08-17 18:43:54.213,,,false,3122470,"(-16.652000427246094,-46.259700775146484)",Dom Bosco,,,11,,DOM BOSCO,
1817,2021-08-17 18:43:54.940,,,false,3122504,"(-19.37350082397461,-42.112098693847656)",Dom Cavati,,,11,,DOM CAVATI,
1818,2021-08-17 18:43:55.666,,,false,3122603,"(-18.961000442504883,-43.254398345947266)",Dom Joaquim,,,11,,DOM JOAQUIM,
1820,2021-08-17 18:43:57.118,,,false,3122801,"(-22.251100540161133,-45.16429901123047)",Dom Viçoso,,,11,,DOM VICOSO,
1821,2021-08-17 18:43:57.844,,,false,3122900,"(-21.319000244140625,-42.80699920654297)",Dona Eusébia,,,11,,DONA EUSEBIA,
1822,2021-08-17 18:43:58.571,,,false,3123007,"(-21.11389923095703,-44.02069854736328)",Dores de Campos,,,11,,DORES DE CAMPOS,
1823,2021-08-17 18:43:59.297,,,false,3123106,"(-19.051599502563477,-42.92539978027344)",Dores de Guanhães,,,11,,DORES DE GUANHAES,
1825,2021-08-17 18:44:00.749,,,false,3123304,"(-20.978500366210938,-43.18339920043945)",Dores do Turvo,,,11,,DORES DO TURVO,
1826,2021-08-17 18:44:01.475,,,false,3123403,"(-20.286800384521484,-45.900699615478516)",Doresópolis,,,11,,DORESOPOLIS,
1827,2021-08-17 18:44:02.201,,,false,3123502,"(-18.433799743652344,-47.599300384521484)",Douradoquara,,,11,,DOURADOQUARA,
1828,2021-08-17 18:44:02.927,,,false,3123528,"(-20.205799102783203,-41.797698974609375)",Durandé,,,11,,DURANDE,
1830,2021-08-17 18:44:04.412,,,false,3123700,"(-19.206499099731445,-42.05030059814453)",Engenheiro Caldas,,,11,,ENGENHEIRO CALDAS,
1831,2021-08-17 18:44:05.137,,,false,3123809,"(-17.283100128173828,-43.946998596191406)",Engenheiro Navarro,,,11,,ENGENHEIRO NAVARRO,
1832,2021-08-17 18:44:05.865,,,false,3123858,"(-19.62179946899414,-42.23059844970703)",Entre Folhas,,,11,,ENTRE FOLHAS,
1834,2021-08-17 18:44:07.319,,,false,3124005,"(-20.840299606323242,-42.65439987182617)",Ervália,,,11,,ERVALIA,
1835,2021-08-17 18:44:08.045,,,false,3124104,"(-19.763999938964844,-44.30649948120117)",Esmeraldas,,,11,,ESMERALDAS,
1836,2021-08-17 18:44:08.771,,,false,3124203,"(-20.650800704956055,-41.91189956665039)",Espera Feliz,,,11,,ESPERA FELIZ,
1837,2021-08-17 18:44:09.497,,,false,3124302,"(-14.92490005493164,-42.808998107910156)",Espinosa,,,11,,ESPINOSA,
1839,2021-08-17 18:44:10.949,,,false,3124500,"(-22.457700729370117,-46.019100189208984)",Estiva,,,11,,ESTIVA,
1840,2021-08-17 18:44:11.676,,,false,3124609,"(-21.741199493408203,-42.457401275634766)",Estrela Dalva,,,11,,ESTRELA DALVA,
1841,2021-08-17 18:44:12.402,,,false,3124708,"(-19.51689910888672,-45.7859001159668)",Estrela do Indaiá,,,11,,ESTRELA DO INDAIA,
1842,2021-08-17 18:44:13.127,,,false,3124807,"(-18.739900588989258,-47.69559860229492)",Estrela do Sul,,,11,,ESTRELA DO SUL,
1843,2021-08-17 18:44:13.855,,,false,3124906,"(-21.100200653076172,-42.187801361083984)",Eugenópolis,,,11,,EUGENOPOLIS,
1845,2021-08-17 18:44:15.308,,,false,3125101,"(-22.854000091552734,-46.31779861450195)",Extrema,,,11,,EXTREMA,
1846,2021-08-17 18:44:16.037,,,false,3125200,"(-21.408899307250977,-45.8286018371582)",Fama,,,11,,FAMA,
1847,2021-08-17 18:44:16.762,,,false,3125309,"(-20.80970001220703,-42.02130126953125)",Faria Lemos,,,11,,FARIA LEMOS,
1848,2021-08-17 18:44:17.489,,,false,3125408,"(-18.07550048828125,-43.2421989440918)",Felício dos Santos,,,11,,FELICIO DOS SANTOS,
1849,2021-08-17 18:44:18.215,,,false,3125606,"(-16.63479995727539,-40.760501861572266)",Felisburgo,,,11,,FELISBURGO,
1850,2021-08-17 18:44:18.944,,,false,3125705,"(-18.750699996948242,-44.90039825439453)",Felixlândia,,,11,,FELIXLANDIA,
1852,2021-08-17 18:44:20.398,,,false,3125903,"(-19.23430061340332,-43.01919937133789)",Ferros,,,11,,FERROS,
1853,2021-08-17 18:44:21.124,,,false,3125952,"(-20.72599983215332,-42.27899932861328)",Fervedouro,,,11,,FERVEDOURO,
1854,2021-08-17 18:44:21.850,,,false,3126000,"(-19.88800048828125,-44.431800842285156)",Florestal,,,11,,FLORESTAL,
1855,2021-08-17 18:44:22.577,,,false,3126109,"(-20.46179962158203,-45.42679977416992)",Formiga,,,11,,FORMIGA,
1856,2021-08-17 18:44:23.303,,,false,3126208,"(-14.944600105285645,-46.237098693847656)",Formoso,,,11,,FORMOSO,
1858,2021-08-17 18:44:24.755,,,false,3126406,"(-19.55780029296875,-44.447200775146484)",Fortuna de Minas,,,11,,FORTUNA DE MINAS,
1859,2021-08-17 18:44:25.482,,,false,3126505,"(-16.988300323486328,-42.3568000793457)",Francisco Badaró,,,11,,FRANCISCO BADARO,
1860,2021-08-17 18:44:26.213,,,false,3126604,"(-17.310699462890625,-44.2317008972168)",Francisco Dumont,,,11,,FRANCISCO DUMONT,
1862,2021-08-17 18:44:27.665,,,false,3126752,"(-17.957799911499023,-42.0093994140625)",Franciscópolis,,,11,,FRANCISCOPOLIS,
1863,2021-08-17 18:44:28.398,,,false,3126802,"(-18.070899963378906,-41.432498931884766)",Frei Gaspar,,,11,,FREI GASPAR,
1864,2021-08-17 18:44:29.125,,,false,3126901,"(-18.555599212646484,-41.91210174560547)",Frei Inocêncio,,,11,,FREI INOCENCIO,
1865,2021-08-17 18:44:29.854,,,false,3126950,"(-18.175100326538086,-42.76169967651367)",Frei Lagonegro,,,11,,FREI LAGONEGRO,
1867,2021-08-17 18:44:31.311,,,false,3127057,"(-16.889799118041992,-40.92300033569336)",Fronteira dos Vales,,,11,,FRONTEIRA DOS VALES,
1868,2021-08-17 18:44:32.041,,,false,3127073,"(-16.122499465942383,-42.52880096435547)",Fruta de Leite,,,11,,FRUTA DE LEITE,
1869,2021-08-17 18:44:32.770,,,false,3127107,"(-20.02589988708496,-48.93550109863281)",Frutal,,,11,,FRUTAL,
1870,2021-08-17 18:44:33.498,,,false,3127206,"(-19.366100311279297,-44.06100082397461)",Funilândia,,,11,,FUNILANDIA,
1872,2021-08-17 18:44:34.953,,,false,3127339,"(-15.082900047302246,-43.125)",Gameleiras,,,11,,GAMELEIRAS,
1873,2021-08-17 18:44:35.679,,,false,3127354,"(-16.848100662231445,-43.69200134277344)",Glaucilândia,,,11,,GLAUCILANDIA,
1874,2021-08-17 18:44:36.405,,,false,3127370,"(-18.98069953918457,-41.2234992980957)",Goiabeira,,,11,,GOIABEIRA,
1875,2021-08-17 18:44:37.131,,,false,3127388,"(-21.535999298095703,-43.195701599121094)",Goianá,,,11,,GOIANA,
1877,2021-08-17 18:44:38.586,,,false,3127503,"(-18.819599151611328,-42.476898193359375)",Gonzaga,,,11,,GONZAGA,
1878,2021-08-17 18:44:39.311,,,false,3127602,"(-18.451900482177734,-43.7422981262207)",Gouveia,,,11,,GOUVEIA,
1879,2021-08-17 18:44:40.038,,,false,3127701,"(-18.85449981689453,-41.955501556396484)",Governador Valadares,,,11,,GOVERNADOR VALADARES,
1880,2021-08-17 18:44:40.764,,,false,3127800,"(-16.566200256347656,-42.89229965209961)",Grão Mogol,,,11,,GRAO MOGOL,
1882,2021-08-17 18:44:42.218,,,false,3128006,"(-18.771299362182617,-42.93119812011719)",Guanhães,,,11,,GUANHAES,
1883,2021-08-17 18:44:42.947,,,false,3128105,"(-20.763099670410156,-45.915199279785156)",Guapé,,,11,,GUAPE,
1884,2021-08-17 18:44:43.673,,,false,3128204,"(-20.57159996032715,-43.0093994140625)",Guaraciaba,,,11,,GUARACIABA,
1885,2021-08-17 18:44:44.402,,,false,3128253,"(-17.01420021057129,-43.66749954223633)",Guaraciama,,,11,,GUARACIAMA,
1887,2021-08-17 18:44:45.859,,,false,3128402,"(-21.356300354003906,-43.032798767089844)",Guarani,,,11,,GUARANI,
1888,2021-08-17 18:44:46.592,,,false,3128501,"(-21.73040008544922,-43.03340148925781)",Guarará,,,11,,GUARARA,
1889,2021-08-17 18:44:47.318,,,false,3128600,"(-17.76729965209961,-47.09980010986328)",Guarda-Mor,,,11,,GUARDA-MOR,
1890,2021-08-17 18:44:48.044,,,false,3128709,"(-21.30500030517578,-46.708099365234375)",Guaxupé,,,11,,GUAXUPE,
1891,2021-08-17 18:44:48.770,,,false,3128808,"(-21.155000686645508,-42.788700103759766)",Guidoval,,,11,,GUIDOVAL,
1893,2021-08-17 18:44:50.222,,,false,3129004,"(-21.00979995727539,-42.720699310302734)",Guiricema,,,11,,GUIRICEMA,
1894,2021-08-17 18:44:50.948,,,false,3129103,"(-19.21430015563965,-49.787601470947266)",Gurinhatã,,,11,,GURINHATA,
1895,2021-08-17 18:44:51.675,,,false,3129202,"(-22.06439971923828,-45.5452995300293)",Heliodora,,,11,,HELIODORA,
1896,2021-08-17 18:44:52.404,,,false,3129301,"(-19.43869972229004,-42.214698791503906)",Iapu,,,11,,IAPU,
1898,2021-08-17 18:44:53.857,,,false,3129509,"(-19.474899291992188,-46.547401428222656)",Ibiá,,,11,,IBIA,
1899,2021-08-17 18:44:54.583,,,false,3129608,"(-16.859100341796875,-44.904598236083984)",Ibiaí,,,11,,IBIAI,
1900,2021-08-17 18:44:55.310,,,false,3129657,"(-15.660499572753906,-44.16669845581055)",Ibiracatu,,,11,,IBIRACATU,
1901,2021-08-17 18:44:56.036,,,false,3129707,"(-20.46109962463379,-47.12220001220703)",Ibiraci,,,11,,IBIRACI,
1902,2021-08-17 18:44:56.761,,,false,3129806,"(-20.02519989013672,-44.05690002441406)",Ibirité,,,11,,IBIRITE,
1904,2021-08-17 18:44:58.216,,,false,3130002,"(-21.15410041809082,-44.74789810180664)",Ibituruna,,,11,,IBITURUNA,
1905,2021-08-17 18:44:58.942,,,false,3130051,"(-16.214000701904297,-44.90340042114258)",Icaraí de Minas,,,11,,ICARAI DE MINAS,
1906,2021-08-17 18:44:59.668,,,false,3130101,"(-20.07069969177246,-44.299400329589844)",Igarapé,,,11,,IGARAPE,
1907,2021-08-17 18:45:00.398,,,false,3130200,"(-19.947599411010742,-44.706298828125)",Igaratinga,,,11,,IGARATINGA,
1908,2021-08-17 18:45:01.130,,,false,3130309,"(-20.177600860595703,-45.71110153198242)",Iguatama,,,11,,IGUATAMA,
1909,2021-08-17 18:45:01.886,,,false,3130408,"(-21.173799514770508,-44.923301696777344)",Ijaci,,,11,,IJACI,
1911,2021-08-17 18:45:03.369,,,false,3130556,"(-19.601699829101562,-41.96950149536133)",Imbé de Minas,,,11,,IMBE DE MINAS,
1912,2021-08-17 18:45:04.094,,,false,3130606,"(-22.313600540161133,-46.32640075683594)",Inconfidentes,,,11,,INCONFIDENTES,
1913,2021-08-17 18:45:04.821,,,false,3130655,"(-15.491100311279297,-42.20050048828125)",Indaiabira,,,11,,INDAIABIRA,
1915,2021-08-17 18:45:06.273,,,false,3130804,"(-21.40239906311035,-44.915199279785156)",Ingaí,,,11,,INGAI,
1916,2021-08-17 18:45:06.999,,,false,3130903,"(-19.54759979248047,-42.11470031738281)",Inhapim,,,11,,INHAPIM,
1917,2021-08-17 18:45:07.726,,,false,3131000,"(-19.48979949951172,-44.39339828491211)",Inhaúma,,,11,,INHAUMA,
1918,2021-08-17 18:45:08.451,,,false,3131109,"(-18.727100372314453,-44.3583984375)",Inimutaba,,,11,,INIMUTABA,
1920,2021-08-17 18:45:09.178,,,false,3131208,"(-19.7992000579834,-41.716400146484375)",Ipanema,,,11,,IPANEMA,
1922,2021-08-17 18:45:10.630,,,false,3131406,"(-18.692699432373047,-49.943599700927734)",Ipiaçu,,,11,,IPIACU,
1923,2021-08-17 18:45:11.356,,,false,3131505,"(-22.101299285888672,-46.19150161743164)",Ipuiúna,,,11,,IPUIUNA,
1924,2021-08-17 18:45:12.082,,,false,3131604,"(-18.98189926147461,-47.46099853515625)",Iraí de Minas,,,11,,IRAI DE MINAS,
1925,2021-08-17 18:45:12.808,,,false,3131703,"(-19.623899459838867,-43.231201171875)",Itabira,,,11,,ITABIRA,
1927,2021-08-17 18:45:13.535,,,false,3131901,"(-20.250099182128906,-43.80379867553711)",Itabirito,,,11,,ITABIRITO,
1928,2021-08-17 18:45:14.260,,,false,3132008,"(-17.0625,-43.30690002441406)",Itacambira,,,11,,ITACAMBIRA,
1930,2021-08-17 18:45:15.715,,,false,3132206,"(-20.394699096679688,-44.48749923706055)",Itaguara,,,11,,ITAGUARA,
1931,2021-08-17 18:45:16.442,,,false,3132305,"(-17.401399612426758,-41.669700622558594)",Itaipé,,,11,,ITAIPE,
1932,2021-08-17 18:45:17.167,,,false,3132404,"(-22.422500610351562,-45.459800720214844)",Itajubá,,,11,,ITAJUBA,
1933,2021-08-17 18:45:17.896,,,false,3132503,"(-17.855199813842773,-42.85609817504883)",Itamarandiba,,,11,,ITAMARANDIBA,
1935,2021-08-17 18:45:19.349,,,false,3132701,"(-18.03499984741211,-41.68299865722656)",Itambacuri,,,11,,ITAMBACURI,
1936,2021-08-17 18:45:20.087,,,false,3132800,"(-19.415800094604492,-43.318199157714844)",Itambé do Mato Dentro,,,11,,ITAMBE DO MATO DENTRO,
1937,2021-08-17 18:45:20.813,,,false,3132909,"(-21.0757999420166,-47.04600143432617)",Itamogi,,,11,,ITAMOGI,
1938,2021-08-17 18:45:21.540,,,false,3133006,"(-22.285900115966797,-44.86800003051758)",Itamonte,,,11,,ITAMONTE,
1940,2021-08-17 18:45:22.993,,,false,3133204,"(-19.173599243164062,-41.862998962402344)",Itanhomi,,,11,,ITANHOMI,
1941,2021-08-17 18:45:23.719,,,false,3133303,"(-16.557100296020508,-41.50170135498047)",Itaobim,,,11,,ITAOBIM,
1942,2021-08-17 18:45:24.445,,,false,3133402,"(-19.906200408935547,-49.37810134887695)",Itapagipe,,,11,,ITAPAGIPE,
1944,2021-08-17 18:45:25.897,,,false,3133600,"(-22.76650047302246,-46.224098205566406)",Itapeva,,,11,,ITAPEVA,
1945,2021-08-17 18:45:26.623,,,false,3133709,"(-20.198299407958984,-44.42110061645508)",Itatiaiuçu,,,11,,ITATIAIUCU,
1947,2021-08-17 18:45:28.082,,,false,3133808,"(-20.08180046081543,-44.580101013183594)",Itaúna,,,11,,ITAUNA,
1948,2021-08-17 18:45:28.808,,,false,3133907,"(-20.67690086364746,-43.61410140991211)",Itaverava,,,11,,ITAVERAVA,
1949,2021-08-17 18:45:29.538,,,false,3134004,"(-16.610000610351562,-41.7672004699707)",Itinga,,,11,,ITINGA,
1950,2021-08-17 18:45:30.265,,,false,3134103,"(-19.399900436401367,-41.174598693847656)",Itueta,,,11,,ITUETA,
1951,2021-08-17 18:45:30.991,,,false,3134202,"(-18.97719955444336,-49.46390151977539)",Ituiutaba,,,11,,ITUIUTABA,
1953,2021-08-17 18:45:32.457,,,false,3134400,"(-19.72760009765625,-50.19660186767578)",Iturama,,,11,,ITURAMA,
1954,2021-08-17 18:45:33.183,,,false,3134509,"(-21.299999237060547,-44.656700134277344)",Itutinga,,,11,,ITUTINGA,
1955,2021-08-17 18:45:33.910,,,false,3134608,"(-19.511899948120117,-43.737300872802734)",Jaboticatubas,,,11,,JABOTICATUBAS,
1956,2021-08-17 18:45:34.635,,,false,3134707,"(-16.142799377441406,-40.29499816894531)",Jacinto,,,11,,JACINTO,
1957,2021-08-17 18:45:35.362,,,false,3134806,"(-21.013700485229492,-46.73590087890625)",Jacuí,,,11,,JACUI,
1959,2021-08-17 18:45:36.818,,,false,3135001,"(-19.64699935913086,-42.74980163574219)",Jaguaraçu,,,11,,JAGUARACU,
1960,2021-08-17 18:45:37.545,,,false,3135050,"(-15.343199729919434,-43.668800354003906)",Jaíba,,,11,,JAIBA,
1961,2021-08-17 18:45:38.271,,,false,3135076,"(-18.461000442504883,-41.808998107910156)",Jampruca,,,11,,JAMPRUCA,
1962,2021-08-17 18:45:38.999,,,false,3135100,"(-15.802200317382812,-43.313201904296875)",Janaúba,,,11,,JANAUBA,
1964,2021-08-17 18:45:40.453,,,false,3135308,"(-20.14419937133789,-45.50149917602539)",Japaraíba,,,11,,JAPARAIBA,
1965,2021-08-17 18:45:41.181,,,false,3135357,"(-15.989100456237793,-44.27579879760742)",Japonvar,,,11,,JAPONVAR,
1966,2021-08-17 18:45:41.908,,,false,3135407,"(-20.533899307250977,-43.98939895629883)",Jeceaba,,,11,,JECEABA,
1967,2021-08-17 18:45:42.634,,,false,3135456,"(-17.083099365234375,-42.2588996887207)",Jenipapo de Minas,,,11,,JENIPAPO DE MINAS,
1969,2021-08-17 18:45:44.110,,,false,3135605,"(-17.229000091552734,-44.437599182128906)",Jequitaí,,,11,,JEQUITAI,
1970,2021-08-17 18:45:44.836,,,false,3135704,"(-19.234500885009766,-44.030399322509766)",Jequitibá,,,11,,JEQUITIBA,
1971,2021-08-17 18:45:45.563,,,false,3135803,"(-16.4375,-41.01169967651367)",Jequitinhonha,,,11,,JEQUITINHONHA,
1972,2021-08-17 18:45:46.289,,,false,3135902,"(-21.98870086669922,-45.291099548339844)",Jesuânia,,,11,,JESUANIA,
1973,2021-08-17 18:45:47.019,,,false,3136009,"(-16.65220069885254,-41.02289962768555)",Joaíma,,,11,,JOAIMA,
1975,2021-08-17 18:45:48.474,,,false,3136207,"(-19.812599182128906,-43.173500061035156)",João Monlevade,,,11,,JOAO MONLEVADE,
1976,2021-08-17 18:45:49.202,,,false,3136306,"(-17.73979949951172,-46.17150115966797)",João Pinheiro,,,11,,JOAO PINHEIRO,
1977,2021-08-17 18:45:49.929,,,false,3136405,"(-17.757999420166016,-44.16429901123047)",Joaquim Felício,,,11,,JOAQUIM FELICIO,
1979,2021-08-17 18:45:51.383,,,false,3136520,"(-16.90530014038086,-42.60139846801758)",José Gonçalves de Minas,,,11,,JOSE GONCALVES DE MINAS,
1980,2021-08-17 18:45:52.109,,,false,3136553,"(-18.219499588012695,-42.494598388671875)",José Raydan,,,11,,JOSE RAYDAN,
1981,2021-08-17 18:45:52.837,,,false,3136579,"(-16.54170036315918,-42.515098571777344)",Josenópolis,,,11,,JOSENOPOLIS,
1982,2021-08-17 18:45:53.565,,,false,3136652,"(-19.944799423217773,-44.34510040283203)",Juatuba,,,11,,JUATUBA,
1984,2021-08-17 18:45:55.032,,,false,3136801,"(-16.847299575805664,-43.58649826049805)",Juramento,,,11,,JURAMENTO,
1985,2021-08-17 18:45:55.760,,,false,3136900,"(-21.249300003051758,-46.57350158691406)",Juruaia,,,11,,JURUAIA,
1986,2021-08-17 18:45:56.486,,,false,3136959,"(-14.266200065612793,-44.159698486328125)",Juvenília,,,11,,JUVENILIA,
1987,2021-08-17 18:45:57.217,,,false,3137007,"(-17.627899169921875,-41.74879837036133)",Ladainha,,,11,,LADAINHA,
1988,2021-08-17 18:45:57.948,,,false,3137106,"(-18.175899505615234,-46.80630111694336)",Lagamar,,,11,,LAGAMAR,
1990,2021-08-17 18:45:59.405,,,false,3137304,"(-16.97800064086914,-44.575401306152344)",Lagoa dos Patos,,,11,,LAGOA DOS PATOS,
1991,2021-08-17 18:46:00.140,,,false,3137403,"(-20.91390037536621,-44.0797004699707)",Lagoa Dourada,,,11,,LAGOA DOURADA,
1992,2021-08-17 18:46:00.866,,,false,3137502,"(-18.771499633789062,-46.40119934082031)",Lagoa Formosa,,,11,,LAGOA FORMOSA,
1993,2021-08-17 18:46:01.592,,,false,3137536,"(-17.832300186157227,-46.51649856567383)",Lagoa Grande,,,11,,LAGOA GRANDE,
1995,2021-08-17 18:46:03.045,,,false,3137700,"(-20.153900146484375,-41.622798919677734)",Lajinha,,,11,,LAJINHA,
1996,2021-08-17 18:46:03.771,,,false,3137809,"(-21.967100143432617,-45.34980010986328)",Lambari,,,11,,LAMBARI,
1997,2021-08-17 18:46:04.497,,,false,3137908,"(-20.790000915527344,-43.47060012817383)",Lamim,,,11,,LAMIM,
1998,2021-08-17 18:46:05.223,,,false,3138005,"(-21.37150001525879,-42.473201751708984)",Laranjal,,,11,,LARANJAL,
1999,2021-08-17 18:46:05.949,,,false,3138104,"(-17.886999130249023,-44.57350158691406)",Lassance,,,11,,LASSANCE,
2001,2021-08-17 18:46:07.401,,,false,3138302,"(-19.71929931640625,-45.02790069580078)",Leandro Ferreira,,,11,,LEANDRO FERREIRA,
2002,2021-08-17 18:46:08.127,,,false,3138351,"(-17.079299926757812,-42.693599700927734)",Leme do Prado,,,11,,LEME DO PRADO,
2003,2021-08-17 18:46:08.853,,,false,3138401,"(-21.529600143432617,-42.6421012878418)",Leopoldina,,,11,,LEOPOLDINA,
2004,2021-08-17 18:46:09.580,,,false,3138500,"(-22.02750015258789,-44.32080078125)",Liberdade,,,11,,LIBERDADE,
2006,2021-08-17 18:46:11.032,,,false,3138625,"(-19.55120086669922,-50.58150100708008)",Limeira do Oeste,,,11,,LIMEIRA DO OESTE,
2007,2021-08-17 18:46:11.757,,,false,3138658,"(-15.901300430297852,-44.305999755859375)",Lontra,,,11,,LONTRA,
2008,2021-08-17 18:46:12.484,,,false,3138674,"(-20.446800231933594,-42.097599029541016)",Luisburgo,,,11,,LUISBURGO,
2010,2021-08-17 18:46:13.939,,,false,3138708,"(-21.51449966430664,-44.90340042114258)",Luminárias,,,11,,LUMINARIAS,
2011,2021-08-17 18:46:14.667,,,false,3138807,"(-19.791099548339844,-45.67940139770508)",Luz,,,11,,LUZ,
2012,2021-08-17 18:46:15.393,,,false,3138906,"(-17.07229995727539,-40.7244987487793)",Machacalis,,,11,,MACHACALIS,
2014,2021-08-17 18:46:16.846,,,false,3139102,"(-21.482999801635742,-44.32870101928711)",Madre de Deus de Minas,,,11,,MADRE DE DEUS DE MINAS,
2015,2021-08-17 18:46:17.571,,,false,3139201,"(-17.845600128173828,-42.076900482177734)",Malacacheta,,,11,,MALACACHETA,
2016,2021-08-17 18:46:18.298,,,false,3139250,"(-15.047900199890137,-42.9468994140625)",Mamonas,,,11,,MAMONAS,
2018,2021-08-17 18:46:19.753,,,false,3139409,"(-20.257200241088867,-42.02799987792969)",Manhuaçu,,,11,,MANHUACU,
2019,2021-08-17 18:46:20.478,,,false,3139508,"(-20.359100341796875,-41.958900451660156)",Manhumirim,,,11,,MANHUMIRIM,
2020,2021-08-17 18:46:21.204,,,false,3139607,"(-18.776100158691406,-40.98740005493164)",Mantena,,,11,,MANTENA,
2021,2021-08-17 18:46:21.930,,,false,3139805,"(-21.87070083618164,-43.00619888305664)",Mar de Espanha,,,11,,MAR DE ESPANHA,
2023,2021-08-17 18:46:23.382,,,false,3139904,"(-22.304399490356445,-45.37730026245117)",Maria da Fé,,,11,,MARIA DA FE,
2024,2021-08-17 18:46:24.109,,,false,3140001,"(-20.37649917602539,-43.41400146484375)",Mariana,,,11,,MARIANA,
2025,2021-08-17 18:46:24.835,,,false,3140100,"(-18.50790023803711,-42.08219909667969)",Marilac,,,11,,MARILAC,
2026,2021-08-17 18:46:25.561,,,false,3140159,"(-20.05820083618164,-44.18830108642578)",Mário Campos,,,11,,MARIO CAMPOS,
2028,2021-08-17 18:46:27.053,,,false,3140308,"(-19.7096004486084,-42.73270034790039)",Marliéria,,,11,,MARLIERIA,
2029,2021-08-17 18:46:27.779,,,false,3140407,"(-22.44700050354004,-45.16450119018555)",Marmelópolis,,,11,,MARMELOPOLIS,
2030,2021-08-17 18:46:28.504,,,false,3140506,"(-19.33060073852539,-45.24340057373047)",Martinho Campos,,,11,,MARTINHO CAMPOS,
2031,2021-08-17 18:46:29.231,,,false,3140530,"(-20.254600524902344,-41.87860107421875)",Martins Soares,,,11,,MARTINS SOARES,
2032,2021-08-17 18:46:29.957,,,false,3140555,"(-15.68690013885498,-40.73659896850586)",Mata Verde,,,11,,MATA VERDE,
2034,2021-08-17 18:46:31.409,,,false,3140704,"(-19.979400634765625,-44.431800842285156)",Mateus Leme,,,11,,MATEUS LEME,
2035,2021-08-17 18:46:32.138,,,false,3171501,"(-18.59000015258789,-41.91659927368164)",Mathias Lobato,,,11,,MATHIAS LOBATO,
2036,2021-08-17 18:46:32.867,,,false,3140803,"(-21.868999481201172,-43.313499450683594)",Matias Barbosa,,,11,,MATIAS BARBOSA,
2037,2021-08-17 18:46:33.600,,,false,3140852,"(-14.856300354003906,-43.91460037231445)",Matias Cardoso,,,11,,MATIAS CARDOSO,
2039,2021-08-17 18:46:35.057,,,false,3141009,"(-15.394399642944336,-42.86000061035156)",Mato Verde,,,11,,MATO VERDE,
2040,2021-08-17 18:46:35.785,,,false,3141108,"(-19.55430030822754,-44.08679962158203)",Matozinhos,,,11,,MATOZINHOS,
2041,2021-08-17 18:46:36.513,,,false,3141207,"(-19.217899322509766,-45.966400146484375)",Matutina,,,11,,MATUTINA,
2043,2021-08-17 18:46:37.968,,,false,3141405,"(-16.22450065612793,-41.472801208496094)",Medina,,,11,,MEDINA,
2044,2021-08-17 18:46:38.695,,,false,3141504,"(-18.66309928894043,-41.40520095825195)",Mendes Pimentel,,,11,,MENDES PIMENTEL,
2045,2021-08-17 18:46:39.424,,,false,3141603,"(-21.197599411010742,-43.33369827270508)",Mercês,,,11,,MERCES,
2046,2021-08-17 18:46:40.151,,,false,3141702,"(-19.224000930786133,-42.6078987121582)",Mesquita,,,11,,MESQUITA,
2047,2021-08-17 18:46:40.882,,,false,3141801,"(-17.215599060058594,-42.588401794433594)",Minas Novas,,,11,,MINAS NOVAS,
2049,2021-08-17 18:46:42.341,,,false,3142007,"(-16.256000518798828,-44.16019821166992)",Mirabela,,,11,,MIRABELA,
2050,2021-08-17 18:46:43.067,,,false,3142106,"(-20.88990020751953,-42.34579849243164)",Miradouro,,,11,,MIRADOURO,
2051,2021-08-17 18:46:43.792,,,false,3142205,"(-21.20210075378418,-42.61220169067383)",Miraí,,,11,,MIRAI,
2052,2021-08-17 18:46:44.521,,,false,3142254,"(-14.734800338745117,-44.40919876098633)",Miravânia,,,11,,MIRAVANIA,
2053,2021-08-17 18:46:45.249,,,false,3142304,"(-20.33989906311035,-44.050899505615234)",Moeda,,,11,,MOEDA,
2055,2021-08-17 18:46:46.704,,,false,3142502,"(-18.324499130249023,-44.11800003051758)",Monjolos,,,11,,MONJOLOS,
2056,2021-08-17 18:46:47.430,,,false,3142601,"(-21.75790023803711,-45.539100646972656)",Monsenhor Paulo,,,11,,MONSENHOR PAULO,
2057,2021-08-17 18:46:48.156,,,false,3142700,"(-14.419699668884277,-44.37189865112305)",Montalvânia,,,11,,MONTALVANIA,
2059,2021-08-17 18:46:49.618,,,false,3142908,"(-15.151399612426758,-42.87179946899414)",Monte Azul,,,11,,MONTE AZUL,
2060,2021-08-17 18:46:50.344,,,false,3143005,"(-21.32710075378418,-46.36349868774414)",Monte Belo,,,11,,MONTE BELO,
2061,2021-08-17 18:46:51.070,,,false,3143104,"(-18.730199813842773,-47.4911994934082)",Monte Carmelo,,,11,,MONTE CARMELO,
2062,2021-08-17 18:46:51.798,,,false,3143153,"(-16.86910057067871,-41.24729919433594)",Monte Formoso,,,11,,MONTE FORMOSO,
2064,2021-08-17 18:46:53.255,,,false,3143401,"(-22.433500289916992,-46.573001861572266)",Monte Sião,,,11,,MONTE SIAO,
2065,2021-08-17 18:46:53.987,,,false,3143302,"(-16.728200912475586,-43.8577995300293)",Montes Claros,,,11,,MONTES CLAROS,
2066,2021-08-17 18:46:54.715,,,false,3143450,"(-15.17020034790039,-42.49409866333008)",Montezuma,,,11,,MONTEZUMA,
2067,2021-08-17 18:46:55.441,,,false,3143500,"(-18.59980010986328,-45.3583984375)",Morada Nova de Minas,,,11,,MORADA NOVA DE MINAS,
2069,2021-08-17 18:46:56.896,,,false,3143708,"(-19.223600387573242,-43.37950134277344)",Morro do Pilar,,,11,,MORRO DO PILAR,
2070,2021-08-17 18:46:57.624,,,false,3143807,"(-22.60919952392578,-46.36199951171875)",Munhoz,,,11,,MUNHOZ,
2071,2021-08-17 18:46:58.349,,,false,3143906,"(-21.1299991607666,-42.369300842285156)",Muriaé,,,11,,MURIAE,
2072,2021-08-17 18:46:59.076,,,false,3144003,"(-19.81209945678711,-41.44070053100586)",Mutum,,,11,,MUTUM,
2073,2021-08-17 18:46:59.804,,,false,3144102,"(-21.369199752807617,-46.52130126953125)",Muzambinho,,,11,,MUZAMBINHO,
2074,2021-08-17 18:47:00.533,,,false,3144201,"(-18.45439910888672,-42.24810028076172)",Nacip Raydan,,,11,,NACIP RAYDAN,
2076,2021-08-17 18:47:01.987,,,false,3144359,"(-19.22909927368164,-42.331199645996094)",Naque,,,11,,NAQUE,
2077,2021-08-17 18:47:02.716,,,false,3144375,"(-16.502099990844727,-46.48740005493164)",Natalândia,,,11,,NATALANDIA,
2078,2021-08-17 18:47:03.442,,,false,3144409,"(-22.115800857543945,-45.512298583984375)",Natércia,,,11,,NATERCIA,
2079,2021-08-17 18:47:04.167,,,false,3144508,"(-21.216800689697266,-44.613800048828125)",Nazareno,,,11,,NAZARENO,
2081,2021-08-17 18:47:05.620,,,false,3144656,"(-15.314800262451172,-41.75640106201172)",Ninheira,,,11,,NINHEIRA,
2082,2021-08-17 18:47:06.346,,,false,3144672,"(-18.49250030517578,-41.11069869995117)",Nova Belém,,,11,,NOVA BELEM,
2084,2021-08-17 18:47:07.798,,,false,3144805,"(-19.975799560546875,-43.85089874267578)",Nova Lima,,,11,,NOVA LIMA,
2086,2021-08-17 18:47:09.251,,,false,3145000,"(-19.146099090576172,-47.67789840698242)",Nova Ponte,,,11,,NOVA PONTE,
2087,2021-08-17 18:47:09.977,,,false,3145059,"(-15.799300193786621,-43.29410171508789)",Nova Porteirinha,,,11,,NOVA PORTEIRINHA,
2088,2021-08-17 18:47:10.704,,,false,3145109,"(-21.128599166870117,-46.41569900512695)",Nova Resende,,,11,,NOVA RESENDE,
2090,2021-08-17 18:47:12.181,,,false,3136603,"(-19.687599182128906,-43.58300018310547)",Nova União,,,11,,NOVA UNIAO,
2091,2021-08-17 18:47:12.907,,,false,3145307,"(-17.46540069580078,-41.882598876953125)",Novo Cruzeiro,,,11,,NOVO CRUZEIRO,
2092,2021-08-17 18:47:13.635,,,false,3145356,"(-17.408899307250977,-41.219398498535156)",Novo Oriente de Minas,,,11,,NOVO ORIENTE DE MINAS,
2093,2021-08-17 18:47:14.361,,,false,3145372,"(-16.016199111938477,-42.40439987182617)",Novorizonte,,,11,,NOVORIZONTE,
2094,2021-08-17 18:47:15.087,,,false,3145406,"(-21.859800338745117,-43.93560028076172)",Olaria,,,11,,OLARIA,
2096,2021-08-17 18:47:16.542,,,false,3145505,"(-22.068500518798828,-45.26570129394531)",Olímpio Noronha,,,11,,OLIMPIO NORONHA,
2097,2021-08-17 18:47:17.273,,,false,3145604,"(-20.698200225830078,-44.82899856567383)",Oliveira,,,11,,OLIVEIRA,
2098,2021-08-17 18:47:18.001,,,false,3145703,"(-21.340099334716797,-43.44990158081055)",Oliveira Fortes,,,11,,OLIVEIRA FORTES,
2100,2021-08-17 18:47:19.459,,,false,3145851,"(-20.429800033569336,-42.797698974609375)",Oratórios,,,11,,ORATORIOS,
2101,2021-08-17 18:47:20.186,,,false,3145877,"(-20.51420021057129,-42.199100494384766)",Orizânia,,,11,,ORIZANIA,
2102,2021-08-17 18:47:20.915,,,false,3145901,"(-20.52630043029785,-43.69620132446289)",Ouro Branco,,,11,,OURO BRANCO,
2103,2021-08-17 18:47:21.641,,,false,3146008,"(-22.27790069580078,-46.37160110473633)",Ouro Fino,,,11,,OURO FINO,
2104,2021-08-17 18:47:22.367,,,false,3146107,"(-20.379600524902344,-43.512001037597656)",Ouro Preto,,,11,,OURO PRETO,
2106,2021-08-17 18:47:23.819,,,false,3146255,"(-16.364599227905273,-42.5088005065918)",Padre Carvalho,,,11,,PADRE CARVALHO,
2107,2021-08-17 18:47:24.545,,,false,3146305,"(-17.0757999420166,-41.48210144042969)",Padre Paraíso,,,11,,PADRE PARAISO,
2108,2021-08-17 18:47:25.272,,,false,3146552,"(-15.527099609375,-43.06999969482422)",Pai Pedro,,,11,,PAI PEDRO,
2109,2021-08-17 18:47:26.000,,,false,3146404,"(-18.89929962158203,-45.532100677490234)",Paineiras,,,11,,PAINEIRAS,
2110,2021-08-17 18:47:26.730,,,false,3146503,"(-20.370500564575195,-45.66270065307617)",Pains,,,11,,PAINS,
2112,2021-08-17 18:47:28.187,,,false,3146701,"(-21.374799728393555,-42.31230163574219)",Palma,,,11,,PALMA,
2113,2021-08-17 18:47:28.914,,,false,3146750,"(-16.736400604248047,-40.42959976196289)",Palmópolis,,,11,,PALMOPOLIS,
2114,2021-08-17 18:47:29.649,,,false,3146909,"(-19.4419002532959,-44.74679946899414)",Papagaios,,,11,,PAPAGAIOS,
2116,2021-08-17 18:47:31.102,,,false,3147006,"(-17.225200653076172,-46.87110137939453)",Paracatu,,,11,,PARACATU,
2117,2021-08-17 18:47:31.827,,,false,3147204,"(-21.546499252319336,-45.73740005493164)",Paraguaçu,,,11,,PARAGUACU,
2118,2021-08-17 18:47:32.554,,,false,3147303,"(-22.55389976501465,-45.78030014038086)",Paraisópolis,,,11,,PARAISOPOLIS,
2119,2021-08-17 18:47:33.280,,,false,3147402,"(-19.2731990814209,-44.40439987182617)",Paraopeba,,,11,,PARAOPEBA,
2121,2021-08-17 18:47:34.732,,,false,3147709,"(-20.653900146484375,-44.49259948730469)",Passa Tempo,,,11,,PASSA TEMPO,
2122,2021-08-17 18:47:35.458,,,false,3147501,"(-19.350900650024414,-43.138301849365234)",Passabém,,,11,,PASSABEM,
2123,2021-08-17 18:47:36.184,,,false,3147808,"(-22.2097225189209,-44.23444366455078)",Passa-Vinte,,,11,,PASSA-VINTE,
2124,2021-08-17 18:47:36.911,,,false,3147907,"(-20.71929931640625,-46.60900115966797)",Passos,,,11,,PASSOS,
2125,2021-08-17 18:47:37.637,,,false,3147956,"(-16.077299118041992,-44.07870101928711)",Patis,,,11,,PATIS,
2127,2021-08-17 18:47:39.091,,,false,3148103,"(-18.93790054321289,-46.99340057373047)",Patrocínio,,,11,,PATROCINIO,
2128,2021-08-17 18:47:39.817,,,false,3148202,"(-21.154399871826172,-42.212501525878906)",Patrocínio do Muriaé,,,11,,PATROCINIO DO MURIAE,
2129,2021-08-17 18:47:40.543,,,false,3148301,"(-20.87540054321289,-42.97520065307617)",Paula Cândido,,,11,,PAULA CANDIDO,
2130,2021-08-17 18:47:41.270,,,false,3148400,"(-18.427600860595703,-42.86280059814453)",Paulistas,,,11,,PAULISTAS,
2132,2021-08-17 18:47:42.724,,,false,3148608,"(-18.544099807739258,-42.55830001831055)",Peçanha,,,11,,PECANHA,
2133,2021-08-17 18:47:43.450,,,false,3148707,"(-16.00860023498535,-41.29090118408203)",Pedra Azul,,,11,,PEDRA AZUL,
2134,2021-08-17 18:47:44.181,,,false,3148756,"(-20.521900177001953,-42.33039855957031)",Pedra Bonita,,,11,,PEDRA BONITA,
2135,2021-08-17 18:47:44.907,,,false,3148806,"(-20.596799850463867,-42.71229934692383)",Pedra do Anta,,,11,,PEDRA DO ANTA,
2137,2021-08-17 18:47:46.366,,,false,3149002,"(-20.82659912109375,-42.1515007019043)",Pedra Dourada,,,11,,PEDRA DOURADA,
2138,2021-08-17 18:47:47.092,,,false,3149101,"(-22.23859977722168,-45.46540069580078)",Pedralva,,,11,,PEDRALVA,
2139,2021-08-17 18:47:47.819,,,false,3149150,"(-15.60319995880127,-44.39099884033203)",Pedras de Maria da Cruz,,,11,,PEDRAS DE MARIA DA CRUZ,
2140,2021-08-17 18:47:48.547,,,false,3149200,"(-19.22410011291504,-47.45790100097656)",Pedrinópolis,,,11,,PEDRINOPOLIS,
2142,2021-08-17 18:47:50.000,,,false,3149408,"(-21.707599639892578,-43.74300003051758)",Pedro Teixeira,,,11,,PEDRO TEIXEIRA,
2143,2021-08-17 18:47:50.725,,,false,3149507,"(-21.8341007232666,-43.114498138427734)",Pequeri,,,11,,PEQUERI,
2144,2021-08-17 18:47:51.451,,,false,3149606,"(-19.628400802612305,-44.660400390625)",Pequi,,,11,,PEQUI,
2145,2021-08-17 18:47:52.177,,,false,3149705,"(-19.941099166870117,-45.077999114990234)",Perdigão,,,11,,PERDIGAO,
2146,2021-08-17 18:47:52.904,,,false,3149804,"(-19.343399047851562,-47.29629898071289)",Perdizes,,,11,,PERDIZES,
2148,2021-08-17 18:47:54.356,,,false,3149952,"(-19.15730094909668,-42.233299255371094)",Periquito,,,11,,PERIQUITO,
2149,2021-08-17 18:47:55.084,,,false,3150000,"(-18.35700035095215,-41.60060119628906)",Pescador,,,11,,PESCADOR,
2150,2021-08-17 18:47:55.812,,,false,3150109,"(-21.509599685668945,-43.3129997253418)",Piau,,,11,,PIAU,
2152,2021-08-17 18:47:57.265,,,false,3150208,"(-20.243799209594727,-42.73789978027344)",Piedade de Ponte Nova,,,11,,PIEDADE DE PONTE NOVA,
2154,2021-08-17 18:47:58.720,,,false,3150406,"(-20.471500396728516,-44.224300384521484)",Piedade dos Gerais,,,11,,PIEDADE DOS GERAIS,
2155,2021-08-17 18:47:59.447,,,false,3150505,"(-20.48270034790039,-45.804901123046875)",Pimenta,,,11,,PIMENTA,
2156,2021-08-17 18:48:00.173,,,false,3150539,"(-19.728731155395508,-42.40950012207031)",Pingo-d`Água,,,11,,PINGO-D`AGUA,
2158,2021-08-17 18:48:01.626,,,false,3150604,"(-20.508899688720703,-44.47829818725586)",Piracema,,,11,,PIRACEMA,
2159,2021-08-17 18:48:02.352,,,false,3150703,"(-19.90920066833496,-48.702701568603516)",Pirajuba,,,11,,PIRAJUBA,
2160,2021-08-17 18:48:03.087,,,false,3150802,"(-20.683399200439453,-43.29669952392578)",Piranga,,,11,,PIRANGA,
2161,2021-08-17 18:48:03.813,,,false,3150901,"(-22.524900436401367,-45.49449920654297)",Piranguçu,,,11,,PIRANGUCU,
2163,2021-08-17 18:48:05.266,,,false,3151107,"(-21.655399322509766,-42.34339904785156)",Pirapetinga,,,11,,PIRAPETINGA,
2164,2021-08-17 18:48:05.991,,,false,3151206,"(-17.33919906616211,-44.933998107910156)",Pirapora,,,11,,PIRAPORA,
2165,2021-08-17 18:48:06.721,,,false,3151305,"(-21.282499313354492,-43.0172004699707)",Piraúba,,,11,,PIRAUBA,
2166,2021-08-17 18:48:07.469,,,false,3151404,"(-19.674100875854492,-44.896400451660156)",Pitangui,,,11,,PITANGUI,
2167,2021-08-17 18:48:08.196,,,false,3151503,"(-20.476200103759766,-45.958900451660156)",Piumhi,,,11,,PIUMHI,
2168,2021-08-17 18:48:08.922,,,false,3151602,"(-20.13759994506836,-48.70000076293945)",Planura,,,11,,PLANURA,
2170,2021-08-17 18:48:10.373,,,false,3151800,"(-21.780000686645508,-46.56919860839844)",Poços de Caldas,,,11,,POCOS DE CALDAS,
2171,2021-08-17 18:48:11.100,,,false,3151909,"(-19.620800018310547,-41.633399963378906)",Pocrane,,,11,,POCRANE,
2172,2021-08-17 18:48:11.826,,,false,3152006,"(-19.22570037841797,-45.01409912109375)",Pompéu,,,11,,POMPEU,
2173,2021-08-17 18:48:12.553,,,false,3152105,"(-20.411100387573242,-42.89780044555664)",Ponte Nova,,,11,,PONTE NOVA,
2175,2021-08-17 18:48:14.005,,,false,3152170,"(-16.747299194335938,-41.502498626708984)",Ponto dos Volantes,,,11,,PONTO DOS VOLANTES,
2176,2021-08-17 18:48:14.731,,,false,3152204,"(-15.740400314331055,-43.028099060058594)",Porteirinha,,,11,,PORTEIRINHA,
2177,2021-08-17 18:48:15.460,,,false,3152303,"(-20.664199829101562,-43.08340072631836)",Porto Firme,,,11,,PORTO FIRME,
2178,2021-08-17 18:48:16.187,,,false,3152402,"(-17.80769920349121,-41.7859992980957)",Poté,,,11,,POTE,
2180,2021-08-17 18:48:17.650,,,false,3152600,"(-22.196399688720703,-44.97480010986328)",Pouso Alto,,,11,,POUSO ALTO,
2181,2021-08-17 18:48:18.377,,,false,3152709,"(-21.05970001220703,-44.07780075073242)",Prados,,,11,,PRADOS,
2182,2021-08-17 18:48:19.104,,,false,3152808,"(-19.3085994720459,-48.9276008605957)",Prata,,,11,,PRATA,
2183,2021-08-17 18:48:19.833,,,false,3152907,"(-20.741100311279297,-46.86240005493164)",Pratápolis,,,11,,PRATAPOLIS,
2184,2021-08-17 18:48:20.559,,,false,3153004,"(-19.73900032043457,-46.3754997253418)",Pratinha,,,11,,PRATINHA,
2186,2021-08-17 18:48:22.011,,,false,3153202,"(-18.640100479125977,-44.060001373291016)",Presidente Juscelino,,,11,,PRESIDENTE JUSCELINO,
2187,2021-08-17 18:48:22.737,,,false,3153301,"(-18.619300842285156,-43.562801361083984)",Presidente Kubitschek,,,11,,PRESIDENTE KUBITSCHEK,
2188,2021-08-17 18:48:23.465,,,false,3153400,"(-18.40959930419922,-46.416500091552734)",Presidente Olegário,,,11,,PRESIDENTE OLEGARIO,
2190,2021-08-17 18:48:24.917,,,false,3153707,"(-19.270299911499023,-45.55690002441406)",Quartel Geral,,,11,,QUARTEL GERAL,
2191,2021-08-17 18:48:25.644,,,false,3153806,"(-20.741600036621094,-43.885101318359375)",Queluzito,,,11,,QUELUZITO,
2192,2021-08-17 18:48:26.369,,,false,3153905,"(-19.963600158691406,-43.807899475097656)",Raposos,,,11,,RAPOSOS,
2193,2021-08-17 18:48:27.101,,,false,3154002,"(-20.10610008239746,-42.450199127197266)",Raul Soares,,,11,,RAUL SOARES,
2194,2021-08-17 18:48:27.826,,,false,3154101,"(-21.528900146484375,-42.46760177612305)",Recreio,,,11,,RECREIO,
2196,2021-08-17 18:48:29.279,,,false,3154200,"(-20.91710090637207,-44.240699768066406)",Resende Costa,,,11,,RESENDE COSTA,
2197,2021-08-17 18:48:30.005,,,false,3154309,"(-19.319400787353516,-41.24620056152344)",Resplendor,,,11,,RESPLENDOR,
2198,2021-08-17 18:48:30.733,,,false,3154408,"(-21.064199447631836,-43.75979995727539)",Ressaquinha,,,11,,RESSAQUINHA,
2199,2021-08-17 18:48:31.458,,,false,3154457,"(-16.225799560546875,-45.988800048828125)",Riachinho,,,11,,RIACHINHO,
2201,2021-08-17 18:48:32.914,,,false,3154606,"(-19.762100219726562,-44.08440017700195)",Ribeirão das Neves,,,11,,RIBEIRAO DAS NEVES,
2202,2021-08-17 18:48:33.641,,,false,3154705,"(-21.18790054321289,-45.06370162963867)",Ribeirão Vermelho,,,11,,RIBEIRAO VERMELHO,
2203,2021-08-17 18:48:34.369,,,false,3154804,"(-20.087600708007812,-43.78779983520508)",Rio Acima,,,11,,RIO ACIMA,
2205,2021-08-17 18:48:35.826,,,false,3155108,"(-16.605600357055664,-40.5713996887207)",Rio do Prado,,,11,,RIO DO PRADO,
2206,2021-08-17 18:48:36.553,,,false,3155009,"(-20.241199493408203,-42.89950180053711)",Rio Doce,,,11,,RIO DOCE,
2207,2021-08-17 18:48:37.280,,,false,3155207,"(-20.854999542236328,-43.47209930419922)",Rio Espera,,,11,,RIO ESPERA,
2208,2021-08-17 18:48:38.007,,,false,3155306,"(-20.266599655151367,-44.30690002441406)",Rio Manso,,,11,,RIO MANSO,
2210,2021-08-17 18:48:39.462,,,false,3155504,"(-19.186100006103516,-46.24549865722656)",Rio Paranaíba,,,11,,RIO PARANAIBA,
2211,2021-08-17 18:48:40.189,,,false,3155603,"(-15.616000175476074,-42.54050064086914)",Rio Pardo de Minas,,,11,,RIO PARDO DE MINAS,
2212,2021-08-17 18:48:40.915,,,false,3155702,"(-19.92840003967285,-43.182899475097656)",Rio Piracicaba,,,11,,RIO PIRACICABA,
2213,2021-08-17 18:48:41.641,,,false,3155801,"(-21.27120018005371,-43.16960144042969)",Rio Pomba,,,11,,RIO POMBA,
2215,2021-08-17 18:48:43.103,,,false,3156007,"(-18.292200088500977,-43.001800537109375)",Rio Vermelho,,,11,,RIO VERMELHO,
2216,2021-08-17 18:48:43.829,,,false,3156106,"(-21.027599334716797,-44.32040023803711)",Ritápolis,,,11,,RITAPOLIS,
2217,2021-08-17 18:48:49.800,,,false,3156205,"(-21.628400802612305,-43.01649856567383)",Rochedo de Minas,,,11,,ROCHEDO DE MINAS,
2218,2021-08-17 18:48:50.711,,,false,3156304,"(-21.203500747680664,-42.85860061645508)",Rodeiro,,,11,,RODEIRO,
2220,2021-08-17 18:48:52.169,,,false,3156452,"(-20.981199264526367,-42.511199951171875)",Rosário da Limeira,,,11,,ROSARIO DA LIMEIRA,
2221,2021-08-17 18:48:52.897,,,false,3156502,"(-16.40530014038086,-42.26100158691406)",Rubelita,,,11,,RUBELITA,
2223,2021-08-17 18:48:54.362,,,false,3156700,"(-19.884000778198242,-43.82630157470703)",Sabará,,,11,,SABARA,
2225,2021-08-17 18:48:55.823,,,false,3156908,"(-19.862199783325195,-47.450801849365234)",Sacramento,,,11,,SACRAMENTO,
2226,2021-08-17 18:48:56.549,,,false,3157005,"(-16.17530059814453,-42.2963981628418)",Salinas,,,11,,SALINAS,
2227,2021-08-17 18:48:57.276,,,false,3157104,"(-16.00629997253418,-39.9390983581543)",Salto da Divisa,,,11,,SALTO DA DIVISA,
2228,2021-08-17 18:48:58.002,,,false,3157203,"(-19.960399627685547,-43.410099029541016)",Santa Bárbara,,,11,,SANTA BARBARA,
2230,2021-08-17 18:48:59.453,,,false,3157278,"(-21.959199905395508,-43.702701568603516)",Santa Bárbara do Monte Verde,,,11,,SANTA BARBARA DO MONTE VERDE,
2231,2021-08-17 18:49:00.180,,,false,3157302,"(-21.243099212646484,-43.560699462890625)",Santa Bárbara do Tugúrio,,,11,,SANTA BARBARA DO TUGURIO,
2232,2021-08-17 18:49:00.906,,,false,3157336,"(-21.124099731445312,-44.22019958496094)",Santa Cruz de Minas,,,11,,SANTA CRUZ DE MINAS,
2234,2021-08-17 18:49:02.363,,,false,3157401,"(-20.237199783325195,-42.816898345947266)",Santa Cruz do Escalvado,,,11,,SANTA CRUZ DO ESCALVADO,
2235,2021-08-17 18:49:03.098,,,false,3157500,"(-18.82349967956543,-42.43880081176758)",Santa Efigênia de Minas,,,11,,SANTA EFIGENIA DE MINAS,
2236,2021-08-17 18:49:03.827,,,false,3157609,"(-16.68589973449707,-45.41019821166992)",Santa Fé de Minas,,,11,,SANTA FE DE MINAS,
2237,2021-08-17 18:49:04.553,,,false,3157658,"(-16.970699310302734,-40.672698974609375)",Santa Helena de Minas,,,11,,SANTA HELENA DE MINAS,
2239,2021-08-17 18:49:06.005,,,false,3157807,"(-19.75480079650879,-43.849700927734375)",Santa Luzia,,,11,,SANTA LUZIA,
2240,2021-08-17 18:49:06.731,,,false,3157906,"(-20.383899688720703,-42.25189971923828)",Santa Margarida,,,11,,SANTA MARGARIDA,
2241,2021-08-17 18:49:07.465,,,false,3158003,"(-19.443099975585938,-43.10639953613281)",Santa Maria de Itabira,,,11,,SANTA MARIA DE ITABIRA,
2243,2021-08-17 18:49:09.327,,,false,3158201,"(-18.189599990844727,-42.41389846801758)",Santa Maria do Suaçuí,,,11,,SANTA MARIA DO SUACUI,
2244,2021-08-17 18:49:10.150,,,false,3159209,"(-22.029199600219727,-46.3385009765625)",Santa Rita de Caldas,,,11,,SANTA RITA DE CALDAS,
2245,2021-08-17 18:49:10.969,,,false,3159407,"(-21.565799713134766,-43.91630172729492)",Santa Rita de Ibitipoca,,,11,,SANTA RITA DE IBITIPOCA,
2246,2021-08-17 18:49:11.791,,,false,3159308,"(-22.14739990234375,-44.09769821166992)",Santa Rita de Jacutinga,,,11,,SANTA RITA DE JACUTINGA,
2248,2021-08-17 18:49:13.429,,,false,3159506,"(-19.35759925842285,-41.38209915161133)",Santa Rita do Itueto,,,11,,SANTA RITA DO ITUETO,
2249,2021-08-17 18:49:14.248,,,false,3159605,"(-22.2460994720459,-45.703399658203125)",Santa Rita do Sapucaí,,,11,,SANTA RITA DO SAPUCAI,
2250,2021-08-17 18:49:15.132,,,false,3159704,"(-19.518600463867188,-45.96110153198242)",Santa Rosa da Serra,,,11,,SANTA ROSA DA SERRA,
2252,2021-08-17 18:49:17.226,,,false,3158300,"(-21.24489974975586,-45.5004997253418)",Santana da Vargem,,,11,,SANTANA DA VARGEM,
2253,2021-08-17 18:49:18.115,,,false,3158409,"(-21.2893009185791,-42.552398681640625)",Santana de Cataguases,,,11,,SANTANA DE CATAGUASES,
2254,2021-08-17 18:49:19.037,,,false,3158508,"(-18.996200561523438,-44.04090118408203)",Santana de Pirapama,,,11,,SANTANA DE PIRAPAMA,
2256,2021-08-17 18:49:21.157,,,false,3158706,"(-21.59830093383789,-44.10499954223633)",Santana do Garambéu,,,11,,SANTANA DO GARAMBEU,
2257,2021-08-17 18:49:22.137,,,false,3158805,"(-20.900699615478516,-45.128501892089844)",Santana do Jacaré,,,11,,SANTANA DO JACARE,
2258,2021-08-17 18:49:22.879,,,false,3158904,"(-20.103099822998047,-41.927799224853516)",Santana do Manhuaçu,,,11,,SANTANA DO MANHUACU,
2260,2021-08-17 18:49:24.548,,,false,3159001,"(-19.166200637817383,-43.72200012207031)",Santana do Riacho,,,11,,SANTANA DO RIACHO,
2261,2021-08-17 18:49:25.286,,,false,3159100,"(-20.786800384521484,-43.69490051269531)",Santana dos Montes,,,11,,SANTANA DOS MONTES,
2262,2021-08-17 18:49:26.024,,,false,3159902,"(-20.94300079345703,-44.917598724365234)",Santo Antônio do Amparo,,,11,,SANTO ANTONIO DO AMPARO,
2264,2021-08-17 18:49:27.495,,,false,3160108,"(-20.318500518798828,-42.604698181152344)",Santo Antônio do Grama,,,11,,SANTO ANTONIO DO GRAMA,
2265,2021-08-17 18:49:28.230,,,false,3160207,"(-18.460899353027344,-43.30059814453125)",Santo Antônio do Itambé,,,11,,SANTO ANTONIO DO ITAMBE,
2266,2021-08-17 18:49:28.965,,,false,3160306,"(-16.533199310302734,-40.18170166015625)",Santo Antônio do Jacinto,,,11,,SANTO ANTONIO DO JACINTO,
2267,2021-08-17 18:49:29.703,,,false,3160405,"(-20.084999084472656,-45.294700622558594)",Santo Antônio do Monte,,,11,,SANTO ANTONIO DO MONTE,
2269,2021-08-17 18:49:31.174,,,false,3160504,"(-19.23740005493164,-43.260398864746094)",Santo Antônio do Rio Abaixo,,,11,,SANTO ANTONIO DO RIO ABAIXO,
2270,2021-08-17 18:49:31.911,,,false,3160603,"(-18.29680061340332,-44.222900390625)",Santo Hipólito,,,11,,SANTO HIPOLITO,
2271,2021-08-17 18:49:32.647,,,false,3160702,"(-21.46339988708496,-43.54990005493164)",Santos Dumont,,,11,,SANTOS DUMONT,
2272,2021-08-17 18:49:33.383,,,false,3160801,"(-21.583900451660156,-45.06990051269531)",São Bento Abade,,,11,,SAO BENTO ABADE,
2274,2021-08-17 18:49:34.855,,,false,3160959,"(-19.524599075317383,-42.01060104370117)",São Domingos das Dores,,,11,,SAO DOMINGOS DAS DORES,
2275,2021-08-17 18:49:35.591,,,false,3161007,"(-19.867799758911133,-42.97100067138672)",São Domingos do Prata,,,11,,SAO DOMINGOS DO PRATA,
2276,2021-08-17 18:49:36.328,,,false,3161056,"(-18.59589958190918,-41.48889923095703)",São Félix de Minas,,,11,,SAO FELIX DE MINAS,
2277,2021-08-17 18:49:37.062,,,false,3161106,"(-15.951399803161621,-44.85929870605469)",São Francisco,,,11,,SAO FRANCISCO,
2279,2021-08-17 18:49:38.533,,,false,3161304,"(-19.861099243164062,-49.772701263427734)",São Francisco de Sales,,,11,,SAO FRANCISCO DE SALES,
2280,2021-08-17 18:49:39.272,,,false,3161403,"(-20.792299270629883,-42.26729965209961)",São Francisco do Glória,,,11,,SAO FRANCISCO DO GLORIA,
2281,2021-08-17 18:49:40.006,,,false,3161502,"(-20.925199508666992,-42.83639907836914)",São Geraldo,,,11,,SAO GERALDO,
2283,2021-08-17 18:49:41.686,,,false,3161650,"(-18.909700393676758,-41.362998962402344)",São Geraldo do Baixio,,,11,,SAO GERALDO DO BAIXIO,
2284,2021-08-17 18:49:42.440,,,false,3161700,"(-18.331499099731445,-45.826499938964844)",São Gonçalo do Abaeté,,,11,,SAO GONCALO DO ABAETE,
2285,2021-08-17 18:49:43.195,,,false,3161809,"(-19.982200622558594,-44.85929870605469)",São Gonçalo do Pará,,,11,,SAO GONCALO DO PARA,
2288,2021-08-17 18:49:45.457,,,false,3162005,"(-21.893199920654297,-45.589298248291016)",São Gonçalo do Sapucaí,,,11,,SAO GONCALO DO SAPUCAI,
2289,2021-08-17 18:49:46.210,,,false,3162104,"(-19.308700561523438,-46.04650115966797)",São Gotardo,,,11,,SAO GOTARDO,
2291,2021-08-17 18:49:47.718,,,false,3162252,"(-16.845500946044922,-44.35070037841797)",São João da Lagoa,,,11,,SAO JOAO DA LAGOA,
2292,2021-08-17 18:49:48.472,,,false,3162302,"(-21.92799949645996,-45.9296989440918)",São João da Mata,,,11,,SAO JOAO DA MATA,
2293,2021-08-17 18:49:49.229,,,false,3162401,"(-15.92710018157959,-44.00960159301758)",São João da Ponte,,,11,,SAO JOAO DA PONTE,
2294,2021-08-17 18:49:49.982,,,false,3162450,"(-14.885899543762207,-44.092201232910156)",São João das Missões,,,11,,SAO JOAO DAS MISSOES,
2296,2021-08-17 18:49:51.491,,,false,3162559,"(-20.393299102783203,-42.15330123901367)",São João do Manhuaçu,,,11,,SAO JOAO DO MANHUACU,
2297,2021-08-17 18:49:52.242,,,false,3162575,"(-18.722999572753906,-41.16279983520508)",São João do Manteninha,,,11,,SAO JOAO DO MANTENINHA,
2298,2021-08-17 18:49:52.997,,,false,3162609,"(-19.33839988708496,-42.157501220703125)",São João do Oriente,,,11,,SAO JOAO DO ORIENTE,
2299,2021-08-17 18:49:53.750,,,false,3162658,"(-16.53730010986328,-44.51340103149414)",São João do Pacuí,,,11,,SAO JOAO DO PACUI,
2301,2021-08-17 18:49:55.256,,,false,3162807,"(-18.54800033569336,-42.765499114990234)",São João Evangelista,,,11,,SAO JOAO EVANGELISTA,
2302,2021-08-17 18:49:56.012,,,false,3162906,"(-21.53809928894043,-43.006900787353516)",São João Nepomuceno,,,11,,SAO JOAO NEPOMUCENO,
2303,2021-08-17 18:49:56.767,,,false,3162922,"(-20.04800033569336,-44.274898529052734)",São Joaquim de Bicas,,,11,,SAO JOAQUIM DE BICAS,
2305,2021-08-17 18:49:58.277,,,false,3162955,"(-19.697099685668945,-43.95859909057617)",São José da Lapa,,,11,,SAO JOSE DA LAPA,
2306,2021-08-17 18:49:59.032,,,false,3163003,"(-18.32430076599121,-42.14310073852539)",São José da Safira,,,11,,SAO JOSE DA SAFIRA,
2307,2021-08-17 18:49:59.786,,,false,3163102,"(-19.700599670410156,-44.555999755859375)",São José da Varginha,,,11,,SAO JOSE DA VARGINHA,
2309,2021-08-17 18:50:01.302,,,false,3163300,"(-18.479299545288086,-41.39070129394531)",São José do Divino,,,11,,SAO JOSE DO DIVINO,
2310,2021-08-17 18:50:02.083,,,false,3163409,"(-19.92140007019043,-42.70349884033203)",São José do Goiabal,,,11,,SAO JOSE DO GOIABAL,
2311,2021-08-17 18:50:02.858,,,false,3163508,"(-18.2810001373291,-42.67290115356445)",São José do Jacuri,,,11,,SAO JOSE DO JACURI,
2313,2021-08-17 18:50:04.365,,,false,3163706,"(-22.116600036621094,-45.05059814453125)",São Lourenço,,,11,,SAO LOURENCO,
2314,2021-08-17 18:50:05.120,,,false,3163805,"(-20.70669937133789,-42.71739959716797)",São Miguel do Anta,,,11,,SAO MIGUEL DO ANTA,
2315,2021-08-17 18:50:05.873,,,false,3163904,"(-21.131000518798828,-46.612300872802734)",São Pedro da União,,,11,,SAO PEDRO DA UNIAO,
2316,2021-08-17 18:50:06.627,,,false,3164100,"(-18.36090087890625,-42.59809875488281)",São Pedro do Suaçuí,,,11,,SAO PEDRO DO SUACUI,
2318,2021-08-17 18:50:08.140,,,false,3164209,"(-16.364099502563477,-45.07490158081055)",São Romão,,,11,,SAO ROMAO,
2319,2021-08-17 18:50:08.894,,,false,3164308,"(-20.249000549316406,-46.36389923095703)",São Roque de Minas,,,11,,SAO ROQUE DE MINAS,
2320,2021-08-17 18:50:09.651,,,false,3164407,"(-22.158300399780273,-45.754600524902344)",São Sebastião da Bela Vista,,,11,,SAO SEBASTIAO DA BELA VISTA,
2322,2021-08-17 18:50:11.159,,,false,3164472,"(-19.506399154663086,-41.98500061035156)",São Sebastião do Anta,,,11,,SAO SEBASTIAO DO ANTA,
2323,2021-08-17 18:50:11.915,,,false,3164506,"(-18.087299346923828,-42.56589889526367)",São Sebastião do Maranhão,,,11,,SAO SEBASTIAO DO MARANHAO,
2324,2021-08-17 18:50:12.669,,,false,3164605,"(-20.275800704956055,-45.00630187988281)",São Sebastião do Oeste,,,11,,SAO SEBASTIAO DO OESTE,
2325,2021-08-17 18:50:13.432,,,false,3164704,"(-20.91670036315918,-46.983699798583984)",São Sebastião do Paraíso,,,11,,SAO SEBASTIAO DO PARAISO,
2327,2021-08-17 18:50:14.941,,,false,3164902,"(-22.218299865722656,-44.97610092163086)",São Sebastião do Rio Verde,,,11,,SAO SEBASTIAO DO RIO VERDE,
2328,2021-08-17 18:50:15.697,,,false,3165206,"(-21.721826553344727,-44.98494338989258)",São Thomé das Letras,,,11,,SAO THOME DAS LETRAS,
2329,2021-08-17 18:50:16.451,,,false,3165008,"(-20.907499313354492,-44.50979995727539)",São Tiago,,,11,,SAO TIAGO,
2331,2021-08-17 18:50:17.969,,,false,3165305,"(-21.704200744628906,-44.44309997558594)",São Vicente de Minas,,,11,,SAO VICENTE DE MINAS,
2332,2021-08-17 18:50:18.723,,,false,3165404,"(-22.74090003967285,-45.737998962402344)",Sapucaí-Mirim,,,11,,SAPUCAI-MIRIM,
2333,2021-08-17 18:50:19.477,,,false,3165503,"(-18.782800674438477,-42.36289978027344)",Sardoá,,,11,,SARDOA,
2334,2021-08-17 18:50:20.230,,,false,3165537,"(-20.036699295043945,-44.14459991455078)",Sarzedo,,,11,,SARZEDO,
2335,2021-08-17 18:50:20.987,,,false,3165560,"(-20.100799560546875,-42.84830093383789)",Sem-Peixe,,,11,,SEM-PEIXE,
2336,2021-08-17 18:50:21.739,,,false,3165578,"(-22.58690071105957,-46.176300048828125)",Senador Amaral,,,11,,SENADOR AMARAL,
2338,2021-08-17 18:50:23.252,,,false,3165701,"(-20.915800094604492,-43.09040069580078)",Senador Firmino,,,11,,SENADOR FIRMINO,
2339,2021-08-17 18:50:24.003,,,false,3165800,"(-22.163299560546875,-46.17919921875)",Senador José Bento,,,11,,SENADOR JOSE BENTO,
4778,2021-08-17 18:50:24.757,,,false,3506409,"(-21.40399932861328,-50.47460174560547)",Bilac,,,26,,BILAC,
2341,2021-08-17 18:50:26.265,,,false,3166006,"(-20.797199249267578,-43.33940124511719)",Senhora de Oliveira,,,11,,SENHORA DE OLIVEIRA,
2342,2021-08-17 18:50:27.022,,,false,3166105,"(-18.890899658203125,-43.079898834228516)",Senhora do Porto,,,11,,SENHORA DO PORTO,
2343,2021-08-17 18:50:27.777,,,false,3166204,"(-21.03510093688965,-43.581199645996094)",Senhora dos Remédios,,,11,,SENHORA DOS REMEDIOS,
2344,2021-08-17 18:50:28.531,,,false,3166303,"(-20.47480010986328,-42.4827995300293)",Sericita,,,11,,SERICITA,
2346,2021-08-17 18:50:30.051,,,false,3166501,"(-18.360200881958008,-43.16749954223633)",Serra Azul de Minas,,,11,,SERRA AZUL DE MINAS,
2347,2021-08-17 18:50:30.806,,,false,3166600,"(-19.444700241088867,-45.79499816894531)",Serra da Saudade,,,11,,SERRA DA SAUDADE,
2348,2021-08-17 18:50:31.562,,,false,3166808,"(-19.108299255371094,-46.69609832763672)",Serra do Salitre,,,11,,SERRA DO SALITRE,
2350,2021-08-17 18:50:33.075,,,false,3166907,"(-21.544099807739258,-46.04169845581055)",Serrania,,,11,,SERRANIA,
2352,2021-08-17 18:50:34.592,,,false,3167004,"(-21.885700225830078,-44.51250076293945)",Serranos,,,11,,SERRANOS,
2353,2021-08-17 18:50:35.347,,,false,3167103,"(-18.59910011291504,-43.3744010925293)",Serro,,,11,,SERRO,
2355,2021-08-17 18:50:36.854,,,false,3165552,"(-17.600200653076172,-42.15869903564453)",Setubinha,,,11,,SETUBINHA,
2356,2021-08-17 18:50:37.615,,,false,3167301,"(-21.161500930786133,-43.212799072265625)",Silveirânia,,,11,,SILVEIRANIA,
2357,2021-08-17 18:50:38.373,,,false,3167400,"(-22.02739906311035,-45.8385009765625)",Silvianópolis,,,11,,SILVIANOPOLIS,
2358,2021-08-17 18:50:39.128,,,false,3167509,"(-21.964000701904297,-43.308799743652344)",Simão Pereira,,,11,,SIMAO PEREIRA,
2360,2021-08-17 18:50:40.636,,,false,3167707,"(-19.234500885009766,-42.09980010986328)",Sobrália,,,11,,SOBRALIA,
2361,2021-08-17 18:50:41.389,,,false,3167806,"(-22.055400848388672,-45.0463981628418)",Soledade de Minas,,,11,,SOLEDADE DE MINAS,
2362,2021-08-17 18:50:42.146,,,false,3167905,"(-21.36319923400879,-43.23809814453125)",Tabuleiro,,,11,,TABULEIRO,
2363,2021-08-17 18:50:42.900,,,false,3168002,"(-15.810600280761719,-42.22589874267578)",Taiobeiras,,,11,,TAIOBEIRAS,
2365,2021-08-17 18:50:44.409,,,false,3168101,"(-19.91659927368164,-46.82640075683594)",Tapira,,,11,,TAPIRA,
2366,2021-08-17 18:50:45.162,,,false,3168200,"(-19.893600463867188,-46.022098541259766)",Tapiraí,,,11,,TAPIRAI,
2367,2021-08-17 18:50:45.919,,,false,3168309,"(-19.665199279785156,-43.69219970703125)",Taquaraçu de Minas,,,11,,TAQUARACU DE MINAS,
2368,2021-08-17 18:50:46.672,,,false,3168408,"(-19.28350067138672,-42.009700775146484)",Tarumirim,,,11,,TARUMIRIM,
2370,2021-08-17 18:50:48.187,,,false,3168606,"(-17.859500885009766,-41.50870132446289)",Teófilo Otoni,,,11,,TEOFILO OTONI,
2371,2021-08-17 18:50:48.958,,,false,3168705,"(-19.581100463867188,-42.647098541259766)",Timóteo,,,11,,TIMOTEO,
2372,2021-08-17 18:50:49.712,,,false,3168804,"(-21.110200881958008,-44.174400329589844)",Tiradentes,,,11,,TIRADENTES,
2373,2021-08-17 18:50:50.466,,,false,3168903,"(-19.003700256347656,-45.96260070800781)",Tiros,,,11,,TIROS,
2374,2021-08-17 18:50:51.220,,,false,3169000,"(-21.177400588989258,-43.012699127197266)",Tocantins,,,11,,TOCANTINS,
2376,2021-08-17 18:50:52.728,,,false,3169109,"(-22.74209976196289,-46.372798919677734)",Toledo,,,11,,TOLEDO,
2377,2021-08-17 18:50:53.483,,,false,3169208,"(-20.908599853515625,-42.02280044555664)",Tombos,,,11,,TOMBOS,
2378,2021-08-17 18:50:54.238,,,false,3169307,"(-21.692100524902344,-45.2510986328125)",Três Corações,,,11,,TRES CORACOES,
2379,2021-08-17 18:50:54.992,,,false,3169356,"(-18.20479965209961,-45.24729919433594)",Três Marias,,,11,,TRES MARIAS,
2380,2021-08-17 18:50:55.747,,,false,3169406,"(-21.369400024414062,-45.51089859008789)",Três Pontas,,,11,,TRES PONTAS,
2382,2021-08-17 18:50:57.252,,,false,3169604,"(-18.586599349975586,-48.69850158691406)",Tupaciguara,,,11,,TUPACIGUARA,
2383,2021-08-17 18:50:58.004,,,false,3169703,"(-17.282800674438477,-42.72850036621094)",Turmalina,,,11,,TURMALINA,
2384,2021-08-17 18:50:58.763,,,false,3169802,"(-21.873300552368164,-45.7859001159668)",Turvolândia,,,11,,TURVOLANDIA,
2385,2021-08-17 18:50:59.520,,,false,3169901,"(-21.120399475097656,-42.9359016418457)",Ubá,,,11,,UBA,
2387,2021-08-17 18:51:01.025,,,false,3170057,"(-19.635099411010742,-42.105899810791016)",Ubaporanga,,,11,,UBAPORANGA,
2388,2021-08-17 18:51:01.783,,,false,3170107,"(-19.74720001220703,-47.9380989074707)",Uberaba,,,11,,UBERABA,
2389,2021-08-17 18:51:02.538,,,false,3170206,"(-18.914100646972656,-48.274898529052734)",Uberlândia,,,11,,UBERLANDIA,
2390,2021-08-17 18:51:03.291,,,false,3170305,"(-17.25480079650879,-40.57789993286133)",Umburatiba,,,11,,UMBURATIBA,
2392,2021-08-17 18:51:04.797,,,false,3170438,"(-19.52989959716797,-50.3380012512207)",União de Minas,,,11,,UNIAO DE MINAS,
2393,2021-08-17 18:51:05.549,,,false,3170479,"(-16.063400268554688,-46.244300842285156)",Uruana de Minas,,,11,,URUANA DE MINAS,
2394,2021-08-17 18:51:06.303,,,false,3170503,"(-20.352100372314453,-42.73699951171875)",Urucânia,,,11,,URUCANIA,
2395,2021-08-17 18:51:07.058,,,false,3170529,"(-16.124399185180664,-45.735198974609375)",Urucuia,,,11,,URUCUIA,
2397,2021-08-17 18:51:08.577,,,false,3170602,"(-20.33329963684082,-46.36880111694336)",Vargem Bonita,,,11,,VARGEM BONITA,
2398,2021-08-17 18:51:09.338,,,false,3170651,"(-15.398699760437012,-42.30849838256836)",Vargem Grande do Rio Pardo,,,11,,VARGEM GRANDE DO RIO PARDO,
2399,2021-08-17 18:51:10.093,,,false,3170701,"(-21.555599212646484,-45.4364013671875)",Varginha,,,11,,VARGINHA,
2401,2021-08-17 18:51:11.603,,,false,3170800,"(-17.59440040588379,-44.722599029541016)",Várzea da Palma,,,11,,VARZEA DA PALMA,
2402,2021-08-17 18:51:12.359,,,false,3170909,"(-15.699199676513672,-44.027801513671875)",Varzelândia,,,11,,VARZELANDIA,
2403,2021-08-17 18:51:13.118,,,false,3171006,"(-17.98270034790039,-46.90879821777344)",Vazante,,,11,,VAZANTE,
2404,2021-08-17 18:51:13.877,,,false,3171030,"(-15.584500312805176,-43.612098693847656)",Verdelândia,,,11,,VERDELANDIA,
2405,2021-08-17 18:51:14.630,,,false,3171071,"(-17.39739990234375,-42.7307014465332)",Veredinha,,,11,,VEREDINHA,
2407,2021-08-17 18:51:16.147,,,false,3171154,"(-20.040599822998047,-42.268798828125)",Vermelho Novo,,,11,,VERMELHO NOVO,
2408,2021-08-17 18:51:16.915,,,false,3171204,"(-19.68829917907715,-43.92390060424805)",Vespasiano,,,11,,VESPASIANO,
2409,2021-08-17 18:51:17.679,,,false,3171303,"(-20.75589942932129,-42.87419891357422)",Viçosa,,,11,,VICOSA,
2410,2021-08-17 18:51:18.432,,,false,3171402,"(-20.867000579833984,-42.2401008605957)",Vieiras,,,11,,VIEIRAS,
2412,2021-08-17 18:51:19.940,,,false,3171709,"(-22.326400756835938,-45.096500396728516)",Virgínia,,,11,,VIRGINIA,
2413,2021-08-17 18:51:20.695,,,false,3171808,"(-18.815399169921875,-42.701499938964844)",Virginópolis,,,11,,VIRGINOPOLIS,
2414,2021-08-17 18:51:21.452,,,false,3171907,"(-18.473800659179688,-42.30670166015625)",Virgolândia,,,11,,VIRGOLANDIA,
2415,2021-08-17 18:51:22.208,,,false,3172004,"(-21.012699127197266,-42.83610153198242)",Visconde do Rio Branco,,,11,,VISCONDE DO RIO BRANCO,
2417,2021-08-17 18:51:23.713,,,false,3172202,"(-22.536800384521484,-45.36259841918945)",Wenceslau Braz,,,11,,WENCESLAU BRAZ,
2418,2021-08-17 18:51:24.468,,,false,1500107,"(-1.7218300104141235,-48.87879943847656)",Abaetetuba,,,14,,ABAETETUBA,
2419,2021-08-17 18:51:25.222,,,false,1500131,"(-4.953330039978027,-48.3932991027832)",Abel Figueiredo,,,14,,ABEL FIGUEIREDO,
2420,2021-08-17 18:51:25.975,,,false,1500206,"(-1.9538300037384033,-48.19850158691406)",Acará,,,14,,ACARA,
2423,2021-08-17 18:51:28.249,,,false,1500404,"(-1.9462300539016724,-54.738399505615234)",Alenquer,,,14,,ALENQUER,
2424,2021-08-17 18:51:29.003,,,false,1500503,"(-1.529037594795227,-52.57881164550781)",Almeirim,,,14,,ALMEIRIM,
2425,2021-08-17 18:51:29.755,,,false,1500602,"(-3.2040700912475586,-52.209999084472656)",Altamira,,,14,,ALTAMIRA,
2426,2021-08-17 18:51:30.509,,,false,1500701,"(-0.9968109726905823,-49.93539810180664)",Anajás,,,14,,ANAJAS,
2427,2021-08-17 18:51:31.263,,,false,1500800,"(-1.3639099597930908,-48.374298095703125)",Ananindeua,,,14,,ANANINDEUA,
2428,2021-08-17 18:51:32.017,,,false,1500859,"(-3.4698500633239746,-51.20029830932617)",Anapu,,,14,,ANAPU,
2430,2021-08-17 18:51:33.525,,,false,1500958,"(-2.148979902267456,-47.56769943237305)",Aurora do Pará,,,14,,AURORA DO PARA,
2431,2021-08-17 18:51:34.279,,,false,1501006,"(-3.608409881591797,-55.31990051269531)",Aveiro,,,14,,AVEIRO,
2432,2021-08-17 18:51:35.034,,,false,1501105,"(-1.900570034980774,-50.198699951171875)",Bagre,,,14,,BAGRE,
2433,2021-08-17 18:51:35.788,,,false,1501204,"(-2.790210008621216,-49.66939926147461)",Baião,,,14,,BAIAO,
2434,2021-08-17 18:51:36.544,,,false,1501253,"(-7.347789764404297,-50.39590072631836)",Bannach,,,14,,BANNACH,
2436,2021-08-17 18:51:38.080,,,false,1501402,"(-1.455399990081787,-48.48979949951172)",Belém,,,14,,BELEM,
2437,2021-08-17 18:51:38.832,,,false,1501451,"(-2.636090040206909,-54.937400817871094)",Belterra,,,14,,BELTERRA,
2438,2021-08-17 18:51:39.585,,,false,1501501,"(-1.3618299961090088,-48.24340057373047)",Benevides,,,14,,BENEVIDES,
2439,2021-08-17 18:51:40.340,,,false,1501576,"(-5.042399883270264,-48.604698181152344)",Bom Jesus do Tocantins,,,14,,BOM JESUS DO TOCANTINS,
2440,2021-08-17 18:51:41.093,,,false,1501600,"(-1.3674499988555908,-47.30659866333008)",Bonito,,,14,,BONITO,
2442,2021-08-17 18:51:42.608,,,false,1501725,"(-3.297919988632202,-52.534000396728516)",Brasil Novo,,,14,,BRASIL NOVO,
2443,2021-08-17 18:51:43.362,,,false,1501758,"(-5.6982197761535645,-48.410301208496094)",Brejo Grande do Araguaia,,,14,,BREJO GRANDE DO ARAGUAIA,
2444,2021-08-17 18:51:44.119,,,false,1501782,"(-3.7719099521636963,-49.57350158691406)",Breu Branco,,,14,,BREU BRANCO,
2446,2021-08-17 18:51:45.627,,,false,1501907,"(-1.5176199674606323,-48.03810119628906)",Bujaru,,,14,,BUJARU,
2447,2021-08-17 18:51:46.381,,,false,1502004,"(-1.0122599601745605,-48.95029830932617)",Cachoeira do Arari,,,14,,CACHOEIRA DO ARARI,
2448,2021-08-17 18:51:47.135,,,false,1501956,"(-1.7597399950027466,-46.5458984375)",Cachoeira do Piriá,,,14,,CACHOEIRA DO PIRIA,
2449,2021-08-17 18:51:47.889,,,false,1502103,"(-2.242949962615967,-49.49789810180664)",Cametá,,,14,,CAMETA,
2451,2021-08-17 18:51:49.397,,,false,1502202,"(-1.2052899599075317,-47.177799224853516)",Capanema,,,14,,CAPANEMA,
2452,2021-08-17 18:51:50.151,,,false,1502301,"(-1.747849941253662,-47.06290054321289)",Capitão Poço,,,14,,CAPITAO POCO,
2453,2021-08-17 18:51:50.906,,,false,1502400,"(-1.2979700565338135,-47.91669845581055)",Castanhal,,,14,,CASTANHAL,
2454,2021-08-17 18:51:51.660,,,false,1502509,"(-0.16415399312973022,-49.98699951171875)",Chaves,,,14,,CHAVES,
2456,2021-08-17 18:51:53.201,,,false,1502707,"(-8.261360168457031,-49.26890182495117)",Conceição do Araguaia,,,14,,CONCEICAO DO ARAGUAIA,
2457,2021-08-17 18:51:53.957,,,false,1502756,"(-1.9923800230026245,-47.94219970703125)",Concórdia do Pará,,,14,,CONCORDIA DO PARA,
3254,2021-08-17 19:02:18.270,,,false,2606507,"(-9.0455904006958,-36.84980010986328)",Iati,,,16,,IATI,
2458,2021-08-17 18:51:54.711,,,false,1502764,"(-7.810969829559326,-50.769798278808594)",Cumaru do Norte,,,14,,CUMARU DO NORTE,
2460,2021-08-17 18:51:56.221,,,false,1502806,"(-1.8117899894714355,-49.79520034790039)",Curralinho,,,14,,CURRALINHO,
2461,2021-08-17 18:51:56.984,,,false,1502855,"(-1.8877500295639038,-55.116798400878906)",Curuá,,,14,,CURUA,
2462,2021-08-17 18:51:57.737,,,false,1502905,"(-0.7332140207290649,-47.85150146484375)",Curuçá,,,14,,CURUCA,
2463,2021-08-17 18:51:58.492,,,false,1502939,"(-4.199442386627197,-47.82450485229492)",Dom Eliseu,,,14,,DOM ELISEU,
2465,2021-08-17 18:52:00.005,,,false,1503002,"(-2.1680500507354736,-56.740501403808594)",Faro,,,14,,FARO,
2466,2021-08-17 18:52:00.789,,,false,1503044,"(-7.55334997177124,-49.712501525878906)",Floresta do Araguaia,,,14,,FLORESTA DO ARAGUAIA,
2467,2021-08-17 18:52:01.545,,,false,1503077,"(-1.92985999584198,-47.050498962402344)",Garrafão do Norte,,,14,,GARRAFAO DO NORTE,
2468,2021-08-17 18:52:02.299,,,false,1503093,"(-3.8433799743652344,-49.0974006652832)",Goianésia do Pará,,,14,,GOIANESIA DO PARA,
2469,2021-08-17 18:52:03.056,,,false,1503101,"(-1.4141199588775635,-51.6338005065918)",Gurupá,,,14,,GURUPA,
2471,2021-08-17 18:52:04.562,,,false,1503309,"(-1.9753259420394897,-48.957454681396484)",Igarapé-Miri,,,14,,IGARAPE-MIRI,
2472,2021-08-17 18:52:05.314,,,false,1503408,"(-1.4349000453948975,-47.911399841308594)",Inhangapi,,,14,,INHANGAPI,
2473,2021-08-17 18:52:06.070,,,false,1503457,"(-2.559920072555542,-47.50590133666992)",Ipixuna do Pará,,,14,,IPIXUNA DO PARA,
2474,2021-08-17 18:52:06.824,,,false,1503507,"(-1.7698400020599365,-47.44599914550781)",Irituia,,,14,,IRITUIA,
2475,2021-08-17 18:52:07.580,,,false,1503606,"(-4.26669979095459,-55.99259948730469)",Itaituba,,,14,,ITAITUBA,
2477,2021-08-17 18:52:09.088,,,false,1503754,"(-6.214690208435059,-57.754398345947266)",Jacareacanga,,,14,,JACAREACANGA,
2478,2021-08-17 18:52:09.842,,,false,1503804,"(-4.446169853210449,-49.115299224853516)",Jacundá,,,14,,JACUNDA,
2479,2021-08-17 18:52:10.599,,,false,1503903,"(-2.1634700298309326,-56.08890151977539)",Juruti,,,14,,JURUTI,
2481,2021-08-17 18:52:12.112,,,false,1504059,"(-2.0568299293518066,-47.56010055541992)",Mãe do Rio,,,14,,MAE DO RIO,
2482,2021-08-17 18:52:12.865,,,false,1504109,"(-0.8033909797668457,-47.60139846801758)",Magalhães Barata,,,14,,MAGALHAES BARATA,
2483,2021-08-17 18:52:13.626,,,false,1504208,"(-5.3807501792907715,-49.1327018737793)",Marabá,,,14,,MARABA,
2484,2021-08-17 18:52:14.378,,,false,1504307,"(-0.7788990139961243,-47.45199966430664)",Maracanã,,,14,,MARACANA,
2485,2021-08-17 18:52:15.130,,,false,1504406,"(-0.7147020101547241,-47.703399658203125)",Marapanim,,,14,,MARAPANIM,
2487,2021-08-17 18:52:16.638,,,false,1504455,"(-3.4463698863983154,-52.88750076293945)",Medicilândia,,,14,,MEDICILANDIA,
2488,2021-08-17 18:52:17.392,,,false,1504505,"(-1.8032000064849854,-50.714900970458984)",Melgaço,,,14,,MELGACO,
2489,2021-08-17 18:52:18.144,,,false,1504604,"(-2.5831000804901123,-49.50419998168945)",Mocajuba,,,14,,MOCAJUBA,
2490,2021-08-17 18:52:18.898,,,false,1504703,"(-1.889930009841919,-48.76679992675781)",Moju,,,14,,MOJU,
2492,2021-08-17 18:52:20.415,,,false,1504901,"(-1.5393600463867188,-49.2224006652832)",Muaná,,,14,,MUANA,
2494,2021-08-17 18:52:21.928,,,false,1504976,"(-4.916220188140869,-49.08219909667969)",Nova Ipixuna,,,14,,NOVA IPIXUNA,
2495,2021-08-17 18:52:22.688,,,false,1505007,"(-1.208739995956421,-47.3921012878418)",Nova Timboteua,,,14,,NOVA TIMBOTEUA,
2496,2021-08-17 18:52:23.449,,,false,1505031,"(-7.14346981048584,-55.37860107421875)",Novo Progresso,,,14,,NOVO PROGRESSO,
2497,2021-08-17 18:52:24.202,,,false,1505064,"(-4.247489929199219,-49.94990158081055)",Novo Repartimento,,,14,,NOVO REPARTIMENTO,
2498,2021-08-17 18:52:24.961,,,false,1505106,"(-1.90106999874115,-55.52080154418945)",Óbidos,,,14,,OBIDOS,
2500,2021-08-17 18:52:26.486,,,false,1505304,"(-1.7598899602890015,-55.8578987121582)",Oriximiná,,,14,,ORIXIMINA,
2501,2021-08-17 18:52:27.238,,,false,1505403,"(-1.5416799783706665,-47.11259841918945)",Ourém,,,14,,OUREM,
2502,2021-08-17 18:52:27.993,,,false,1505437,"(-6.752900123596191,-51.08580017089844)",Ourilândia do Norte,,,14,,OURILANDIA DO NORTE,
2503,2021-08-17 18:52:28.745,,,false,1505486,"(-3.8354194164276123,-50.639923095703125)",Pacajá,,,14,,PACAJA,
2505,2021-08-17 18:52:30.257,,,false,1505502,"(-3.002120018005371,-47.352699279785156)",Paragominas,,,14,,PARAGOMINAS,
2506,2021-08-17 18:52:31.014,,,false,1505536,"(-6.06781005859375,-49.90370178222656)",Parauapebas,,,14,,PARAUAPEBAS,
2507,2021-08-17 18:52:31.791,,,false,1505551,"(-1.5977165699005127,-46.92676544189453)",Pau d`Arco,,,14,,PAU D`ARCO,
2508,2021-08-17 18:52:32.563,,,false,1505601,"(-1.1938239336013794,-47.324031829833984)",Peixe-Boi,,,14,,PEIXE-BOI,
2509,2021-08-17 18:52:33.337,,,false,1505635,"(-6.437779903411865,-48.87160110473633)",Piçarra,,,14,,PICARRA,
2511,2021-08-17 18:52:34.881,,,false,1505700,"(-1.3958699703216553,-48.8661003112793)",Ponta de Pedras,,,14,,PONTA DE PEDRAS,
2512,2021-08-17 18:52:35.657,,,false,1505809,"(-1.9363900423049927,-50.819400787353516)",Portel,,,14,,PORTEL,
2513,2021-08-17 18:52:36.435,,,false,1505908,"(-1.7469099760055542,-52.23609924316406)",Porto de Moz,,,14,,PORTO DE MOZ,
2514,2021-08-17 18:52:37.211,,,false,1506005,"(-1.7979999780654907,-53.477901458740234)",Prainha,,,14,,PRAINHA,
2515,2021-08-17 18:52:37.986,,,false,1506104,"(-0.9454389810562134,-47.125301361083984)",Primavera,,,14,,PRIMAVERA,
2517,2021-08-17 18:52:39.534,,,false,1506138,"(-8.025289535522461,-50.031700134277344)",Redenção,,,14,,REDENCAO,
2518,2021-08-17 18:52:40.307,,,false,1506161,"(-7.312359809875488,-50.037899017333984)",Rio Maria,,,14,,RIO MARIA,
2519,2021-08-17 18:52:46.425,,,false,1506187,"(-4.777929782867432,-48.06700134277344)",Rondon do Pará,,,14,,RONDON DO PARA,
2520,2021-08-17 18:52:47.390,,,false,1506195,"(-4.100279808044434,-54.90919876098633)",Rurópolis,,,14,,RUROPOLIS,
2522,2021-08-17 18:52:48.936,,,false,1506302,"(-0.7584440112113953,-48.51390075683594)",Salvaterra,,,14,,SALVATERRA,
2523,2021-08-17 18:52:49.708,,,false,1506351,"(-1.192192554473877,-48.238033294677734)",Santa Bárbara do Pará,,,14,,SANTA BARBARA DO PARA,
2524,2021-08-17 18:52:50.481,,,false,1506401,"(-0.6610190272331238,-49.177101135253906)",Santa Cruz do Arari,,,14,,SANTA CRUZ DO ARARI,
2526,2021-08-17 18:52:52.032,,,false,1506559,"(-1.5214699506759644,-46.90079879760742)",Santa Luzia do Pará,,,14,,SANTA LUZIA DO PARA,
2527,2021-08-17 18:52:52.804,,,false,1506583,"(-8.857839584350586,-49.721500396728516)",Santa Maria das Barreiras,,,14,,SANTA MARIA DAS BARREIRAS,
2528,2021-08-17 18:52:53.586,,,false,1506609,"(-1.3539199829101562,-47.57120132446289)",Santa Maria do Pará,,,14,,SANTA MARIA DO PARA,
2530,2021-08-17 18:52:55.132,,,false,1506807,"(-2.4384899139404297,-54.69960021972656)",Santarém,,,14,,SANTAREM,
2531,2021-08-17 18:52:55.904,,,false,1506906,"(-0.9309700131416321,-47.385501861572266)",Santarém Novo,,,14,,SANTAREM NOVO,
2532,2021-08-17 18:52:56.677,,,false,1507003,"(-1.1521999835968018,-48.13140106201172)",Santo Antônio do Tauá,,,14,,SANTO ANTONIO DO TAUA,
2534,2021-08-17 18:52:58.222,,,false,1507151,"(-5.537320137023926,-48.73659896850586)",São Domingos do Araguaia,,,14,,SAO DOMINGOS DO ARAGUAIA,
2535,2021-08-17 18:52:58.994,,,false,1507201,"(-1.6876800060272217,-47.76649856567383)",São Domingos do Capim,,,14,,SAO DOMINGOS DO CAPIM,
2536,2021-08-17 18:52:59.767,,,false,1507300,"(-6.642539978027344,-51.99039840698242)",São Félix do Xingu,,,14,,SAO FELIX DO XINGU,
2537,2021-08-17 18:53:00.540,,,false,1507409,"(-1.1696300506591797,-47.79169845581055)",São Francisco do Pará,,,14,,SAO FRANCISCO DO PARA,
2539,2021-08-17 18:53:02.092,,,false,1507466,"(-0.8578850030899048,-47.917999267578125)",São João da Ponta,,,14,,SAO JOAO DA PONTA,
2540,2021-08-17 18:53:02.864,,,false,1507474,"(-0.7802219986915588,-47.180999755859375)",São João de Pirabas,,,14,,SAO JOAO DE PIRABAS,
2541,2021-08-17 18:53:03.639,,,false,1507508,"(-5.363339900970459,-48.792598724365234)",São João do Araguaia,,,14,,SAO JOAO DO ARAGUAIA,
2543,2021-08-17 18:53:05.204,,,false,1507706,"(-1.7159700393676758,-49.524898529052734)",São Sebastião da Boa Vista,,,14,,SAO SEBASTIAO DA BOA VISTA,
2544,2021-08-17 18:53:05.976,,,false,1507755,"(-6.940179824829102,-49.68339920043945)",Sapucaia,,,14,,SAPUCAIA,
2545,2021-08-17 18:53:06.758,,,false,1507805,"(-4.312417507171631,-51.57640838623047)",Senador José Porfírio,,,14,,SENADOR JOSE PORFIRIO,
2546,2021-08-17 18:53:07.531,,,false,1507904,"(-0.7303199768066406,-48.50149917602539)",Soure,,,14,,SOURE,
2547,2021-08-17 18:53:08.315,,,false,1507953,"(-2.9458398818969727,-48.94889831542969)",Tailândia,,,14,,TAILANDIA,
2549,2021-08-17 18:53:09.866,,,false,1507979,"(-2.1044299602508545,-56.487701416015625)",Terra Santa,,,14,,TERRA SANTA,
2550,2021-08-17 18:53:10.639,,,false,1508001,"(-2.4130163192749023,-48.14148712158203)",Tomé-Açu,,,14,,TOME-ACU,
4779,2021-08-17 18:53:11.411,,,false,3506508,"(-21.291000366210938,-50.34320068359375)",Birigui,,,26,,BIRIGUI,
2551,2021-08-17 18:53:12.183,,,false,1508035,"(-1.0765336751937866,-46.90308380126953)",Tracuateua,,,14,,TRACUATEUA,
2553,2021-08-17 18:53:13.731,,,false,1508084,"(-6.746870040893555,-51.162601470947266)",Tucumã,,,14,,TUCUMA,
2554,2021-08-17 18:53:14.503,,,false,1508100,"(-3.765700101852417,-49.67729949951172)",Tucuruí,,,14,,TUCURUI,
2555,2021-08-17 18:53:15.277,,,false,1508126,"(-3.750070095062256,-47.489200592041016)",Ulianópolis,,,14,,ULIANOPOLIS,
2556,2021-08-17 18:53:16.056,,,false,1508159,"(-3.7151899337768555,-53.739601135253906)",Uruará,,,14,,URUARA,
2557,2021-08-17 18:53:16.836,,,false,1508209,"(-0.8611940145492554,-48.13859939575195)",Vigia,,,14,,VIGIA,
2560,2021-08-17 18:53:19.163,,,false,1508407,"(-7.098299980163574,-49.94369888305664)",Xinguara,,,14,,XINGUARA,
2561,2021-08-17 18:53:19.935,,,false,2500106,"(-7.511439800262451,-37.63570022583008)",Água Branca,,,15,,AGUA BRANCA,
2562,2021-08-17 18:53:20.708,,,false,2500205,"(-7.091800212860107,-38.16809844970703)",Aguiar,,,15,,AGUIAR,
2563,2021-08-17 18:53:21.480,,,false,2500304,"(-7.039430141448975,-35.620601654052734)",Alagoa Grande,,,15,,ALAGOA GRANDE,
2564,2021-08-17 18:53:22.253,,,false,2500403,"(-7.053770065307617,-35.75910186767578)",Alagoa Nova,,,15,,ALAGOA NOVA,
2566,2021-08-17 18:53:23.798,,,false,2500536,"(-7.736680030822754,-36.05110168457031)",Alcantil,,,15,,ALCANTIL,
2567,2021-08-17 18:53:24.571,,,false,2500577,"(-6.892920017242432,-36.012901306152344)",Algodão de Jandaíra,,,15,,ALGODAO DE JANDAIRA,
2568,2021-08-17 18:53:25.343,,,false,2500601,"(-7.429769992828369,-34.90570068359375)",Alhandra,,,15,,ALHANDRA,
2569,2021-08-17 18:53:26.119,,,false,2500734,"(-7.555019855499268,-37.062801361083984)",Amparo,,,15,,AMPARO,
2571,2021-08-17 18:53:27.672,,,false,2500809,"(-6.843739986419678,-35.37369918823242)",Araçagi,,,15,,ARACAGI,
2572,2021-08-17 18:53:28.444,,,false,2500908,"(-6.828129768371582,-35.75519943237305)",Arara,,,15,,ARARA,
2573,2021-08-17 18:53:29.217,,,false,2501005,"(-6.548480033874512,-35.74980163574219)",Araruna,,,15,,ARARUNA,
2574,2021-08-17 18:53:29.988,,,false,2501104,"(-6.96396017074585,-35.69770050048828)",Areia,,,15,,AREIA,
2576,2021-08-17 18:53:31.538,,,false,2501203,"(-7.0478901863098145,-35.93130111694336)",Areial,,,15,,AREIAL,
2577,2021-08-17 18:53:32.319,,,false,2501302,"(-7.544730186462402,-35.706600189208984)",Aroeiras,,,15,,AROEIRAS,
2578,2021-08-17 18:53:33.096,,,false,2501351,"(-7.072309970855713,-36.724998474121094)",Assunção,,,15,,ASSUNCAO,
2579,2021-08-17 18:53:33.868,,,false,2501401,"(-6.692090034484863,-34.9380989074707)",Baía da Traição,,,15,,BAIA DA TRAICAO,
2580,2021-08-17 18:53:34.641,,,false,2501500,"(-6.7477498054504395,-35.62459945678711)",Bananeiras,,,15,,BANANEIRAS,
2581,2021-08-17 18:53:35.413,,,false,2501534,"(-6.63484001159668,-36.260101318359375)",Baraúna,,,15,,BARAUNA,
2583,2021-08-17 18:53:36.960,,,false,2501575,"(-7.518089771270752,-35.99129867553711)",Barra de Santana,,,15,,BARRA DE SANTANA,
2584,2021-08-17 18:53:37.732,,,false,2501708,"(-7.746029853820801,-36.320899963378906)",Barra de São Miguel,,,15,,BARRA DE SAO MIGUEL,
2585,2021-08-17 18:53:38.505,,,false,2501807,"(-7.123799800872803,-34.929298400878906)",Bayeux,,,15,,BAYEUX,
2586,2021-08-17 18:53:39.280,,,false,2501906,"(-6.742609977722168,-35.5166015625)",Belém,,,15,,BELEM,
2588,2021-08-17 18:53:40.825,,,false,2502052,"(-6.445720195770264,-38.552101135253906)",Bernardino Batista,,,15,,BERNARDINO BATISTA,
2589,2021-08-17 18:53:41.597,,,false,2502102,"(-7.409820079803467,-38.211299896240234)",Boa Ventura,,,15,,BOA VENTURA,
2590,2021-08-17 18:53:42.370,,,false,2502151,"(-7.263649940490723,-36.23569869995117)",Boa Vista,,,15,,BOA VISTA,
2591,2021-08-17 18:53:43.143,,,false,2502201,"(-6.816009998321533,-38.645301818847656)",Bom Jesus,,,15,,BOM JESUS,
2593,2021-08-17 18:53:44.708,,,false,2502409,"(-7.313409805297852,-38.513301849365234)",Bonito de Santa Fé,,,15,,BONITO DE SANTA FE,
2594,2021-08-17 18:53:45.489,,,false,2502508,"(-7.486999988555908,-36.13090133666992)",Boqueirão,,,15,,BOQUEIRAO,
2595,2021-08-17 18:53:46.261,,,false,2502706,"(-6.801990032196045,-35.61869812011719)",Borborema,,,15,,BORBOREMA,
2596,2021-08-17 18:53:47.035,,,false,2502805,"(-6.3418498039245605,-37.494300842285156)",Brejo do Cruz,,,15,,BREJO DO CRUZ,
2598,2021-08-17 18:53:48.579,,,false,2503001,"(-7.513510227203369,-34.90549850463867)",Caaporã,,,15,,CAAPORA,
2599,2021-08-17 18:53:49.352,,,false,2503100,"(-7.48898983001709,-36.2869987487793)",Cabaceiras,,,15,,CABACEIRAS,
2600,2021-08-17 18:53:50.129,,,false,2503209,"(-6.98730993270874,-34.828399658203125)",Cabedelo,,,15,,CABEDELO,
2601,2021-08-17 18:53:50.902,,,false,2503308,"(-6.913529872894287,-38.67599868774414)",Cachoeira dos Índios,,,15,,CACHOEIRA DOS INDIOS,
2603,2021-08-17 18:53:52.449,,,false,2503506,"(-6.638599872589111,-35.777801513671875)",Cacimba de Dentro,,,15,,CACIMBA DE DENTRO,
2604,2021-08-17 18:53:53.222,,,false,2503555,"(-7.207210063934326,-37.06039810180664)",Cacimbas,,,15,,CACIMBAS,
2605,2021-08-17 18:53:53.995,,,false,2503605,"(-6.621150016784668,-35.458099365234375)",Caiçara,,,15,,CAICARA,
2606,2021-08-17 18:53:54.775,,,false,2503704,"(-6.880040168762207,-38.557701110839844)",Cajazeiras,,,15,,CAJAZEIRAS,
2608,2021-08-17 18:53:56.320,,,false,2503803,"(-7.102499961853027,-35.32720184326172)",Caldas Brandão,,,15,,CALDAS BRANDAO,
2609,2021-08-17 18:53:57.093,,,false,2503902,"(-7.8850297927856445,-36.82419967651367)",Camalaú,,,15,,CAMALAU,
2610,2021-08-17 18:53:57.865,,,false,2504009,"(-7.221960067749023,-35.87310028076172)",Campina Grande,,,15,,CAMPINA GRANDE,
2611,2021-08-17 18:53:58.638,,,false,2516409,"(-6.4875898361206055,-35.63669967651367)",Campo de Santana,,,15,,CAMPO DE SANTANA,
2612,2021-08-17 18:53:59.410,,,false,2504033,"(-6.916240215301514,-35.167301177978516)",Capim,,,15,,CAPIM,
2614,2021-08-17 18:54:00.956,,,false,2504108,"(-7.034140110015869,-38.339900970458984)",Carrapateira,,,15,,CARRAPATEIRA,
2615,2021-08-17 18:54:01.728,,,false,2504157,"(-6.779540061950684,-35.817901611328125)",Casserengue,,,15,,CASSERENGUE,
2616,2021-08-17 18:54:02.501,,,false,2504207,"(-7.12007999420166,-37.60639953613281)",Catingueira,,,15,,CATINGUEIRA,
2618,2021-08-17 18:54:04.046,,,false,2504355,"(-7.416590213775635,-36.030601501464844)",Caturité,,,15,,CATURITE,
2619,2021-08-17 18:54:04.819,,,false,2504405,"(-7.551060199737549,-38.501399993896484)",Conceição,,,15,,CONCEICAO,
2620,2021-08-17 18:54:05.592,,,false,2504504,"(-6.89831018447876,-37.60599899291992)",Condado,,,15,,CONDADO,
2621,2021-08-17 18:54:06.364,,,false,2504603,"(-7.257460117340088,-34.899898529052734)",Conde,,,15,,CONDE,
2622,2021-08-17 18:54:07.136,,,false,2504702,"(-7.790780067443848,-36.65810012817383)",Congo,,,15,,CONGO,
2623,2021-08-17 18:54:07.909,,,false,2504801,"(-7.007120132446289,-37.934600830078125)",Coremas,,,15,,COREMAS,
2625,2021-08-17 18:54:09.454,,,false,2504900,"(-7.139019966125488,-35.08570098876953)",Cruz do Espírito Santo,,,15,,CRUZ DO ESPIRITO SANTO,
2626,2021-08-17 18:54:10.228,,,false,2505006,"(-6.8668599128723145,-36.361900329589844)",Cubati,,,15,,CUBATI,
2627,2021-08-17 18:54:11.000,,,false,2505105,"(-6.476469993591309,-36.1515007019043)",Cuité,,,15,,CUITE,
2629,2021-08-17 18:54:12.545,,,false,2505204,"(-6.890580177307129,-35.52149963378906)",Cuitegi,,,15,,CUITEGI,
2630,2021-08-17 18:54:13.318,,,false,2505279,"(-6.723249912261963,-35.26390075683594)",Curral de Cima,,,15,,CURRAL DE CIMA,
2631,2021-08-17 18:54:14.091,,,false,2505303,"(-7.530749797821045,-38.19620132446289)",Curral Velho,,,15,,CURRAL VELHO,
2633,2021-08-17 18:54:15.643,,,false,2505402,"(-7.2870001792907715,-37.092498779296875)",Desterro,,,15,,DESTERRO,
2634,2021-08-17 18:54:16.681,,,false,2505600,"(-7.417379856109619,-38.26150131225586)",Diamante,,,15,,DIAMANTE,
2635,2021-08-17 18:54:17.749,,,false,2505709,"(-6.615660190582275,-35.62049865722656)",Dona Inês,,,15,,DONA INES,
2636,2021-08-17 18:54:18.795,,,false,2505808,"(-6.684989929199219,-35.417999267578125)",Duas Estradas,,,15,,DUAS ESTRADAS,
2638,2021-08-17 18:54:20.898,,,false,2506004,"(-7.022779941558838,-35.85969924926758)",Esperança,,,15,,ESPERANCA,
2639,2021-08-17 18:54:21.959,,,false,2506103,"(-7.344540119171143,-35.79309844970703)",Fagundes,,,15,,FAGUNDES,
2640,2021-08-17 18:54:22.732,,,false,2506202,"(-6.397590160369873,-36.452598571777344)",Frei Martinho,,,15,,FREI MARTINHO,
2642,2021-08-17 18:54:24.279,,,false,2506301,"(-6.850639820098877,-35.48500061035156)",Guarabira,,,15,,GUARABIRA,
2643,2021-08-17 18:54:25.052,,,false,2506400,"(-7.123300075531006,-35.42219924926758)",Gurinhém,,,15,,GURINHEM,
2644,2021-08-17 18:54:25.824,,,false,2506509,"(-7.248330116271973,-36.4922981262207)",Gurjão,,,15,,GURJAO,
2645,2021-08-17 18:54:26.598,,,false,2506608,"(-7.479569911956787,-38.40589904785156)",Ibiara,,,15,,IBIARA,
2646,2021-08-17 18:54:27.371,,,false,2502607,"(-7.171840190887451,-38.14780044555664)",Igaracy,,,15,,IGARACY,
2648,2021-08-17 18:54:28.915,,,false,2506806,"(-7.281439781188965,-35.60499954223633)",Ingá,,,15,,INGA,
2649,2021-08-17 18:54:29.686,,,false,2506905,"(-7.331669807434082,-35.33169937133789)",Itabaiana,,,15,,ITABAIANA,
2650,2021-08-17 18:54:30.460,,,false,2507002,"(-7.302020072937012,-38.15039825439453)",Itaporanga,,,15,,ITAPORANGA,
2651,2021-08-17 18:54:31.235,,,false,2507101,"(-6.823740005493164,-35.2406005859375)",Itapororoca,,,15,,ITAPOROROCA,
2652,2021-08-17 18:54:32.008,,,false,2507200,"(-7.381149768829346,-35.63800048828125)",Itatuba,,,15,,ITATUBA,
2654,2021-08-17 18:54:33.554,,,false,2507408,"(-6.545770168304443,-37.8036003112793)",Jericó,,,15,,JERICO,
2655,2021-08-17 18:54:34.328,,,false,2507507,"(-7.1150898933410645,-34.86410140991211)",João Pessoa,,,15,,JOAO PESSOA,
2656,2021-08-17 18:54:35.101,,,false,2507606,"(-7.171299934387207,-35.568599700927734)",Juarez Távora,,,15,,JUAREZ TAVORA,
2657,2021-08-17 18:54:35.874,,,false,2507705,"(-7.060919761657715,-36.57929992675781)",Juazeirinho,,,15,,JUAZEIRINHO,
2659,2021-08-17 18:54:37.419,,,false,2507903,"(-7.361760139465332,-35.23210144042969)",Juripiranga,,,15,,JURIPIRANGA,
2660,2021-08-17 18:54:38.191,,,false,2508000,"(-7.529829978942871,-37.814998626708984)",Juru,,,15,,JURU,
2661,2021-08-17 18:54:38.965,,,false,2508109,"(-6.585720062255859,-37.91270065307617)",Lagoa,,,15,,LAGOA,
2662,2021-08-17 18:54:39.738,,,false,2508208,"(-6.672130107879639,-35.370601654052734)",Lagoa de Dentro,,,15,,LAGOA DE DENTRO,
2663,2021-08-17 18:54:40.510,,,false,2508307,"(-7.155350208282471,-35.849098205566406)",Lagoa Seca,,,15,,LAGOA SECA,
2665,2021-08-17 18:54:42.055,,,false,2508505,"(-7.371129989624023,-36.949100494384766)",Livramento,,,15,,LIVRAMENTO,
2666,2021-08-17 18:54:42.831,,,false,2508554,"(-6.611909866333008,-35.43840026855469)",Logradouro,,,15,,LOGRADOURO,
2667,2021-08-17 18:54:43.607,,,false,2508604,"(-6.9025797843933105,-34.87480163574219)",Lucena,,,15,,LUCENA,
2668,2021-08-17 18:54:44.381,,,false,2508703,"(-7.252009868621826,-37.43220138549805)",Mãe d`Água,,,15,,MAE D`AGUA,
2670,2021-08-17 18:54:45.928,,,false,2508901,"(-6.833700180053711,-35.121299743652344)",Mamanguape,,,15,,MAMANGUAPE,
2671,2021-08-17 18:54:46.700,,,false,2509008,"(-7.703310012817383,-38.15230178833008)",Manaíra,,,15,,MANAIRA,
2672,2021-08-17 18:54:47.473,,,false,2509057,"(-6.765349864959717,-35.00870132446289)",Marcação,,,15,,MARCACAO,
2673,2021-08-17 18:54:48.250,,,false,2509107,"(-7.059420108795166,-35.31800079345703)",Mari,,,15,,MARI,
3834,2021-08-17 19:09:51.870,,,false,2413904,"(-5.630579948425293,-35.591800689697266)",Taipu,,,20,,TAIPU,
2675,2021-08-17 18:54:49.793,,,false,2509206,"(-7.189949989318848,-35.7848014831543)",Massaranduba,,,15,,MASSARANDUBA,
2676,2021-08-17 18:54:50.567,,,false,2509305,"(-6.5967302322387695,-35.0531005859375)",Mataraca,,,15,,MATARACA,
2677,2021-08-17 18:54:51.338,,,false,2509339,"(-7.124859809875488,-35.76689910888672)",Matinhas,,,15,,MATINHAS,
2678,2021-08-17 18:54:52.114,,,false,2509370,"(-6.540180206298828,-37.727901458740234)",Mato Grosso,,,15,,MATO GROSSO,
2680,2021-08-17 18:54:53.665,,,false,2509404,"(-7.285170078277588,-35.48320007324219)",Mogeiro,,,15,,MOGEIRO,
2681,2021-08-17 18:54:54.441,,,false,2509503,"(-7.088479995727539,-35.95920181274414)",Montadas,,,15,,MONTADAS,
2682,2021-08-17 18:54:55.213,,,false,2509602,"(-7.204020023345947,-38.58380126953125)",Monte Horebe,,,15,,MONTE HOREBE,
2683,2021-08-17 18:54:55.989,,,false,2509701,"(-7.88362979888916,-37.11840057373047)",Monteiro,,,15,,MONTEIRO,
2684,2021-08-17 18:54:56.760,,,false,2509800,"(-7.02524995803833,-35.459999084472656)",Mulungu,,,15,,MULUNGU,
2686,2021-08-17 18:54:58.304,,,false,2510006,"(-6.911399841308594,-38.321998596191406)",Nazarezinho,,,15,,NAZAREZINHO,
2687,2021-08-17 18:54:59.077,,,false,2510105,"(-6.450560092926025,-36.2056999206543)",Nova Floresta,,,15,,NOVA FLORESTA,
2688,2021-08-17 18:54:59.849,,,false,2510204,"(-7.472320079803467,-38.03820037841797)",Nova Olinda,,,15,,NOVA OLINDA,
2690,2021-08-17 18:55:01.395,,,false,2510402,"(-7.221179962158203,-37.7406005859375)",Olho d`Água,,,15,,OLHO D`AGUA,
2691,2021-08-17 18:55:02.176,,,false,2510501,"(-6.984340190887451,-36.24100112915039)",Olivedos,,,15,,OLIVEDOS,
2692,2021-08-17 18:55:02.961,,,false,2510600,"(-7.616040229797363,-37.15190124511719)",Ouro Velho,,,15,,OURO VELHO,
2693,2021-08-17 18:55:03.745,,,false,2510659,"(-7.309750080108643,-36.652198791503906)",Parari,,,15,,PARARI,
2694,2021-08-17 18:55:04.519,,,false,2510709,"(-7.134669780731201,-37.04330062866211)",Passagem,,,15,,PASSAGEM,
2696,2021-08-17 18:55:06.067,,,false,2510907,"(-6.5913801193237305,-37.618499755859375)",Paulista,,,15,,PAULISTA,
2697,2021-08-17 18:55:06.841,,,false,2511004,"(-7.421689987182617,-38.06890106201172)",Pedra Branca,,,15,,PEDRA BRANCA,
2698,2021-08-17 18:55:07.615,,,false,2511103,"(-6.749969959259033,-36.475799560546875)",Pedra Lavrada,,,15,,PEDRA LAVRADA,
2700,2021-08-17 18:55:09.168,,,false,2512721,"(-6.633230209350586,-35.296600341796875)",Pedro Régis,,,15,,PEDRO REGIS,
2701,2021-08-17 18:55:09.941,,,false,2511301,"(-7.192820072174072,-37.92890167236328)",Piancó,,,15,,PIANCO,
2702,2021-08-17 18:55:10.714,,,false,2511400,"(-6.508450031280518,-36.349700927734375)",Picuí,,,15,,PICUI,
2704,2021-08-17 18:55:12.259,,,false,2511608,"(-6.868269920349121,-35.612998962402344)",Pilões,,,15,,PILOES,
2705,2021-08-17 18:55:13.031,,,false,2511707,"(-6.842770099639893,-35.53099822998047)",Pilõezinhos,,,15,,PILOEZINHOS,
2706,2021-08-17 18:55:13.803,,,false,2511806,"(-6.779220104217529,-35.4906005859375)",Pirpirituba,,,15,,PIRPIRITUBA,
2707,2021-08-17 18:55:14.578,,,false,2511905,"(-7.466400146484375,-34.815101623535156)",Pitimbu,,,15,,PITIMBU,
2709,2021-08-17 18:55:16.136,,,false,2512036,"(-6.398759841918945,-38.49089813232422)",Poço Dantas,,,15,,POCO DANTAS,
2710,2021-08-17 18:55:16.908,,,false,2512077,"(-6.564010143280029,-38.51110076904297)",Poço de José de Moura,,,15,,POCO DE JOSE DE MOURA,
2711,2021-08-17 18:55:17.682,,,false,2512101,"(-6.766059875488281,-37.80030059814453)",Pombal,,,15,,POMBAL,
2712,2021-08-17 18:55:18.455,,,false,2512200,"(-7.688260078430176,-37.080101013183594)",Prata,,,15,,PRATA,
2714,2021-08-17 18:55:20.004,,,false,2512408,"(-7.154789924621582,-35.95429992675781)",Puxinanã,,,15,,PUXINANA,
2715,2021-08-17 18:55:20.782,,,false,2512507,"(-7.350289821624756,-35.903099060058594)",Queimadas,,,15,,QUEIMADAS,
2716,2021-08-17 18:55:21.555,,,false,2512606,"(-7.02239990234375,-37.14580154418945)",Quixabá,,,15,,QUIXABA,
2717,2021-08-17 18:55:22.328,,,false,2512705,"(-6.949920177459717,-35.80110168457031)",Remígio,,,15,,REMIGIO,
2718,2021-08-17 18:55:23.101,,,false,2512747,"(-6.542689800262451,-35.6609992980957)",Riachão,,,15,,RIACHAO,
2720,2021-08-17 18:55:24.651,,,false,2512762,"(-7.141729831695557,-35.29140090942383)",Riachão do Poço,,,15,,RIACHAO DO POCO,
2721,2021-08-17 18:55:25.423,,,false,2512788,"(-7.680230140686035,-36.15700149536133)",Riacho de Santo Antônio,,,15,,RIACHO DE SANTO ANTONIO,
2722,2021-08-17 18:55:26.199,,,false,2512804,"(-6.440670013427734,-37.64830017089844)",Riacho dos Cavalos,,,15,,RIACHO DOS CAVALOS,
2723,2021-08-17 18:55:26.974,,,false,2512903,"(-6.803830146789551,-35.077598571777344)",Rio Tinto,,,15,,RIO TINTO,
2725,2021-08-17 18:55:28.519,,,false,2513109,"(-7.353370189666748,-35.43050003051758)",Salgado de São Félix,,,15,,SALGADO DE SAO FELIX,
2726,2021-08-17 18:55:29.294,,,false,2513158,"(-7.738900184631348,-35.876399993896484)",Santa Cecília,,,15,,SANTA CECILIA,
2727,2021-08-17 18:55:30.067,,,false,2513208,"(-6.52370023727417,-38.06169891357422)",Santa Cruz,,,15,,SANTA CRUZ,
2729,2021-08-17 18:55:31.625,,,false,2513356,"(-7.620999813079834,-38.55400085449219)",Santa Inês,,,15,,SANTA INES,
2730,2021-08-17 18:55:32.407,,,false,2513406,"(-6.860919952392578,-36.91780090332031)",Santa Luzia,,,15,,SANTA LUZIA,
2731,2021-08-17 18:55:33.181,,,false,2513703,"(-7.117239952087402,-34.97529983520508)",Santa Rita,,,15,,SANTA RITA,
2732,2021-08-17 18:55:33.954,,,false,2513802,"(-7.079639911651611,-37.44350051879883)",Santa Teresinha,,,15,,SANTA TERESINHA,
2734,2021-08-17 18:55:35.499,,,false,2513604,"(-7.381619930267334,-37.98189926147461)",Santana dos Garrotes,,,15,,SANTANA DOS GARROTES,
2735,2021-08-17 18:55:36.281,,,false,2513653,"(-6.4836201667785645,-38.47639846801758)",Santarém,,,15,,SANTAREM,
2736,2021-08-17 18:55:37.053,,,false,2513851,"(-7.220160007476807,-36.621299743652344)",Santo André,,,15,,SANTO ANDRE,
2737,2021-08-17 18:55:37.829,,,false,2513927,"(-6.885960102081299,-37.724300384521484)",São Bentinho,,,15,,SAO BENTINHO,
2739,2021-08-17 18:55:39.374,,,false,2513968,"(-6.803127765655518,-37.9488410949707)",São Domingos de Pombal,,,15,,SAO DOMINGOS DE POMBAL,
2740,2021-08-17 18:55:40.146,,,false,2513943,"(-7.632730007171631,-36.437400817871094)",São Domingos do Cariri,,,15,,SAO DOMINGOS DO CARIRI,
2741,2021-08-17 18:55:40.918,,,false,2513984,"(-6.607729911804199,-38.0968017578125)",São Francisco,,,15,,SAO FRANCISCO,
2743,2021-08-17 18:55:42.474,,,false,2500700,"(-6.721950054168701,-38.446800231933594)",São João do Rio do Peixe,,,15,,SAO JOAO DO RIO DO PEIXE,
2744,2021-08-17 18:55:43.255,,,false,2514107,"(-8.077030181884766,-36.854698181152344)",São João do Tigre,,,15,,SAO JOAO DO TIGRE,
2745,2021-08-17 18:55:44.030,,,false,2514206,"(-6.936460018157959,-38.162200927734375)",São José da Lagoa Tapada,,,15,,SAO JOSE DA LAGOA TAPADA,
4783,2021-08-17 19:22:05.881,,,false,3506904,"(-23.105499267578125,-48.258201599121094)",Bofete,,,26,,BOFETE,
2747,2021-08-17 18:55:45.576,,,false,2514404,"(-6.839739799499512,-37.3213996887207)",São José de Espinharas,,,15,,SAO JOSE DE ESPINHARAS,
2748,2021-08-17 18:55:46.348,,,false,2514503,"(-7.11870002746582,-38.50199890136719)",São José de Piranhas,,,15,,SAO JOSE DE PIRANHAS,
2749,2021-08-17 18:55:47.121,,,false,2514552,"(-7.736330032348633,-38.08940124511719)",São José de Princesa,,,15,,SAO JOSE DE PRINCESA,
2751,2021-08-17 18:55:48.672,,,false,2514651,"(-6.210539817810059,-37.36009979248047)",São José do Brejo do Cruz,,,15,,SAO JOSE DO BREJO DO CRUZ,
2752,2021-08-17 18:55:49.446,,,false,2514701,"(-6.7629499435424805,-36.79719924926758)",São José do Sabugi,,,15,,SAO JOSE DO SABUGI,
2753,2021-08-17 18:55:50.219,,,false,2514800,"(-7.387750148773193,-36.80849838256836)",São José dos Cordeiros,,,15,,SAO JOSE DOS CORDEIROS,
2754,2021-08-17 18:55:50.989,,,false,2514453,"(-7.252379894256592,-35.372501373291016)",São José dos Ramos,,,15,,SAO JOSE DOS RAMOS,
2756,2021-08-17 18:55:52.534,,,false,2515005,"(-7.247640132904053,-35.20159912109375)",São Miguel de Taipu,,,15,,SAO MIGUEL DE TAIPU,
2757,2021-08-17 18:55:53.328,,,false,2515104,"(-7.110340118408203,-35.867801666259766)",São Sebastião de Lagoa de Roça,,,15,,SAO SEBASTIAO DE LAGOA DE ROCA,
2759,2021-08-17 18:55:54.874,,,false,2515302,"(-7.093589782714844,-35.22800064086914)",Sapé,,,15,,SAPE,
2760,2021-08-17 18:55:55.646,,,false,2515401,"(-6.854259967803955,-36.412200927734375)",Seridó,,,15,,SERIDO,
2761,2021-08-17 18:55:56.418,,,false,2515500,"(-7.480340003967285,-36.66600036621094)",Serra Branca,,,15,,SERRA BRANCA,
2762,2021-08-17 18:55:57.191,,,false,2515609,"(-6.685269832611084,-35.43790054321289)",Serra da Raiz,,,15,,SERRA DA RAIZ,
2763,2021-08-17 18:55:57.972,,,false,2515708,"(-7.209569931030273,-38.36470031738281)",Serra Grande,,,15,,SERRA GRANDE,
2764,2021-08-17 18:55:58.747,,,false,2515807,"(-7.186220169067383,-35.684200286865234)",Serra Redonda,,,15,,SERRA REDONDA,
2766,2021-08-17 18:56:00.293,,,false,2515930,"(-6.751269817352295,-35.437198638916016)",Sertãozinho,,,15,,SERTAOZINHO,
2768,2021-08-17 18:56:01.841,,,false,2516003,"(-6.751609802246094,-35.66360092163086)",Solânea,,,15,,SOLANEA,
2769,2021-08-17 18:56:02.613,,,false,2516102,"(-7.058290004730225,-36.366798400878906)",Soledade,,,15,,SOLEDADE,
2770,2021-08-17 18:56:03.387,,,false,2516151,"(-6.770669937133789,-36.25379943847656)",Sossêgo,,,15,,SOSSEGO,
2771,2021-08-17 18:56:04.184,,,false,2516201,"(-6.7514801025390625,-38.23109817504883)",Sousa,,,15,,SOUSA,
2773,2021-08-17 18:56:05.730,,,false,2516508,"(-7.206289768218994,-36.824501037597656)",Taperoá,,,15,,TAPEROA,
2774,2021-08-17 18:56:06.503,,,false,2516607,"(-7.626969814300537,-37.87120056152344)",Tavares,,,15,,TAVARES,
2775,2021-08-17 18:56:07.275,,,false,2516706,"(-7.221039772033691,-37.252498626708984)",Teixeira,,,15,,TEIXEIRA,
2776,2021-08-17 18:56:08.048,,,false,2516755,"(-6.938549995422363,-36.62730026245117)",Tenório,,,15,,TENORIO,
2777,2021-08-17 18:56:08.821,,,false,2516805,"(-6.571300029754639,-38.59859848022461)",Triunfo,,,15,,TRIUNFO,
2779,2021-08-17 18:56:10.368,,,false,2517001,"(-7.691989898681641,-35.658199310302734)",Umbuzeiro,,,15,,UMBUZEIRO,
2780,2021-08-17 18:56:11.141,,,false,2517100,"(-6.761889934539795,-36.99129867553711)",Várzea,,,15,,VARZEA,
2781,2021-08-17 18:56:11.913,,,false,2517209,"(-6.506840229034424,-38.25669860839844)",Vieirópolis,,,15,,VIEIROPOLIS,
2782,2021-08-17 18:56:12.686,,,false,2505501,"(-6.730299949645996,-37.57040023803711)",Vista Serrana,,,15,,VISTA SERRANA,
2795,2021-08-17 18:56:22.730,,,false,4101002,"(-25.916799545288086,-53.46860122680664)",Ampére,,,18,,AMPERE,11
2817,2021-08-17 18:56:39.746,,,false,4102752,"(-25.884199142456055,-53.67250061035156)",Bela Vista da Caroba,,,18,,BELA VISTA DA CAROBA,11
2785,2021-08-17 18:56:15.004,,,false,4100202,"(-24.660600662231445,-48.9921989440918)",Adrianópolis,,,18,,ADRIANOPOLIS,14
2786,2021-08-17 18:56:15.778,,,false,4100301,"(-25.989900588989258,-49.33430099487305)",Agudos do Sul,,,18,,AGUDOS DO SUL,14
2799,2021-08-17 18:56:25.823,,,false,4101200,"(-25.438600540161133,-48.71910095214844)",Antonina,,,18,,ANTONINA,14
4784,2021-08-17 19:22:06.641,,,false,3507001,"(-23.285499572753906,-47.6786003112793)",Boituva,,,26,,BOITUVA,
2821,2021-08-17 18:56:42.836,,,false,4103024,"(-25.632400512695312,-53.21080017089844)",Boa Esperança do Iguaçu,,,18,,BOA ESPERANCA DO IGUACU,11
2827,2021-08-17 18:56:47.486,,,false,4103222,"(-26.07309913635254,-52.83530044555664)",Bom Sucesso do Sul,,,18,,BOM SUCESSO DO SUL,11
2871,2021-08-17 18:57:21.604,,,false,4106506,"(-25.976699829101562,-52.5640983581543)",Coronel Vivida,,,18,,CORONEL VIVIDA,11
2874,2021-08-17 18:57:23.928,,,false,4106571,"(-25.619199752807617,-53.128501892089844)",Cruzeiro do Iguaçu,,,18,,CRUZEIRO DO IGUACU,11
2883,2021-08-17 18:57:30.880,,,false,4107207,"(-25.740699768066406,-53.05699920654297)",Dois Vizinhos,,,18,,DOIS VIZINHOS,11
2822,2021-08-17 18:56:43.608,,,false,4103040,"(-24.868799209594727,-51.627601623535156)",Boa Ventura de São Roque,,,18,,BOA VENTURA DE SAO ROQUE,12
2847,2021-08-17 18:57:02.966,,,false,4104428,"(-25.5757999420166,-52.04090118408203)",Candói,,,18,,CANDOI,12
2848,2021-08-17 18:57:03.739,,,false,4104451,"(-25.37339973449707,-52.11980056762695)",Cantagalo,,,18,,CANTAGALO,12
2862,2021-08-17 18:57:14.577,,,false,4105706,"(-26.404300689697266,-52.350799560546875)",Clevelândia,,,18,,CLEVELANDIA,12
2870,2021-08-17 18:57:20.806,,,false,4106456,"(-26.227699279785156,-52.03559875488281)",Coronel Domingos Soares,,,18,,CORONEL DOMINGOS SOARES,12
2819,2021-08-17 18:56:41.290,,,false,4102901,"(-26.16069984436035,-51.55179977416992)",Bituruna,,,18,,BITURUNA,13
2824,2021-08-17 18:56:45.154,,,false,4103107,"(-25.206600189208984,-49.11410140991211)",Bocaiúva do Sul,,,18,,BOCAIUVA DO SUL,14
2840,2021-08-17 18:56:57.542,,,false,4104006,"(-25.304399490356445,-49.05509948730469)",Campina Grande do Sul,,,18,,CAMPINA GRANDE DO SUL,14
2842,2021-08-17 18:56:59.090,,,false,4104105,"(-25.979999542236328,-49.68439865112305)",Campo do Tenente,,,18,,CAMPO DO TENENTE,14
2843,2021-08-17 18:56:59.874,,,false,4104204,"(-25.452499389648438,-49.52899932861328)",Campo Largo,,,18,,CAMPO LARGO,14
2857,2021-08-17 18:57:10.694,,,false,4105201,"(-26.089061737060547,-52.869102478027344)",Cerro Azul,,,18,,CERRO AZUL,14
2863,2021-08-17 18:57:15.352,,,false,4105805,"(-25.292499542236328,-49.226200103759766)",Colombo,,,18,,COLOMBO,14
2867,2021-08-17 18:57:18.469,,,false,4106209,"(-25.678800582885742,-49.53499984741211)",Contenda,,,18,,CONTENDA,14
2886,2021-08-17 18:57:33.235,,,false,4128633,"(-24.566499710083008,-49.42190170288086)",Doutor Ulysses,,,18,,DOUTOR ULYSSES,14
2937,2021-08-17 18:58:12.722,,,false,4110656,"(-24.42620086669922,-53.35279846191406)",Iracema do Oeste,,,18,,IRACEMA DO OESTE,10
2941,2021-08-17 18:58:15.812,,,false,4110953,"(-25.136600494384766,-54.30009841918945)",Itaipulândia,,,18,,ITAIPULANDIA,10
2944,2021-08-17 18:58:18.156,,,false,4111209,"(-25.961885452270508,-52.815216064453125)",Itapejara d`Oeste,,,18,,ITAPEJARA D`OESTE,11
2905,2021-08-17 18:57:47.957,,,false,4108452,"(-25.73710060119629,-52.11880111694336)",Foz do Jordão,,,18,,FOZ DO JORDAO,12
2911,2021-08-17 18:57:52.594,,,false,4108650,"(-25.192699432373047,-51.9911003112793)",Goioxim,,,18,,GOIOXIM,12
2920,2021-08-17 18:57:59.553,,,false,4109401,"(-25.390199661254883,-51.46229934692383)",Guarapuava,,,18,,GUARAPUAVA,12
2923,2021-08-17 18:58:01.876,,,false,4109658,"(-26.138999938964844,-52.38479995727539)",Honório Serpa,,,18,,HONORIO SERPA,12
2932,2021-08-17 18:58:08.853,,,false,4110201,"(-25.57040023803711,-51.076900482177734)",Inácio Martins,,,18,,INACIO MARTINS,12
2896,2021-08-17 18:57:40.966,,,false,4107736,"(-25.41069984436035,-50.54560089111328)",Fernandes Pinheiro,,,18,,FERNANDES PINHEIRO,13
2908,2021-08-17 18:57:50.276,,,false,4108502,"(-26.424999237060547,-51.31719970703125)",General Carneiro,,,18,,GENERAL CARNEIRO,13
2915,2021-08-17 18:57:55.688,,,false,4108957,"(-25.191200256347656,-50.802101135253906)",Guamiranga,,,18,,GUAMIRANGA,13
2931,2021-08-17 18:58:08.081,,,false,4110102,"(-25.228500366210938,-50.598899841308594)",Imbituva,,,18,,IMBITUVA,13
2938,2021-08-17 18:58:13.494,,,false,4110706,"(-25.46969985961914,-50.64929962158203)",Irati,,,18,,IRATI,13
2947,2021-08-17 18:58:20.479,,,false,4111407,"(-25.00670051574707,-50.856998443603516)",Ivaí,,,18,,IVAI,13
2894,2021-08-17 18:57:39.421,,,false,4107652,"(-25.662399291992188,-49.30730056762695)",Fazenda Rio Grande,,,18,,FAZENDA RIO GRANDE,14
2921,2021-08-17 18:58:00.327,,,false,4109500,"(-25.307100296020508,-48.32040023803711)",Guaraqueçaba,,,18,,GUARAQUECABA,14
2922,2021-08-17 18:58:01.100,,,false,4109609,"(-25.88170051574707,-48.575199127197266)",Guaratuba,,,18,,GUARATUBA,14
2973,2021-08-17 18:58:40.581,,,false,4113452,"(-25.259599685668945,-53.573299407958984)",Lindoeste,,,18,,LINDOESTE,10
2996,2021-08-17 18:58:58.396,,,false,4115358,"(-24.420000076293945,-53.8286018371582)",Maripá,,,18,,MARIPA,10
3004,2021-08-17 18:59:04.622,,,false,4115804,"(-25.297700881958008,-54.09429931640625)",Medianeira,,,18,,MEDIANEIRA,10
3008,2021-08-17 18:59:07.714,,,false,4116059,"(-25.091899871826172,-54.24769973754883)",Missal,,,18,,MISSAL,10
3015,2021-08-17 18:59:13.131,,,false,4116703,"(-24.528900146484375,-53.25749969482422)",Nova Aurora,,,18,,NOVA AURORA,10
3025,2021-08-17 18:59:20.874,,,false,4117222,"(-24.46929931640625,-53.9552001953125)",Nova Santa Rosa,,,18,,NOVA SANTA ROSA,10
3035,2021-08-17 18:59:28.636,,,false,4117909,"(-24.286800384521484,-53.84040069580078)",Palotina,,,18,,PALOTINA,10
2985,2021-08-17 18:58:49.890,,,false,4114351,"(-26.144073486328125,-53.311336517333984)",Manfrinópolis,,,18,,MANFRINOPOLIS,11
2997,2021-08-17 18:58:59.174,,,false,4115408,"(-26.147199630737305,-53.02669906616211)",Marmeleiro,,,18,,MARMELEIRO,11
3018,2021-08-17 18:59:15.454,,,false,4116950,"(-25.90040397644043,-53.26176071166992)",Nova Esperança do Sudoeste,,,18,,NOVA ESPERANCA DO SUDOESTE,11
3023,2021-08-17 18:59:19.329,,,false,4117255,"(-25.63089942932129,-53.346900939941406)",Nova Prata do Iguaçu,,,18,,NOVA PRATA DO IGUACU,11
2969,2021-08-17 18:58:37.491,,,false,4113254,"(-24.886199951171875,-52.470001220703125)",Laranjal,,,18,,LARANJAL,12
2970,2021-08-17 18:58:38.263,,,false,4113304,"(-25.407699584960938,-52.4109001159668)",Laranjeiras do Sul,,,18,,LARANJEIRAS DO SUL,12
2986,2021-08-17 18:58:50.664,,,false,4114401,"(-25.942100524902344,-52.17430114746094)",Mangueirinha,,,18,,MANGUEIRINHA,12
2998,2021-08-17 18:58:59.946,,,false,4115457,"(-25.11199951171875,-52.249698638916016)",Marquinho,,,18,,MARQUINHO,12
3002,2021-08-17 18:59:03.063,,,false,4115739,"(-24.699499130249023,-52.14540100097656)",Mato Rico,,,18,,MATO RICO,12
3032,2021-08-17 18:59:26.317,,,false,4117602,"(-26.48390007019043,-51.988800048828125)",Palmas,,,18,,PALMAS,12
3034,2021-08-17 18:59:27.862,,,false,4117800,"(-24.885299682617188,-52.20289993286133)",Palmital,,,18,,PALMITAL,12
2980,2021-08-17 18:58:45.995,,,false,4113908,"(-25.880599975585938,-50.817298889160156)",Mallet,,,18,,MALLET,13
3001,2021-08-17 18:59:02.291,,,false,4115705,"(-25.823699951171875,-48.54899978637695)",Matinhos,,,18,,MATINHOS,14
3010,2021-08-17 18:59:09.258,,,false,4116208,"(-25.47439956665039,-48.83449935913086)",Morretes,,,18,,MORRETES,14
3075,2021-08-17 18:59:59.583,,,false,4120853,"(-24.575199127197266,-53.97589874267578)",Quatro Pontes,,,18,,QUATRO PONTES,10
3080,2021-08-17 19:00:03.562,,,false,4121257,"(-25.11949920654297,-54.02299880981445)",Ramilândia,,,18,,RAMILANDIA,10
3042,2021-08-17 18:59:34.065,,,false,4118501,"(-26.22920036315918,-52.67060089111328)",Pato Branco,,,18,,PATO BRANCO,11
3048,2021-08-17 18:59:38.712,,,false,4119004,"(-25.82779312133789,-53.74333190917969)",Pérola d`Oeste,,,18,,PEROLA D`OESTE,11
3051,2021-08-17 18:59:41.037,,,false,4119251,"(-26.032400131225586,-53.481998443603516)",Pinhal de São Bento,,,18,,PINHAL DE SAO BENTO,11
3059,2021-08-17 18:59:47.218,,,false,4119806,"(-25.721099853515625,-53.764198303222656)",Planalto,,,18,,PLANALTO,11
3068,2021-08-17 18:59:54.172,,,false,4120358,"(-26.02094078063965,-53.739681243896484)",Pranchita,,,18,,PRANCHITA,11
3083,2021-08-17 19:00:05.886,,,false,4121406,"(-25.771099090576172,-53.5260009765625)",Realeza,,,18,,REALEZA,11
3085,2021-08-17 19:00:07.433,,,false,4121604,"(-26.15880012512207,-52.970298767089844)",Renascença,,,18,,RENASCENCA,11
3101,2021-08-17 19:00:19.819,,,false,4122800,"(-26.17770004272461,-53.36309814453125)",Salgado Filho,,,18,,SALGADO FILHO,11
3103,2021-08-17 19:00:21.364,,,false,4123006,"(-25.781299591064453,-53.313499450683594)",Salto do Lontra,,,18,,SALTO DO LONTRA,11
3053,2021-08-17 18:59:42.582,,,false,4119301,"(-25.694400787353516,-51.65359878540039)",Pinhão,,,18,,PINHAO,12
3056,2021-08-17 18:59:44.901,,,false,4119608,"(-24.758800506591797,-51.75960159301758)",Pitanga,,,18,,PITANGA,12
3076,2021-08-17 19:00:00.356,,,false,4120903,"(-25.449199676513672,-52.91019821166992)",Quedas do Iguaçu,,,18,,QUEDAS DO IGUACU,12
3087,2021-08-17 19:00:08.990,,,false,4121752,"(-25.831899642944336,-52.027198791503906)",Reserva do Iguaçu,,,18,,RESERVA DO IGUACU,12
3092,2021-08-17 19:00:12.853,,,false,4122156,"(-25.48740005493164,-52.52920150756836)",Rio Bonito do Iguaçu,,,18,,RIO BONITO DO IGUACU,12
3044,2021-08-17 18:59:35.610,,,false,4118709,"(-26.046600341796875,-50.83039855957031)",Paulo Frontin,,,18,,PAULO FRONTIN,13
3066,2021-08-17 18:59:52.627,,,false,4120309,"(-26.167400360107422,-51.23099899291992)",Porto Vitória,,,18,,PORTO VITORIA,13
3071,2021-08-17 18:59:56.491,,,false,4120606,"(-25.21109962463379,-50.975399017333984)",Prudentópolis,,,18,,PRUDENTOPOLIS,13
3090,2021-08-17 19:00:11.308,,,false,4122008,"(-25.730600357055664,-50.798500061035156)",Rio Azul,,,18,,RIO AZUL,13
3038,2021-08-17 18:59:30.960,,,false,4118204,"(-25.51609992980957,-48.522499084472656)",Paranaguá,,,18,,PARANAGUA,14
3050,2021-08-17 18:59:40.264,,,false,4119152,"(-25.442899703979492,-49.19269943237305)",Pinhais,,,18,,PINHAIS,14
3055,2021-08-17 18:59:44.128,,,false,4119509,"(-25.44219970703125,-49.062400817871094)",Piraquara,,,18,,PIRAQUARA,14
3061,2021-08-17 18:59:48.764,,,false,4119954,"(-25.673500061035156,-48.51110076904297)",Pontal do Paraná,,,18,,PONTAL DO PARANA,14
3063,2021-08-17 18:59:50.308,,,false,4120101,"(-25.540000915527344,-49.89459991455078)",Porto Amazonas,,,18,,PORTO AMAZONAS,14
3094,2021-08-17 19:00:14.398,,,false,4122206,"(-25.189199447631836,-49.311500549316406)",Rio Branco do Sul,,,18,,RIO BRANCO DO SUL,14
3095,2021-08-17 19:00:15.171,,,false,4122305,"(-26.094999313354492,-49.79819869995117)",Rio Negro,,,18,,RIO NEGRO,14
3112,2021-08-17 19:00:28.334,,,false,4123824,"(-25.410400390625,-53.56380081176758)",Santa Lúcia,,,18,,SANTA LUCIA,10
3116,2021-08-17 19:00:31.430,,,false,4124020,"(-25.05430030822754,-53.62739944458008)",Santa Tereza do Oeste,,,18,,SANTA TEREZA DO OESTE,10
3117,2021-08-17 19:00:32.202,,,false,4124053,"(-25.4390811920166,-54.4019889831543)",Santa Terezinha de Itaipu,,,18,,SANTA TEREZINHA DE ITAIPU,10
3134,2021-08-17 19:00:45.372,,,false,4125456,"(-24.83690071105957,-54.05720138549805)",São José das Palmeiras,,,18,,SAO JOSE DAS PALMEIRAS,10
3138,2021-08-17 19:00:48.467,,,false,4125704,"(-25.349199295043945,-54.240501403808594)",São Miguel do Iguaçu,,,18,,SAO MIGUEL DO IGUACU,10
3139,2021-08-17 19:00:49.240,,,false,4125753,"(-24.937299728393555,-53.85210037231445)",São Pedro do Iguaçu,,,18,,SAO PEDRO DO IGUACU,10
3148,2021-08-17 19:00:56.198,,,false,4126355,"(-25.379899978637695,-54.05179977416992)",Serranópolis do Iguaçu,,,18,,SERRANOPOLIS DO IGUACU,10
3161,2021-08-17 19:01:06.256,,,false,4127403,"(-24.157499313354492,-54.09880065917969)",Terra Roxa,,,18,,TERRA ROXA,10
3164,2021-08-17 19:01:08.577,,,false,4127700,"(-24.724599838256836,-53.7411994934082)",Toledo,,,18,,TOLEDO,10
3169,2021-08-17 19:01:12.450,,,false,4127957,"(-24.587900161743164,-53.510501861572266)",Tupãssi,,,18,,TUPASSI,10
3126,2021-08-17 19:00:39.183,,,false,4124806,"(-25.821399688720703,-52.72520065307617)",São João,,,18,,SAO JOAO,11
3130,2021-08-17 19:00:42.282,,,false,4125209,"(-25.708484649658203,-52.92036056518555)",São Jorge d`Oeste,,,18,,SAO JORGE D`OESTE,11
3146,2021-08-17 19:00:54.653,,,false,4126272,"(-25.691699981689453,-52.61840057373047)",Saudade do Iguaçu,,,18,,SAUDADE DO IGUACU,11
3152,2021-08-17 19:00:59.291,,,false,4126652,"(-25.706600189208984,-52.72990036010742)",Sulina,,,18,,SULINA,11
3180,2021-08-17 19:01:20.985,,,false,4128708,"(-26.268299102783203,-52.7843017578125)",Vitorino,,,18,,VITORINO,11
3113,2021-08-17 19:00:29.107,,,false,4123857,"(-24.937700271606445,-51.869598388671875)",Santa Maria do Oeste,,,18,,SANTA MARIA DO OESTE,12
3170,2021-08-17 19:01:13.222,,,false,4127965,"(-25.043699264526367,-51.5281982421875)",Turvo,,,18,,TURVO,12
3129,2021-08-17 19:00:41.509,,,false,4125100,"(-25.683000564575195,-50.294898986816406)",São João do Triunfo,,,18,,SAO JOAO DO TRIUNFO,13
3137,2021-08-17 19:00:47.694,,,false,4125605,"(-25.867700576782227,-50.38399887084961)",São Mateus do Sul,,,18,,SAO MATEUS DO SUL,13
3157,2021-08-17 19:01:03.163,,,false,4127007,"(-25.370100021362305,-50.45709991455078)",Teixeira Soares,,,18,,TEIXEIRA SOARES,13
3173,2021-08-17 19:01:15.566,,,false,4128203,"(-26.2273006439209,-51.08729934692383)",União da Vitória,,,18,,UNIAO DA VITORIA,13
3135,2021-08-17 19:00:46.149,,,false,4125506,"(-25.531299591064453,-49.20309829711914)",São José dos Pinhais,,,18,,SAO JOSE DOS PINHAIS,14
3163,2021-08-17 19:01:07.805,,,false,4127601,"(-25.931100845336914,-49.19499969482422)",Tijucas do Sul,,,18,,TIJUCAS DO SUL,14
3167,2021-08-17 19:01:10.902,,,false,4127882,"(-24.973100662231445,-49.08789825439453)",Tunas do Paraná,,,18,,TUNAS DO PARANA,14
3183,2021-08-17 19:01:23.302,,,false,2600054,"(-7.900720119476318,-34.898399353027344)",Abreu e Lima,,,16,,ABREU E LIMA,
3185,2021-08-17 19:01:24.847,,,false,2600203,"(-8.511360168457031,-41.009498596191406)",Afrânio,,,16,,AFRANIO,
3186,2021-08-17 19:01:25.648,,,false,2600302,"(-8.459659576416016,-35.944698333740234)",Agrestina,,,16,,AGRESTINA,
3187,2021-08-17 19:01:26.421,,,false,2600401,"(-8.706089973449707,-35.52629852294922)",Água Preta,,,16,,AGUA PRETA,
3188,2021-08-17 19:01:27.193,,,false,2600500,"(-9.111249923706055,-37.12260055541992)",Águas Belas,,,16,,AGUAS BELAS,
3189,2021-08-17 19:01:27.966,,,false,2600609,"(-8.466500282287598,-36.77880096435547)",Alagoinha,,,16,,ALAGOINHA,
3191,2021-08-17 19:01:29.511,,,false,2600807,"(-8.484820365905762,-36.06439971923828)",Altinho,,,16,,ALTINHO,
3192,2021-08-17 19:01:30.284,,,false,2600906,"(-8.376910209655762,-35.45009994506836)",Amaraji,,,16,,AMARAJI,
3193,2021-08-17 19:01:31.063,,,false,2601003,"(-8.884289741516113,-36.290199279785156)",Angelim,,,16,,ANGELIM,
3194,2021-08-17 19:01:31.835,,,false,2601052,"(-7.783909797668457,-35.08089828491211)",Araçoiaba,,,16,,ARACOIABA,
3196,2021-08-17 19:01:33.381,,,false,2601201,"(-8.415189743041992,-37.057701110839844)",Arcoverde,,,16,,ARCOVERDE,
3197,2021-08-17 19:01:34.154,,,false,2601300,"(-8.42074966430664,-35.65850067138672)",Barra de Guabiraba,,,16,,BARRA DE GUABIRABA,
3198,2021-08-17 19:01:34.924,,,false,2601409,"(-8.816049575805664,-35.18320083618164)",Barreiros,,,16,,BARREIROS,
3199,2021-08-17 19:01:35.697,,,false,2601508,"(-8.625040054321289,-35.833499908447266)",Belém de Maria,,,16,,BELEM DE MARIA,
3201,2021-08-17 19:01:37.275,,,false,2601706,"(-8.331299781799316,-36.42580032348633)",Belo Jardim,,,16,,BELO JARDIM,
3202,2021-08-17 19:01:38.047,,,false,2601805,"(-8.26786994934082,-38.03450012207031)",Betânia,,,16,,BETANIA,
3203,2021-08-17 19:01:38.820,,,false,2601904,"(-8.232799530029297,-35.79600143432617)",Bezerros,,,16,,BEZERROS,
3204,2021-08-17 19:01:39.592,,,false,2602001,"(-7.777589797973633,-39.933799743652344)",Bodocó,,,16,,BODOCO,
3205,2021-08-17 19:01:40.365,,,false,2602100,"(-9.169190406799316,-36.685699462890625)",Bom Conselho,,,16,,BOM CONSELHO,
3207,2021-08-17 19:01:41.911,,,false,2602308,"(-8.471630096435547,-35.72919845581055)",Bonito,,,16,,BONITO,
3208,2021-08-17 19:01:42.688,,,false,2602407,"(-9.029150009155273,-36.566001892089844)",Brejão,,,16,,BREJAO,
3209,2021-08-17 19:01:43.465,,,false,2602506,"(-7.346940040588379,-37.2864990234375)",Brejinho,,,16,,BREJINHO,
3210,2021-08-17 19:01:44.251,,,false,2602605,"(-8.149330139160156,-36.37409973144531)",Brejo da Madre de Deus,,,16,,BREJO DA MADRE DE DEUS,
3211,2021-08-17 19:01:45.031,,,false,2602704,"(-7.724490165710449,-35.318199157714844)",Buenos Aires,,,16,,BUENOS AIRES,
3213,2021-08-17 19:01:46.579,,,false,2602902,"(-8.282179832458496,-35.025299072265625)",Cabo de Santo Agostinho,,,16,,CABO DE SANTO AGOSTINHO,
3214,2021-08-17 19:01:47.352,,,false,2603009,"(-8.50547981262207,-39.30939865112305)",Cabrobó,,,16,,CABROBO,
3215,2021-08-17 19:01:48.124,,,false,2603108,"(-8.486680030822754,-36.24020004272461)",Cachoeirinha,,,16,,CACHOEIRINHA,
3216,2021-08-17 19:01:48.897,,,false,2603207,"(-8.78030014038086,-36.626800537109375)",Caetés,,,16,,CAETES,
3218,2021-08-17 19:01:50.442,,,false,2603405,"(-7.935510158538818,-38.14820098876953)",Calumbi,,,16,,CALUMBI,
3219,2021-08-17 19:01:51.215,,,false,2603454,"(-8.023509979248047,-34.97819900512695)",Camaragibe,,,16,,CAMARAGIBE,
3220,2021-08-17 19:01:51.988,,,false,2603504,"(-8.358650207519531,-35.76530075073242)",Camocim de São Félix,,,16,,CAMOCIM DE SAO FELIX,
3221,2021-08-17 19:01:52.760,,,false,2603603,"(-7.405449867248535,-35.26639938354492)",Camutanga,,,16,,CAMUTANGA,
3223,2021-08-17 19:01:54.308,,,false,2603801,"(-8.734230041503906,-36.63059997558594)",Capoeiras,,,16,,CAPOEIRAS,
3224,2021-08-17 19:01:55.081,,,false,2603900,"(-7.79341983795166,-37.79460144042969)",Carnaíba,,,16,,CARNAIBA,
3225,2021-08-17 19:01:55.853,,,false,2603926,"(-8.31799030303955,-38.75120162963867)",Carnaubeira da Penha,,,16,,CARNAUBEIRA DA PENHA,
3226,2021-08-17 19:01:56.626,,,false,2604007,"(-7.845660209655762,-35.251399993896484)",Carpina,,,16,,CARPINA,
3228,2021-08-17 19:01:58.171,,,false,2604155,"(-7.740839958190918,-35.72060012817383)",Casinhas,,,16,,CASINHAS,
3229,2021-08-17 19:01:58.944,,,false,2604205,"(-8.675089836120605,-35.70240020751953)",Catende,,,16,,CATENDE,
3230,2021-08-17 19:01:59.717,,,false,2604304,"(-7.711790084838867,-39.236698150634766)",Cedro,,,16,,CEDRO,
3231,2021-08-17 19:02:00.489,,,false,2604403,"(-8.006790161132812,-35.20399856567383)",Chã de Alegria,,,16,,CHA DE ALEGRIA,
3233,2021-08-17 19:02:02.035,,,false,2604601,"(-7.587870121002197,-35.09989929199219)",Condado,,,16,,CONDADO,
3234,2021-08-17 19:02:02.807,,,false,2604700,"(-9.121170043945312,-36.32440185546875)",Correntes,,,16,,CORRENTES,
3235,2021-08-17 19:02:03.579,,,false,2604809,"(-8.474430084228516,-35.54679870605469)",Cortês,,,16,,CORTES,
3236,2021-08-17 19:02:04.352,,,false,2604908,"(-8.008270263671875,-35.695701599121094)",Cumaru,,,16,,CUMARU,
3237,2021-08-17 19:02:05.127,,,false,2605004,"(-8.624320030212402,-35.95180130004883)",Cupira,,,16,,CUPIRA,
3239,2021-08-17 19:02:06.675,,,false,2605152,"(-8.441160202026367,-40.76620101928711)",Dormentes,,,16,,DORMENTES,
3240,2021-08-17 19:02:07.447,,,false,2605202,"(-8.356719970703125,-35.224098205566406)",Escada,,,16,,ESCADA,
3241,2021-08-17 19:02:08.223,,,false,2605301,"(-7.503640174865723,-39.72380065917969)",Exu,,,16,,EXU,
3242,2021-08-17 19:02:08.995,,,false,2605400,"(-7.94704008102417,-35.38010025024414)",Feira Nova,,,16,,FEIRA NOVA,
3244,2021-08-17 19:02:10.540,,,false,2605509,"(-7.446660041809082,-35.237300872802734)",Ferreiros,,,16,,FERREIROS,
3245,2021-08-17 19:02:11.314,,,false,2605608,"(-7.858419895172119,-37.971500396728516)",Flores,,,16,,FLORES,
3246,2021-08-17 19:02:12.087,,,false,2605707,"(-8.603070259094238,-38.56869888305664)",Floresta,,,16,,FLORESTA,
3247,2021-08-17 19:02:12.861,,,false,2605806,"(-7.93917989730835,-35.91130065917969)",Frei Miguelinho,,,16,,FREI MIGUELINHO,
3248,2021-08-17 19:02:13.634,,,false,2605905,"(-8.57979965209961,-35.38460159301758)",Gameleira,,,16,,GAMELEIRA,
3250,2021-08-17 19:02:15.179,,,false,2606101,"(-8.005680084228516,-35.290401458740234)",Glória do Goitá,,,16,,GLORIA DO GOITA,
3251,2021-08-17 19:02:15.950,,,false,2606200,"(-7.5605998039245605,-34.99589920043945)",Goiana,,,16,,GOIANA,
3252,2021-08-17 19:02:16.724,,,false,2606309,"(-7.7071099281311035,-39.6150016784668)",Granito,,,16,,GRANITO,
3253,2021-08-17 19:02:17.497,,,false,2606408,"(-8.211179733276367,-35.567501068115234)",Gravatá,,,16,,GRAVATA,
3256,2021-08-17 19:02:19.815,,,false,2606705,"(-8.576330184936523,-36.18119812011719)",Ibirajuba,,,16,,IBIRAJUBA,
3257,2021-08-17 19:02:20.604,,,false,2606804,"(-7.828810214996338,-34.90129852294922)",Igarassu,,,16,,IGARASSU,
3258,2021-08-17 19:02:21.376,,,false,2606903,"(-7.832220077514648,-37.508201599121094)",Iguaraci,,,16,,IGUARACI,
3260,2021-08-17 19:02:22.922,,,false,2607000,"(-8.902059555053711,-37.83509826660156)",Inajá,,,16,,INAJA,
3261,2021-08-17 19:02:23.697,,,false,2607109,"(-7.6690897941589355,-37.45759963989258)",Ingazeira,,,16,,INGAZEIRA,
3262,2021-08-17 19:02:24.472,,,false,2607208,"(-8.393030166625977,-35.0609016418457)",Ipojuca,,,16,,IPOJUCA,
3263,2021-08-17 19:02:25.244,,,false,2607307,"(-7.645050048828125,-40.14759826660156)",Ipubi,,,16,,IPUBI,
3264,2021-08-17 19:02:26.017,,,false,2607406,"(-8.822310447692871,-38.6974983215332)",Itacuruba,,,16,,ITACURUBA,
3265,2021-08-17 19:02:26.790,,,false,2607505,"(-8.945690155029297,-37.417301177978516)",Itaíba,,,16,,ITAIBA,
3267,2021-08-17 19:02:28.342,,,false,2607703,"(-7.371779918670654,-37.18629837036133)",Itapetim,,,16,,ITAPETIM,
3268,2021-08-17 19:02:29.116,,,false,2607752,"(-7.767980098724365,-34.897098541259766)",Itapissuma,,,16,,ITAPISSUMA,
3269,2021-08-17 19:02:29.890,,,false,2607802,"(-7.663730144500732,-35.10020065307617)",Itaquitinga,,,16,,ITAQUITINGA,
3271,2021-08-17 19:02:31.432,,,false,2607950,"(-8.726180076599121,-35.7942008972168)",Jaqueira,,,16,,JAQUEIRA,
3272,2021-08-17 19:02:32.210,,,false,2608008,"(-7.976679801940918,-36.494300842285156)",Jataúba,,,16,,JATAUBA,
3273,2021-08-17 19:02:32.983,,,false,2608057,"(-9.174759864807129,-38.26070022583008)",Jatobá,,,16,,JATOBA,
3274,2021-08-17 19:02:33.755,,,false,2608107,"(-7.865650177001953,-35.57870101928711)",João Alfredo,,,16,,JOAO ALFREDO,
3275,2021-08-17 19:02:34.532,,,false,2608206,"(-8.622810363769531,-35.52880096435547)",Joaquim Nabuco,,,16,,JOAQUIM NABUCO,
3276,2021-08-17 19:02:35.305,,,false,2608255,"(-8.701950073242188,-36.487098693847656)",Jucati,,,16,,JUCATI,
3278,2021-08-17 19:02:36.850,,,false,2608404,"(-8.70713996887207,-36.134700775146484)",Jurema,,,16,,JUREMA,
3279,2021-08-17 19:02:37.623,,,false,2608453,"(-7.843830108642578,-35.31079864501953)",Lagoa do Carro,,,16,,LAGOA DO CARRO,
3280,2021-08-17 19:02:38.396,,,false,2608503,"(-7.930049896240234,-35.28739929199219)",Lagoa do Itaenga,,,16,,LAGOA DO ITAENGA,
3281,2021-08-17 19:02:39.168,,,false,2608602,"(-9.125670433044434,-36.45840072631836)",Lagoa do Ouro,,,16,,LAGOA DO OURO,
3283,2021-08-17 19:02:40.717,,,false,2608750,"(-8.99452018737793,-40.27669906616211)",Lagoa Grande,,,16,,LAGOA GRANDE,
3284,2021-08-17 19:02:41.491,,,false,2608800,"(-8.657910346984863,-36.32929992675781)",Lajedo,,,16,,LAJEDO,
3285,2021-08-17 19:02:42.263,,,false,2608909,"(-7.872600078582764,-35.44020080566406)",Limoeiro,,,16,,LIMOEIRO,
3286,2021-08-17 19:02:43.036,,,false,2609006,"(-7.55564022064209,-35.442501068115234)",Macaparana,,,16,,MACAPARANA,
3288,2021-08-17 19:02:44.579,,,false,2609154,"(-8.964900016784668,-37.63130187988281)",Manari,,,16,,MANARI,
3289,2021-08-17 19:02:45.353,,,false,2609204,"(-8.790619850158691,-35.82659912109375)",Maraial,,,16,,MARAIAL,
3290,2021-08-17 19:02:46.125,,,false,2609303,"(-8.121129989624023,-38.738800048828125)",Mirandiba,,,16,,MIRANDIBA,
3291,2021-08-17 19:02:46.914,,,false,2614303,"(-7.619309902191162,-39.54600143432617)",Moreilândia,,,16,,MOREILANDIA,
3292,2021-08-17 19:02:47.686,,,false,2609402,"(-8.108710289001465,-35.083499908447266)",Moreno,,,16,,MORENO,
3294,2021-08-17 19:02:49.231,,,false,2609600,"(-8.010169982910156,-34.85449981689453)",Olinda,,,16,,OLINDA,
3295,2021-08-17 19:02:50.004,,,false,2609709,"(-7.745530128479004,-35.59560012817383)",Orobó,,,16,,OROBO,
3296,2021-08-17 19:02:50.777,,,false,2609808,"(-8.610260009765625,-39.60260009765625)",Orocó,,,16,,OROCO,
3297,2021-08-17 19:02:51.549,,,false,2609907,"(-7.879179954528809,-40.08000183105469)",Ouricuri,,,16,,OURICURI,
3298,2021-08-17 19:02:52.321,,,false,2610004,"(-8.684229850769043,-35.5890007019043)",Palmares,,,16,,PALMARES,
3300,2021-08-17 19:02:53.870,,,false,2610202,"(-8.661210060119629,-36.01250076293945)",Panelas,,,16,,PANELAS,
3301,2021-08-17 19:02:54.643,,,false,2610301,"(-8.918749809265137,-36.65489959716797)",Paranatama,,,16,,PARANATAMA,
3302,2021-08-17 19:02:55.417,,,false,2610400,"(-8.087289810180664,-39.579498291015625)",Parnamirim,,,16,,PARNAMIRIM,
3303,2021-08-17 19:02:56.190,,,false,2610509,"(-7.997099876403809,-35.581298828125)",Passira,,,16,,PASSIRA,
3305,2021-08-17 19:02:57.736,,,false,2610707,"(-7.934010028839111,-34.86840057373047)",Paulista,,,16,,PAULISTA,
3306,2021-08-17 19:02:58.508,,,false,2610806,"(-8.496410369873047,-36.939998626708984)",Pedra,,,16,,PEDRA,
3307,2021-08-17 19:02:59.281,,,false,2610905,"(-8.357970237731934,-36.69779968261719)",Pesqueira,,,16,,PESQUEIRA,
3308,2021-08-17 19:03:00.053,,,false,2611002,"(-9.06863021850586,-38.30270004272461)",Petrolândia,,,16,,PETROLANDIA,
3310,2021-08-17 19:03:01.599,,,false,2611200,"(-8.187259674072266,-36.71110153198242)",Poção,,,16,,POCAO,
3311,2021-08-17 19:03:02.372,,,false,2611309,"(-8.139820098876953,-35.39670181274414)",Pombos,,,16,,POMBOS,
3312,2021-08-17 19:03:03.143,,,false,2611408,"(-8.32999038696289,-35.354400634765625)",Primavera,,,16,,PRIMAVERA,
3313,2021-08-17 19:03:03.917,,,false,2611507,"(-8.811750411987305,-36.01369857788086)",Quipapá,,,16,,QUIPAPA,
3314,2021-08-17 19:03:04.689,,,false,2611533,"(-7.707339763641357,-37.844600677490234)",Quixaba,,,16,,QUIXABA,
3315,2021-08-17 19:03:05.462,,,false,2611606,"(-8.046660423278809,-34.87710189819336)",Recife,,,16,,RECIFE,
3317,2021-08-17 19:03:07.007,,,false,2611804,"(-8.509570121765137,-35.36980056762695)",Ribeirão,,,16,,RIBEIRAO,
3318,2021-08-17 19:03:07.780,,,false,2611903,"(-8.659199714660645,-35.1531982421875)",Rio Formoso,,,16,,RIO FORMOSO,
3319,2021-08-17 19:03:08.552,,,false,2612000,"(-8.32863998413086,-35.69670104980469)",Sairé,,,16,,SAIRE,
3322,2021-08-17 19:03:10.870,,,false,2612307,"(-8.972299575805664,-36.691001892089844)",Saloá,,,16,,SALOA,
3323,2021-08-17 19:03:11.643,,,false,2612406,"(-8.360969543457031,-36.56959915161133)",Sanharó,,,16,,SANHARO,
3324,2021-08-17 19:03:12.416,,,false,2612455,"(-8.241530418395996,-40.34339904785156)",Santa Cruz,,,16,,SANTA CRUZ,
3326,2021-08-17 19:03:13.961,,,false,2612505,"(-7.948019981384277,-36.20610046386719)",Santa Cruz do Capibaribe,,,16,,SANTA CRUZ DO CAPIBARIBE,
3327,2021-08-17 19:03:14.734,,,false,2612554,"(-8.166879653930664,-40.6078987121582)",Santa Filomena,,,16,,SANTA FILOMENA,
3328,2021-08-17 19:03:15.507,,,false,2612604,"(-8.797659873962402,-39.824100494384766)",Santa Maria da Boa Vista,,,16,,SANTA MARIA DA BOA VISTA,
3329,2021-08-17 19:03:16.279,,,false,2612703,"(-7.8367600440979,-35.894100189208984)",Santa Maria do Cambucá,,,16,,SANTA MARIA DO CAMBUCA,
3331,2021-08-17 19:03:17.834,,,false,2612901,"(-8.81659984588623,-35.9453010559082)",São Benedito do Sul,,,16,,SAO BENEDITO DO SUL,
3332,2021-08-17 19:03:18.608,,,false,2613008,"(-8.52637004852295,-36.44649887084961)",São Bento do Una,,,16,,SAO BENTO DO UNA,
3333,2021-08-17 19:03:19.381,,,false,2613107,"(-8.337627410888672,-36.28689956665039)",São Caitano,,,16,,SAO CAITANO,
3334,2021-08-17 19:03:20.154,,,false,2613206,"(-8.875760078430176,-36.365299224853516)",São João,,,16,,SAO JOAO,
3335,2021-08-17 19:03:21.699,,,false,2613305,"(-8.431960105895996,-35.80350112915039)",São Joaquim do Monte,,,16,,SAO JOAQUIM DO MONTE,
3336,2021-08-17 19:03:22.474,,,false,2613404,"(-8.88936996459961,-35.1515007019043)",São José da Coroa Grande,,,16,,SAO JOSE DA COROA GRANDE,
3338,2021-08-17 19:03:24.019,,,false,2613602,"(-7.469449996948242,-37.27399826049805)",São José do Egito,,,16,,SAO JOSE DO EGITO,
3339,2021-08-17 19:03:24.793,,,false,2613701,"(-8.006839752197266,-35.01240158081055)",São Lourenço da Mata,,,16,,SAO LOURENCO DA MATA,
3340,2021-08-17 19:03:25.564,,,false,2613800,"(-7.589690208435059,-35.48080062866211)",São Vicente Ferrer,,,16,,SAO VICENTE FERRER,
3341,2021-08-17 19:03:26.338,,,false,2613909,"(-7.981780052185059,-38.28900146484375)",Serra Talhada,,,16,,SERRA TALHADA,
3343,2021-08-17 19:03:27.892,,,false,2614105,"(-8.068470001220703,-37.26839828491211)",Sertânia,,,16,,SERTANIA,
3344,2021-08-17 19:03:28.666,,,false,2614204,"(-8.587779998779297,-35.11259841918945)",Sirinhaém,,,16,,SIRINHAEM,
3345,2021-08-17 19:03:29.440,,,false,2614402,"(-7.594719886779785,-37.644500732421875)",Solidão,,,16,,SOLIDAO,
3346,2021-08-17 19:03:30.212,,,false,2614501,"(-7.84745979309082,-35.74810028076172)",Surubim,,,16,,SURUBIM,
3347,2021-08-17 19:03:30.985,,,false,2614600,"(-7.583660125732422,-37.53770065307617)",Tabira,,,16,,TABIRA,
3349,2021-08-17 19:03:32.535,,,false,2614808,"(-9.097979545593262,-38.15039825439453)",Tacaratu,,,16,,TACARATU,
3350,2021-08-17 19:03:33.307,,,false,2614857,"(-8.7566499710083,-35.10329818725586)",Tamandaré,,,16,,TAMANDARE,
3351,2021-08-17 19:03:34.081,,,false,2615003,"(-7.894460201263428,-36.042301177978516)",Taquaritinga do Norte,,,16,,TAQUARITINGA DO NORTE,
3352,2021-08-17 19:03:34.852,,,false,2615102,"(-9.056209564208984,-36.627201080322266)",Terezinha,,,16,,TEREZINHA,
3354,2021-08-17 19:03:36.399,,,false,2615300,"(-7.504839897155762,-35.3119010925293)",Timbaúba,,,16,,TIMBAUBA,
3355,2021-08-17 19:03:37.171,,,false,2615409,"(-8.009550094604492,-36.06370162963867)",Toritama,,,16,,TORITAMA,
3356,2021-08-17 19:03:37.943,,,false,2615508,"(-7.802279949188232,-35.23139953613281)",Tracunhaém,,,16,,TRACUNHAEM,
3357,2021-08-17 19:03:38.749,,,false,2615607,"(-7.758999824523926,-40.26470184326172)",Trindade,,,16,,TRINDADE,
3359,2021-08-17 19:03:40.294,,,false,2615805,"(-8.747980117797852,-37.34450149536133)",Tupanatinga,,,16,,TUPANATINGA,
3360,2021-08-17 19:03:41.066,,,false,2615904,"(-7.600299835205078,-37.31650161743164)",Tuparetama,,,16,,TUPARETAMA,
3361,2021-08-17 19:03:41.839,,,false,2616001,"(-8.578849792480469,-36.87419891357422)",Venturosa,,,16,,VENTUROSA,
3362,2021-08-17 19:03:42.612,,,false,2616100,"(-7.92234992980957,-38.97010040283203)",Verdejante,,,16,,VERDEJANTE,
3364,2021-08-17 19:03:44.158,,,false,2616209,"(-7.901579856872559,-35.968101501464844)",Vertentes,,,16,,VERTENTES,
3365,2021-08-17 19:03:44.930,,,false,2616308,"(-7.65654993057251,-35.313899993896484)",Vicência,,,16,,VICENCIA,
3366,2021-08-17 19:03:45.705,,,false,2616407,"(-8.128190040588379,-35.29759979248047)",Vitória de Santo Antão,,,16,,VITORIA DE SANTO ANTAO,
3367,2021-08-17 19:03:46.478,,,false,2616506,"(-8.80459976196289,-35.62120056152344)",Xexéu,,,16,,XEXEU,
3368,2021-08-17 19:03:47.250,,,false,2200053,"(-8.219539642333984,-41.083099365234375)",Acauã,,,17,,ACAUA,
3370,2021-08-17 19:03:48.796,,,false,2200202,"(-5.888559818267822,-42.637001037597656)",Água Branca,,,17,,AGUA BRANCA,
3371,2021-08-17 19:03:49.568,,,false,2200251,"(-7.00039005279541,-40.928199768066406)",Alagoinha do Piauí,,,17,,ALAGOINHA DO PIAUI,
3373,2021-08-17 19:03:51.117,,,false,2200301,"(-5.256340026855469,-42.209598541259766)",Alto Longá,,,17,,ALTO LONGA,
3374,2021-08-17 19:03:51.889,,,false,2200400,"(-5.038879871368408,-42.46120071411133)",Altos,,,17,,ALTOS,
3375,2021-08-17 19:03:52.665,,,false,2200459,"(-8.424180030822754,-43.777000427246094)",Alvorada do Gurguéia,,,17,,ALVORADA DO GURGUEIA,
3376,2021-08-17 19:03:53.439,,,false,2200509,"(-6.243040084838867,-42.843299865722656)",Amarante,,,17,,AMARANTE,
3377,2021-08-17 19:03:54.211,,,false,2200608,"(-6.087860107421875,-42.7400016784668)",Angical do Piauí,,,17,,ANGICAL DO PIAUI,
3379,2021-08-17 19:03:55.762,,,false,2200806,"(-7.212759971618652,-44.188899993896484)",Antônio Almeida,,,17,,ANTONIO ALMEIDA,
3380,2021-08-17 19:03:56.534,,,false,2200905,"(-6.110219955444336,-41.78219985961914)",Aroazes,,,17,,AROAZES,
3381,2021-08-17 19:03:57.320,,,false,2200954,"(-7.245018005371094,-41.53246307373047)",Aroeiras do Itaim,,,17,,AROEIRAS DO ITAIM,
3382,2021-08-17 19:03:58.104,,,false,2201002,"(-6.650750160217285,-42.54180145263672)",Arraial,,,17,,ARRAIAL,
3384,2021-08-17 19:03:59.654,,,false,2201101,"(-10.134499549865723,-43.956298828125)",Avelino Lopes,,,17,,AVELINO LOPES,
3385,2021-08-17 19:04:00.439,,,false,2201150,"(-7.849030017852783,-45.21900177001953)",Baixa Grande do Ribeiro,,,17,,BAIXA GRANDE DO RIBEIRO,
3386,2021-08-17 19:04:01.219,,,false,2201176,"(-6.516449928283691,-42.114601135253906)",Barra d`Alcântara,,,17,,BARRA D`ALCANTARA,
3387,2021-08-17 19:04:01.993,,,false,2201200,"(-4.244679927825928,-42.292198181152344)",Barras,,,17,,BARRAS,
3389,2021-08-17 19:04:03.539,,,false,2201408,"(-5.81673002243042,-42.51470184326172)",Barro Duro,,,17,,BARRO DURO,
3390,2021-08-17 19:04:04.311,,,false,2201507,"(-4.022299766540527,-42.07870101928711)",Batalha,,,17,,BATALHA,
3391,2021-08-17 19:04:05.084,,,false,2201556,"(-7.9880900382995605,-41.86750030517578)",Bela Vista do Piauí,,,17,,BELA VISTA DO PIAUI,
3393,2021-08-17 19:04:06.629,,,false,2201606,"(-5.456759929656982,-42.363800048828125)",Beneditinos,,,17,,BENEDITINOS,
3394,2021-08-17 19:04:07.402,,,false,2201705,"(-7.633379936218262,-43.949798583984375)",Bertolínia,,,17,,BERTOLINIA,
3395,2021-08-17 19:04:08.175,,,false,2201739,"(-8.143759727478027,-40.79890060424805)",Betânia do Piauí,,,17,,BETANIA DO PIAUI,
3396,2021-08-17 19:04:08.948,,,false,2201770,"(-4.4140400886535645,-42.13570022583008)",Boa Hora,,,17,,BOA HORA,
3397,2021-08-17 19:04:09.720,,,false,2201804,"(-6.941239833831787,-41.31679916381836)",Bocaina,,,17,,BOCAINA,
3399,2021-08-17 19:04:11.265,,,false,2201919,"(-3.196310043334961,-41.64030075073242)",Bom Princípio do Piauí,,,17,,BOM PRINCIPIO DO PIAUI,
3400,2021-08-17 19:04:12.038,,,false,2201929,"(-9.160499572753906,-42.88650131225586)",Bonfim do Piauí,,,17,,BONFIM DO PIAUI,
3401,2021-08-17 19:04:12.811,,,false,2201945,"(-4.481810092926025,-42.12120056152344)",Boqueirão do Piauí,,,17,,BOQUEIRAO DO PIAUI,
3403,2021-08-17 19:04:14.356,,,false,2201988,"(-8.203140258789062,-42.822898864746094)",Brejo do Piauí,,,17,,BREJO DO PIAUI,
3404,2021-08-17 19:04:15.129,,,false,2202000,"(-3.1825900077819824,-41.86949920654297)",Buriti dos Lopes,,,17,,BURITI DOS LOPES,
3405,2021-08-17 19:04:15.902,,,false,2202026,"(-5.305840015411377,-41.093299865722656)",Buriti dos Montes,,,17,,BURITI DOS MONTES,
3407,2021-08-17 19:04:17.454,,,false,2202075,"(-6.796669960021973,-42.39030075073242)",Cajazeiras do Piauí,,,17,,CAJAZEIRAS DO PIAUI,
3408,2021-08-17 19:04:18.227,,,false,2202083,"(-2.93110990524292,-41.34080123901367)",Cajueiro da Praia,,,17,,CAJUEIRO DA PRAIA,
3409,2021-08-17 19:04:18.999,,,false,2202091,"(-7.331399917602539,-40.636600494384766)",Caldeirão Grande do Piauí,,,17,,CALDEIRAO GRANDE DO PIAUI,
3411,2021-08-17 19:04:20.544,,,false,2202117,"(-8.382360458374023,-41.83440017700195)",Campo Alegre do Fidalgo,,,17,,CAMPO ALEGRE DO FIDALGO,
3412,2021-08-17 19:04:21.316,,,false,2202133,"(-7.128270149230957,-41.03150177001953)",Campo Grande do Piauí,,,17,,CAMPO GRANDE DO PIAUI,
3413,2021-08-17 19:04:22.089,,,false,2202174,"(-3.804409980773926,-42.63999938964844)",Campo Largo do Piauí,,,17,,CAMPO LARGO DO PIAUI,
3414,2021-08-17 19:04:22.864,,,false,2202208,"(-4.821700096130371,-42.164100646972656)",Campo Maior,,,17,,CAMPO MAIOR,
3416,2021-08-17 19:04:24.409,,,false,2202307,"(-8.111100196838379,-42.951698303222656)",Canto do Buriti,,,17,,CANTO DO BURITI,
3417,2021-08-17 19:04:25.183,,,false,2202406,"(-4.456999778747559,-41.944000244140625)",Capitão de Campos,,,17,,CAPITAO DE CAMPOS,
3418,2021-08-17 19:04:25.955,,,false,2202455,"(-8.496549606323242,-41.81399917602539)",Capitão Gervásio Oliveira,,,17,,CAPITAO GERVASIO OLIVEIRA,
3419,2021-08-17 19:04:26.730,,,false,2202505,"(-9.279330253601074,-43.32899856567383)",Caracol,,,17,,CARACOL,
3421,2021-08-17 19:04:28.275,,,false,2202554,"(-7.734350204467773,-40.984798431396484)",Caridade do Piauí,,,17,,CARIDADE DO PIAUI,
3422,2021-08-17 19:04:29.048,,,false,2202604,"(-5.318689823150635,-41.54990005493164)",Castelo do Piauí,,,17,,CASTELO DO PIAUI,
3423,2021-08-17 19:04:29.823,,,false,2202653,"(-3.4190399646759033,-41.89550018310547)",Caxingó,,,17,,CAXINGO,
3424,2021-08-17 19:04:30.603,,,false,2202703,"(-3.472790002822876,-41.55459976196289)",Cocal,,,17,,COCAL,
3426,2021-08-17 19:04:32.148,,,false,2202729,"(-3.6204700469970703,-41.44020080566406)",Cocal dos Alves,,,17,,COCAL DOS ALVES,
3427,2021-08-17 19:04:32.921,,,false,2202737,"(-5.092239856719971,-42.20800018310547)",Coivaras,,,17,,COIVARAS,
3428,2021-08-17 19:04:33.694,,,false,2202752,"(-8.183699607849121,-43.79399871826172)",Colônia do Gurguéia,,,17,,COLONIA DO GURGUEIA,
3430,2021-08-17 19:04:35.262,,,false,2202802,"(-7.87637996673584,-41.594200134277344)",Conceição do Canindé,,,17,,CONCEICAO DO CANINDE,
3431,2021-08-17 19:04:36.035,,,false,2202851,"(-8.813969612121582,-42.52320098876953)",Coronel José Dias,,,17,,CORONEL JOSE DIAS,
3432,2021-08-17 19:04:36.812,,,false,2202901,"(-10.433300018310547,-45.163299560546875)",Corrente,,,17,,CORRENTE,
3434,2021-08-17 19:04:38.363,,,false,2203107,"(-8.82273006439209,-44.222999572753906)",Cristino Castro,,,17,,CRISTINO CASTRO,
3435,2021-08-17 19:04:39.136,,,false,2203206,"(-10.032600402832031,-44.300201416015625)",Curimatá,,,17,,CURIMATA,
3436,2021-08-17 19:04:39.909,,,false,2203230,"(-9.011750221252441,-44.40620040893555)",Currais,,,17,,CURRAIS,
3437,2021-08-17 19:04:40.686,,,false,2203271,"(-7.831299781799316,-40.89569854736328)",Curral Novo do Piauí,,,17,,CURRAL NOVO DO PIAUI,
3438,2021-08-17 19:04:41.462,,,false,2203255,"(-5.608250141143799,-42.83760070800781)",Curralinhos,,,17,,CURRALINHOS,
3439,2021-08-17 19:04:42.244,,,false,2203305,"(-5.358749866485596,-42.6776008605957)",Demerval Lobão,,,17,,DEMERVAL LOBAO,
3441,2021-08-17 19:04:43.791,,,false,2203404,"(-6.953320026397705,-41.63959884643555)",Dom Expedito Lopes,,,17,,DOM EXPEDITO LOPES,
3442,2021-08-17 19:04:44.564,,,false,2203453,"(-9.005160331726074,-41.96969985961914)",Dom Inocêncio,,,17,,DOM INOCENCIO,
3443,2021-08-17 19:04:45.337,,,false,2203420,"(-4.249499797821045,-41.2682991027832)",Domingos Mourão,,,17,,DOMINGOS MOURAO,
3445,2021-08-17 19:04:46.890,,,false,2203602,"(-8.09628963470459,-43.670501708984375)",Eliseu Martins,,,17,,ELISEU MARTINS,
3446,2021-08-17 19:04:47.667,,,false,2203701,"(-3.888629913330078,-42.232398986816406)",Esperantina,,,17,,ESPERANTINA,
3447,2021-08-17 19:04:48.441,,,false,2203750,"(-9.483420372009277,-42.79119873046875)",Fartura do Piauí,,,17,,FARTURA DO PIAUI,
3448,2021-08-17 19:04:49.214,,,false,2203800,"(-7.787930011749268,-42.917999267578125)",Flores do Piauí,,,17,,FLORES DO PIAUI,
3450,2021-08-17 19:04:50.760,,,false,2203909,"(-6.771820068359375,-43.02410125732422)",Floriano,,,17,,FLORIANO,
3451,2021-08-17 19:04:51.536,,,false,2204006,"(-6.393340110778809,-42.25910186767578)",Francinópolis,,,17,,FRANCINOPOLIS,
3452,2021-08-17 19:04:52.309,,,false,2204105,"(-6.6260600090026855,-42.6880989074707)",Francisco Ayres,,,17,,FRANCISCO AYRES,
3453,2021-08-17 19:04:53.082,,,false,2204154,"(-7.330999851226807,-40.78799819946289)",Francisco Macedo,,,17,,FRANCISCO MACEDO,
3456,2021-08-17 19:04:55.402,,,false,2204352,"(-7.154759883880615,-41.34090042114258)",Geminiano,,,17,,GEMINIANO,
3458,2021-08-17 19:04:56.948,,,false,2204501,"(-6.7828497886657715,-43.55939865112305)",Guadalupe,,,17,,GUADALUPE,
3459,2021-08-17 19:04:57.719,,,false,2204550,"(-9.386469841003418,-43.69430160522461)",Guaribas,,,17,,GUARIBAS,
3460,2021-08-17 19:04:58.493,,,false,2204600,"(-5.98859977722168,-42.55979919433594)",Hugo Napoleão,,,17,,HUGO NAPOLEAO,
3461,2021-08-17 19:04:59.265,,,false,2204659,"(-2.8577399253845215,-41.818599700927734)",Ilha Grande,,,17,,ILHA GRANDE,
3463,2021-08-17 19:05:00.811,,,false,2204808,"(-6.824210166931152,-41.73809814453125)",Ipiranga do Piauí,,,17,,IPIRANGA DO PIAUI,
3464,2021-08-17 19:05:01.583,,,false,2204907,"(-7.7359700202941895,-41.673500061035156)",Isaías Coelho,,,17,,ISAIAS COELHO,
3465,2021-08-17 19:05:02.406,,,false,2205003,"(-7.443359851837158,-41.46870040893555)",Itainópolis,,,17,,ITAINOPOLIS,
3467,2021-08-17 19:05:04.051,,,false,2205151,"(-7.930630207061768,-41.20750045776367)",Jacobina do Piauí,,,17,,JACOBINA DO PIAUI,
3468,2021-08-17 19:05:04.826,,,false,2205201,"(-7.362289905548096,-41.13710021972656)",Jaicós,,,17,,JAICOS,
3469,2021-08-17 19:05:05.599,,,false,2205250,"(-6.098999977111816,-42.630001068115234)",Jardim do Mulato,,,17,,JARDIM DO MULATO,
3470,2021-08-17 19:05:06.377,,,false,2205276,"(-4.770249843597412,-41.81700134277344)",Jatobá do Piauí,,,17,,JATOBA DO PIAUI,
3472,2021-08-17 19:05:07.925,,,false,2205359,"(-8.507360458374023,-42.42639923095703)",João Costa,,,17,,JOAO COSTA,
3473,2021-08-17 19:05:08.705,,,false,2205409,"(-3.5016400814056396,-42.186500549316406)",Joaquim Pires,,,17,,JOAQUIM PIRES,
3474,2021-08-17 19:05:09.477,,,false,2205458,"(-3.4804000854492188,-42.425498962402344)",Joca Marques,,,17,,JOCA MARQUES,
3475,2021-08-17 19:05:10.250,,,false,2205508,"(-4.751460075378418,-42.57460021972656)",José de Freitas,,,17,,JOSE DE FREITAS,
3477,2021-08-17 19:05:11.798,,,false,2205524,"(-10.322500228881836,-44.23809814453125)",Júlio Borges,,,17,,JULIO BORGES,
3478,2021-08-17 19:05:12.571,,,false,2205532,"(-9.21992015838623,-43.13370132446289)",Jurema,,,17,,JUREMA,
3479,2021-08-17 19:05:13.343,,,false,2205557,"(-4.515389919281006,-42.63090133666992)",Lagoa Alegre,,,17,,LAGOA ALEGRE,
3480,2021-08-17 19:05:14.122,,,false,2205573,"(-4.385049819946289,-41.596900939941406)",Lagoa de São Francisco,,,17,,LAGOA DE SAO FRANCISCO,
3482,2021-08-17 19:05:15.679,,,false,2205581,"(-5.41864013671875,-42.643699645996094)",Lagoa do Piauí,,,17,,LAGOA DO PIAUI,
3483,2021-08-17 19:05:16.452,,,false,2205599,"(-6.507659912109375,-41.56529998779297)",Lagoa do Sítio,,,17,,LAGOA DO SITIO,
3484,2021-08-17 19:05:17.225,,,false,2205540,"(-5.830739974975586,-42.62229919433594)",Lagoinha do Piauí,,,17,,LAGOINHA DO PIAUI,
3485,2021-08-17 19:05:17.998,,,false,2205607,"(-7.259220123291016,-43.9364013671875)",Landri Sales,,,17,,LANDRI SALES,
3487,2021-08-17 19:05:19.542,,,false,2205805,"(-3.4683001041412354,-42.37179946899414)",Luzilândia,,,17,,LUZILANDIA,
3488,2021-08-17 19:05:20.316,,,false,2205854,"(-3.4862399101257324,-42.49810028076172)",Madeiro,,,17,,MADEIRO,
3489,2021-08-17 19:05:21.088,,,false,2205904,"(-8.01233959197998,-43.8754997253418)",Manoel Emídio,,,17,,MANOEL EMIDIO,
3490,2021-08-17 19:05:21.861,,,false,2205953,"(-7.441689968109131,-40.66019821166992)",Marcolândia,,,17,,MARCOLANDIA,
3491,2021-08-17 19:05:22.634,,,false,2206001,"(-7.115650177001953,-43.892601013183594)",Marcos Parente,,,17,,MARCOS PARENTE,
3493,2021-08-17 19:05:24.184,,,false,2206100,"(-3.7149200439453125,-42.55070114135742)",Matias Olímpio,,,17,,MATIAS OLIMPIO,
3494,2021-08-17 19:05:24.956,,,false,2206209,"(-4.168570041656494,-42.89630126953125)",Miguel Alves,,,17,,MIGUEL ALVES,
3495,2021-08-17 19:05:25.728,,,false,2206308,"(-5.680769920349121,-42.74359893798828)",Miguel Leão,,,17,,MIGUEL LEAO,
3496,2021-08-17 19:05:26.501,,,false,2206357,"(-4.682950019836426,-41.417301177978516)",Milton Brandão,,,17,,MILTON BRANDAO,
3498,2021-08-17 19:05:28.047,,,false,2206506,"(-6.99275016784668,-41.0260009765625)",Monsenhor Hipólito,,,17,,MONSENHOR HIPOLITO,
3499,2021-08-17 19:05:28.824,,,false,2206605,"(-9.753640174865723,-45.3036994934082)",Monte Alegre do Piauí,,,17,,MONTE ALEGRE DO PIAUI,
3500,2021-08-17 19:05:29.594,,,false,2206654,"(-9.718910217285156,-43.90719985961914)",Morro Cabeça no Tempo,,,17,,MORRO CABECA NO TEMPO,
3502,2021-08-17 19:05:31.139,,,false,2206696,"(-3.319000005722046,-42.09400177001953)",Murici dos Portelas,,,17,,MURICI DOS PORTELAS,
3503,2021-08-17 19:05:31.912,,,false,2206704,"(-6.9702301025390625,-42.67729949951172)",Nazaré do Piauí,,,17,,NAZARE DO PIAUI,
3504,2021-08-17 19:05:32.685,,,false,2206753,"(-4.630189895629883,-42.17300033569336)",Nossa Senhora de Nazaré,,,17,,NOSSA SENHORA DE NAZARE,
3506,2021-08-17 19:05:34.233,,,false,2207959,"(-8.09706974029541,-42.04710006713867)",Nova Santa Rita,,,17,,NOVA SANTA RITA,
3507,2021-08-17 19:05:35.005,,,false,2206902,"(-6.449009895324707,-41.92610168457031)",Novo Oriente do Piauí,,,17,,NOVO ORIENTE DO PIAUI,
3508,2021-08-17 19:05:35.778,,,false,2206951,"(-5.287489891052246,-41.932498931884766)",Novo Santo Antônio,,,17,,NOVO SANTO ANTONIO,
3509,2021-08-17 19:05:36.551,,,false,2207009,"(-7.0191497802734375,-42.128299713134766)",Oeiras,,,17,,OEIRAS,
3510,2021-08-17 19:05:37.323,,,false,2207108,"(-5.841249942779541,-42.55939865112305)",Olho d`Água do Piauí,,,17,,OLHO D`AGUA DO PIAUI,
3512,2021-08-17 19:05:38.868,,,false,2207306,"(-7.773749828338623,-42.247398376464844)",Paes Landim,,,17,,PAES LANDIM,
3513,2021-08-17 19:05:39.639,,,false,2207355,"(-7.8550801277160645,-42.824798583984375)",Pajeú do Piauí,,,17,,PAJEU DO PIAUI,
3514,2021-08-17 19:05:40.411,,,false,2207405,"(-8.730759620666504,-44.24660110473633)",Palmeira do Piauí,,,17,,PALMEIRA DO PIAUI,
3515,2021-08-17 19:05:41.184,,,false,2207504,"(-5.970860004425049,-43.055999755859375)",Palmeirais,,,17,,PALMEIRAIS,
3517,2021-08-17 19:05:42.731,,,false,2207603,"(-10.21660041809082,-44.630001068115234)",Parnaguá,,,17,,PARNAGUA,
3518,2021-08-17 19:05:43.511,,,false,2207702,"(-2.9058499336242676,-41.77539825439453)",Parnaíba,,,17,,PARNAIBA,
3519,2021-08-17 19:05:44.284,,,false,2207751,"(-5.860360145568848,-42.443599700927734)",Passagem Franca do Piauí,,,17,,PASSAGEM FRANCA DO PIAUI,
3521,2021-08-17 19:05:45.830,,,false,2207793,"(-5.2607197761535645,-42.39080047607422)",Pau d`Arco do Piauí,,,17,,PAU D`ARCO DO PIAUI,
3522,2021-08-17 19:05:46.605,,,false,2207801,"(-8.134360313415527,-41.14310073852539)",Paulistana,,,17,,PAULISTANA,
3525,2021-08-17 19:05:48.922,,,false,2207934,"(-8.068070411682129,-42.284698486328125)",Pedro Laurentino,,,17,,PEDRO LAURENTINO,
3526,2021-08-17 19:05:49.695,,,false,2208007,"(-7.077209949493408,-41.46699905395508)",Picos,,,17,,PICOS,
3527,2021-08-17 19:05:50.467,,,false,2208106,"(-6.23838996887207,-41.41130065917969)",Pimenteiras,,,17,,PIMENTEIRAS,
3528,2021-08-17 19:05:51.240,,,false,2208205,"(-6.830019950866699,-40.608299255371094)",Pio IX,,,17,,PIO IX,
3530,2021-08-17 19:05:52.785,,,false,2208403,"(-4.271570205688477,-41.77159881591797)",Piripiri,,,17,,PIRIPIRI,
3531,2021-08-17 19:05:53.563,,,false,2208502,"(-3.8881499767303467,-42.699798583984375)",Porto,,,17,,PORTO,
3532,2021-08-17 19:05:54.335,,,false,2208551,"(-6.964230060577393,-44.18370056152344)",Porto Alegre do Piauí,,,17,,PORTO ALEGRE DO PIAUI,
3533,2021-08-17 19:05:55.109,,,false,2208601,"(-5.67264986038208,-42.2046012878418)",Prata do Piauí,,,17,,PRATA DO PIAUI,
3535,2021-08-17 19:05:56.656,,,false,2208700,"(-9.4793701171875,-44.58110046386719)",Redenção do Gurguéia,,,17,,REDENCAO DO GURGUEIA,
3536,2021-08-17 19:05:57.429,,,false,2208809,"(-6.231150150299072,-42.684200286865234)",Regeneração,,,17,,REGENERACAO,
3537,2021-08-17 19:05:58.201,,,false,2208858,"(-10.12440013885498,-44.95029830932617)",Riacho Frio,,,17,,RIACHO FRIO,
3539,2021-08-17 19:05:59.747,,,false,2208908,"(-7.556509971618652,-45.24470138549805)",Ribeiro Gonçalves,,,17,,RIBEIRO GONCALVES,
3540,2021-08-17 19:06:00.522,,,false,2209005,"(-7.780290126800537,-43.13690185546875)",Rio Grande do Piauí,,,17,,RIO GRANDE DO PIAUI,
3541,2021-08-17 19:06:01.294,,,false,2209104,"(-7.178500175476074,-41.76089859008789)",Santa Cruz do Piauí,,,17,,SANTA CRUZ DO PIAUI,
3542,2021-08-17 19:06:02.074,,,false,2209153,"(-5.80580997467041,-41.950599670410156)",Santa Cruz dos Milagres,,,17,,SANTA CRUZ DOS MILAGRES,
3544,2021-08-17 19:06:03.619,,,false,2209302,"(-8.948800086975098,-44.129600524902344)",Santa Luz,,,17,,SANTA LUZ,
3545,2021-08-17 19:06:04.392,,,false,2209377,"(-6.795810222625732,-42.28139877319336)",Santa Rosa do Piauí,,,17,,SANTA ROSA DO PIAUI,
3546,2021-08-17 19:06:05.164,,,false,2209351,"(-6.946959972381592,-41.517799377441406)",Santana do Piauí,,,17,,SANTANA DO PIAUI,
3548,2021-08-17 19:06:06.717,,,false,2209450,"(-6.0464701652526855,-42.71229934692383)",Santo Antônio dos Milagres,,,17,,SANTO ANTONIO DOS MILAGRES,
3549,2021-08-17 19:06:07.489,,,false,2209500,"(-7.420720100402832,-41.90629959106445)",Santo Inácio do Piauí,,,17,,SANTO INACIO DO PIAUI,
3550,2021-08-17 19:06:08.262,,,false,2209559,"(-9.05797004699707,-43.007598876953125)",São Braz do Piauí,,,17,,SAO BRAZ DO PIAUI,
3552,2021-08-17 19:06:09.807,,,false,2209658,"(-8.235989570617676,-41.687286376953125)",São Francisco de Assis do Piauí,,,17,,SAO FRANCISCO DE ASSIS DO PIAUI,
3553,2021-08-17 19:06:10.589,,,false,2209708,"(-7.246300220489502,-42.54100036621094)",São Francisco do Piauí,,,17,,SAO FRANCISCO DO PIAUI,
3554,2021-08-17 19:06:11.362,,,false,2209757,"(-10.031900405883789,-45.309200286865234)",São Gonçalo do Gurguéia,,,17,,SAO GONCALO DO GURGUEIA,
3555,2021-08-17 19:06:12.135,,,false,2209807,"(-5.993929862976074,-42.70949935913086)",São Gonçalo do Piauí,,,17,,SAO GONCALO DO PIAUI,
3557,2021-08-17 19:06:13.680,,,false,2209872,"(-3.954969882965088,-41.256900787353516)",São João da Fronteira,,,17,,SAO JOAO DA FRONTEIRA,
3558,2021-08-17 19:06:14.453,,,false,2209906,"(-5.510809898376465,-41.89229965209961)",São João da Serra,,,17,,SAO JOAO DA SERRA,
3559,2021-08-17 19:06:15.227,,,false,2209955,"(-6.940820217132568,-41.88890075683594)",São João da Varjota,,,17,,SAO JOAO DA VARJOTA,
3561,2021-08-17 19:06:16.773,,,false,2210003,"(-8.354660034179688,-42.25590133666992)",São João do Piauí,,,17,,SAO JOAO DO PIAUI,
3562,2021-08-17 19:06:17.545,,,false,2210052,"(-3.814110040664673,-41.8307991027832)",São José do Divino,,,17,,SAO JOSE DO DIVINO,
3563,2021-08-17 19:06:18.317,,,false,2210102,"(-7.48553991317749,-42.56719970703125)",São José do Peixe,,,17,,SAO JOSE DO PEIXE,
3565,2021-08-17 19:06:19.863,,,false,2210300,"(-7.08390998840332,-40.82460021972656)",São Julião,,,17,,SAO JULIAO,
3566,2021-08-17 19:06:20.636,,,false,2210359,"(-9.164629936218262,-42.549598693847656)",São Lourenço do Piauí,,,17,,SAO LOURENCO DO PIAUI,
3567,2021-08-17 19:06:21.408,,,false,2210375,"(-6.81935977935791,-41.317501068115234)",São Luis do Piauí,,,17,,SAO LUIS DO PIAUI,
3569,2021-08-17 19:06:22.957,,,false,2210391,"(-7.597129821777344,-42.36759948730469)",São Miguel do Fidalgo,,,17,,SAO MIGUEL DO FIDALGO,
3570,2021-08-17 19:06:23.728,,,false,2210409,"(-5.497290134429932,-41.31650161743164)",São Miguel do Tapuio,,,17,,SAO MIGUEL DO TAPUIO,
3571,2021-08-17 19:06:24.504,,,false,2210508,"(-5.920780181884766,-42.719200134277344)",São Pedro do Piauí,,,17,,SAO PEDRO DO PIAUI,
3572,2021-08-17 19:06:25.276,,,false,2210607,"(-9.012410163879395,-42.698699951171875)",São Raimundo Nonato,,,17,,SAO RAIMUNDO NONATO,
3574,2021-08-17 19:06:26.824,,,false,2210631,"(-7.568029880523682,-44.060001373291016)",Sebastião Leal,,,17,,SEBASTIAO LEAL,
3575,2021-08-17 19:06:27.597,,,false,2210656,"(-4.91664981842041,-41.73109817504883)",Sigefredo Pacheco,,,17,,SIGEFREDO PACHECO,
3576,2021-08-17 19:06:28.370,,,false,2210706,"(-7.591090202331543,-40.81370162963867)",Simões,,,17,,SIMOES,
3577,2021-08-17 19:06:29.142,,,false,2210805,"(-7.852940082550049,-41.907501220703125)",Simplício Mendes,,,17,,SIMPLICIO MENDES,
3579,2021-08-17 19:06:30.692,,,false,2210938,"(-7.036870002746582,-41.37670135498047)",Sussuapara,,,17,,SUSSUAPARA,
3580,2021-08-17 19:06:31.465,,,false,2210953,"(-8.409370422363281,-42.92110061645508)",Tamboril do Piauí,,,17,,TAMBORIL DO PIAUI,
3581,2021-08-17 19:06:32.238,,,false,2210979,"(-6.597869873046875,-42.27949905395508)",Tanque do Piauí,,,17,,TANQUE DO PIAUI,
3582,2021-08-17 19:06:33.012,,,false,2211001,"(-5.091939926147461,-42.80339813232422)",Teresina,,,17,,TERESINA,
3583,2021-08-17 19:06:33.784,,,false,2211100,"(-4.585710048675537,-42.858299255371094)",União,,,17,,UNIAO,
3585,2021-08-17 19:06:35.330,,,false,2211308,"(-6.40300989151001,-41.73749923706055)",Valença do Piauí,,,17,,VALENCA DO PIAUI,
3586,2021-08-17 19:06:36.121,,,false,2211357,"(-9.23799991607666,-42.969200134277344)",Várzea Branca,,,17,,VARZEA BRANCA,
3587,2021-08-17 19:06:36.899,,,false,2211407,"(-6.548989772796631,-42.24800109863281)",Várzea Grande,,,17,,VARZEA GRANDE,
3588,2021-08-17 19:06:37.671,,,false,2211506,"(-7.597479820251465,-41.46730041503906)",Vera Mendes,,,17,,VERA MENDES,
3592,2021-08-17 19:06:40.759,,,false,3300159,"(-21.625200271606445,-42.10169982910156)",Aperibé,,,19,,APERIBE,
3593,2021-08-17 19:06:41.534,,,false,3300209,"(-22.869699478149414,-42.33259963989258)",Araruama,,,19,,ARARUAMA,
3594,2021-08-17 19:06:42.308,,,false,3300225,"(-22.228300094604492,-43.11180114746094)",Areal,,,19,,AREAL,
3595,2021-08-17 19:06:43.080,,,false,3300233,"(-22.75279998779297,-41.88460159301758)",Armação dos Búzios,,,19,,ARMACAO DOS BUZIOS,
3597,2021-08-17 19:06:44.630,,,false,3300308,"(-22.471500396728516,-43.826900482177734)",Barra do Piraí,,,19,,BARRA DO PIRAI,
3598,2021-08-17 19:06:45.402,,,false,3300407,"(-22.548099517822266,-44.175201416015625)",Barra Mansa,,,19,,BARRA MANSA,
3599,2021-08-17 19:06:46.175,,,false,3300456,"(-22.763999938964844,-43.399200439453125)",Belford Roxo,,,19,,BELFORD ROXO,
3600,2021-08-17 19:06:46.948,,,false,3300506,"(-22.154499053955078,-42.42509841918945)",Bom Jardim,,,19,,BOM JARDIM,
3602,2021-08-17 19:06:48.495,,,false,3300704,"(-22.889400482177734,-42.02859878540039)",Cabo Frio,,,19,,CABO FRIO,
3603,2021-08-17 19:06:49.268,,,false,3300803,"(-22.46579933166504,-42.65230178833008)",Cachoeiras de Macacu,,,19,,CACHOEIRAS DE MACACU,
3604,2021-08-17 19:06:50.046,,,false,3300902,"(-21.56909942626953,-41.918701171875)",Cambuci,,,19,,CAMBUCI,
3605,2021-08-17 19:06:50.819,,,false,3301009,"(-21.76219940185547,-41.31809997558594)",Campos dos Goytacazes,,,19,,CAMPOS DOS GOYTACAZES,
3606,2021-08-17 19:06:51.591,,,false,3301108,"(-21.979700088500977,-42.36640167236328)",Cantagalo,,,19,,CANTAGALO,
3608,2021-08-17 19:06:53.136,,,false,3301157,"(-21.484600067138672,-41.61650085449219)",Cardoso Moreira,,,19,,CARDOSO MOREIRA,
3609,2021-08-17 19:06:53.909,,,false,3301207,"(-21.930999755859375,-42.60459899902344)",Carmo,,,19,,CARMO,
3610,2021-08-17 19:06:54.684,,,false,3301306,"(-22.481199264526367,-42.206600189208984)",Casimiro de Abreu,,,19,,CASIMIRO DE ABREU,
3612,2021-08-17 19:06:56.232,,,false,3301405,"(-22.08340072631836,-41.87189865112305)",Conceição de Macabu,,,19,,CONCEICAO DE MACABU,
3613,2021-08-17 19:06:57.004,,,false,3301504,"(-22.02669906616211,-42.36479949951172)",Cordeiro,,,19,,CORDEIRO,
3614,2021-08-17 19:06:57.777,,,false,3301603,"(-22.053600311279297,-42.52320098876953)",Duas Barras,,,19,,DUAS BARRAS,
3615,2021-08-17 19:06:58.549,,,false,3301702,"(-22.78580093383789,-43.304901123046875)",Duque de Caxias,,,19,,DUQUE DE CAXIAS,
3617,2021-08-17 19:07:00.096,,,false,3301850,"(-22.534700393676758,-42.989498138427734)",Guapimirim,,,19,,GUAPIMIRIM,
3618,2021-08-17 19:07:00.870,,,false,3301876,"(-22.84950065612793,-42.22990036010742)",Iguaba Grande,,,19,,IGUABA GRANDE,
3619,2021-08-17 19:07:01.642,,,false,3301900,"(-22.756500244140625,-42.86389923095703)",Itaboraí,,,19,,ITABORAI,
3620,2021-08-17 19:07:02.415,,,false,3302007,"(-22.86359977722168,-43.77980041503906)",Itaguaí,,,19,,ITAGUAI,
3621,2021-08-17 19:07:03.188,,,false,3302056,"(-21.42959976196289,-41.70140075683594)",Italva,,,19,,ITALVA,
3622,2021-08-17 19:07:03.961,,,false,3302106,"(-21.674800872802734,-42.075801849365234)",Itaocara,,,19,,ITAOCARA,
3624,2021-08-17 19:07:05.507,,,false,3302254,"(-22.489700317382812,-44.567501068115234)",Itatiaia,,,19,,ITATIAIA,
3625,2021-08-17 19:07:06.281,,,false,3302270,"(-22.64349937438965,-43.66019821166992)",Japeri,,,19,,JAPERI,
3626,2021-08-17 19:07:07.054,,,false,3302304,"(-21.2091007232666,-42.12710189819336)",Laje do Muriaé,,,19,,LAJE DO MURIAE,
3627,2021-08-17 19:07:07.826,,,false,3302403,"(-22.376800537109375,-41.7848014831543)",Macaé,,,19,,MACAE,
3628,2021-08-17 19:07:08.599,,,false,3302452,"(-21.981300354003906,-42.253299713134766)",Macuco,,,19,,MACUCO,
3630,2021-08-17 19:07:10.143,,,false,3302601,"(-22.959400177001953,-44.04090118408203)",Mangaratiba,,,19,,MANGARATIBA,
3631,2021-08-17 19:07:10.919,,,false,3302700,"(-22.935400009155273,-42.82460021972656)",Maricá,,,19,,MARICA,
3632,2021-08-17 19:07:11.691,,,false,3302809,"(-22.524499893188477,-43.731201171875)",Mendes,,,19,,MENDES,
3633,2021-08-17 19:07:12.464,,,false,3302858,"(-22.802799224853516,-43.46009826660156)",Mesquita,,,19,,MESQUITA,
3635,2021-08-17 19:07:14.009,,,false,3303005,"(-21.4148006439209,-42.19380187988281)",Miracema,,,19,,MIRACEMA,
3636,2021-08-17 19:07:14.782,,,false,3303104,"(-21.038999557495117,-41.96969985961914)",Natividade,,,19,,NATIVIDADE,
3637,2021-08-17 19:07:15.554,,,false,3303203,"(-22.805700302124023,-43.423301696777344)",Nilópolis,,,19,,NILOPOLIS,
3638,2021-08-17 19:07:16.327,,,false,3303302,"(-22.88319969177246,-43.10340118408203)",Niterói,,,19,,NITEROI,
3640,2021-08-17 19:07:17.874,,,false,3303500,"(-22.755599975585938,-43.46030044555664)",Nova Iguaçu,,,19,,NOVA IGUACU,
3641,2021-08-17 19:07:18.648,,,false,3303609,"(-22.607799530029297,-43.71080017089844)",Paracambi,,,19,,PARACAMBI,
3642,2021-08-17 19:07:19.421,,,false,3303708,"(-22.15850067138672,-43.30400085449219)",Paraíba do Sul,,,19,,PARAIBA DO SUL,
3643,2021-08-17 19:07:20.193,,,false,3303807,"(-23.22211265563965,-44.71746826171875)",Parati,,,19,,PARATI,
3644,2021-08-17 19:07:20.989,,,false,3303856,"(-22.43090057373047,-43.42850112915039)",Paty do Alferes,,,19,,PATY DO ALFERES,
3646,2021-08-17 19:07:22.540,,,false,3303955,"(-22.517200469970703,-44.002201080322266)",Pinheiral,,,19,,PINHEIRAL,
3647,2021-08-17 19:07:23.313,,,false,3304003,"(-22.62150001525879,-43.90810012817383)",Piraí,,,19,,PIRAI,
3648,2021-08-17 19:07:24.087,,,false,3304102,"(-20.963199615478516,-42.04650115966797)",Porciúncula,,,19,,PORCIUNCULA,
3649,2021-08-17 19:07:24.859,,,false,3304110,"(-22.417499542236328,-44.29520034790039)",Porto Real,,,19,,PORTO REAL,
3651,2021-08-17 19:07:26.407,,,false,3304144,"(-22.7101993560791,-43.55179977416992)",Queimados,,,19,,QUEIMADOS,
3652,2021-08-17 19:07:27.180,,,false,3304151,"(-22.103099822998047,-41.46929931640625)",Quissamã,,,19,,QUISSAMA,
3653,2021-08-17 19:07:27.952,,,false,3304201,"(-22.470500946044922,-44.45090103149414)",Resende,,,19,,RESENDE,
3654,2021-08-17 19:07:28.724,,,false,3304300,"(-22.71809959411621,-42.627601623535156)",Rio Bonito,,,19,,RIO BONITO,
3656,2021-08-17 19:07:30.287,,,false,3304508,"(-22.169200897216797,-43.585601806640625)",Rio das Flores,,,19,,RIO DAS FLORES,
3657,2021-08-17 19:07:31.059,,,false,3304524,"(-22.51740074157715,-41.9474983215332)",Rio das Ostras,,,19,,RIO DAS OSTRAS,
3658,2021-08-17 19:07:31.842,,,false,3304557,"(-22.912900924682617,-43.20029830932617)",Rio de Janeiro,,,19,,RIO DE JANEIRO,
3659,2021-08-17 19:07:32.616,,,false,3304607,"(-21.954700469970703,-42.00979995727539)",Santa Maria Madalena,,,19,,SANTA MARIA MADALENA,
3661,2021-08-17 19:07:34.166,,,false,3304805,"(-21.655099868774414,-41.75600051879883)",São Fidélis,,,19,,SAO FIDELIS,
3662,2021-08-17 19:07:34.939,,,false,3304755,"(-21.470199584960938,-41.109100341796875)",São Francisco de Itabapoana,,,19,,SAO FRANCISCO DE ITABAPOANA,
3663,2021-08-17 19:07:35.720,,,false,3304904,"(-22.826799392700195,-43.06340026855469)",São Gonçalo,,,19,,SAO GONCALO,
3665,2021-08-17 19:07:37.267,,,false,3305109,"(-22.80579948425293,-43.37289810180664)",São João de Meriti,,,19,,SAO JOAO DE MERITI,
3666,2021-08-17 19:07:38.039,,,false,3305133,"(-21.366100311279297,-41.95109939575195)",São José de Ubá,,,19,,SAO JOSE DE UBA,
3667,2021-08-17 19:07:38.811,,,false,3305158,"(-22.15250015258789,-42.932701110839844)",São José do Vale do Rio Preto,,,19,,SAO JOSE DO VALE DO RIO PRETO,
3669,2021-08-17 19:07:40.359,,,false,3305307,"(-21.957799911499023,-42.1328010559082)",São Sebastião do Alto,,,19,,SAO SEBASTIAO DO ALTO,
3670,2021-08-17 19:07:41.132,,,false,3305406,"(-21.99489974975586,-42.91419982910156)",Sapucaia,,,19,,SAPUCAIA,
3671,2021-08-17 19:07:41.906,,,false,3305505,"(-22.92919921875,-42.5098991394043)",Saquarema,,,19,,SAQUAREMA,
3672,2021-08-17 19:07:42.679,,,false,3305554,"(-22.752599716186523,-43.71549987792969)",Seropédica,,,19,,SEROPEDICA,
3673,2021-08-17 19:07:43.486,,,false,3305604,"(-22.657400131225586,-42.39609909057617)",Silva Jardim,,,19,,SILVA JARDIM,
3675,2021-08-17 19:07:45.032,,,false,3305752,"(-22.742300033569336,-42.72019958496094)",Tanguá,,,19,,TANGUA,
3676,2021-08-17 19:07:45.804,,,false,3305802,"(-22.416500091552734,-42.97520065307617)",Teresópolis,,,19,,TERESOPOLIS,
3677,2021-08-17 19:07:46.580,,,false,3305901,"(-22.063810348510742,-42.06428146362305)",Trajano de Morais,,,19,,TRAJANO DE MORAIS,
3678,2021-08-17 19:07:47.352,,,false,3306008,"(-22.116500854492188,-43.21849822998047)",Três Rios,,,19,,TRES RIOS,
3680,2021-08-17 19:07:48.902,,,false,3306156,"(-20.927600860595703,-41.87009811401367)",Varre-Sai,,,19,,VARRE-SAI,
3681,2021-08-17 19:07:49.675,,,false,3306206,"(-22.405899047851562,-43.66859817504883)",Vassouras,,,19,,VASSOURAS,
3682,2021-08-17 19:07:54.754,,,false,3306305,"(-22.520200729370117,-44.09960174560547)",Volta Redonda,,,19,,VOLTA REDONDA,
3683,2021-08-17 19:07:55.719,,,false,2400109,"(-6.428199768066406,-36.634700775146484)",Acari,,,20,,ACARI,
3685,2021-08-17 19:07:57.264,,,false,2400307,"(-5.492290019989014,-36.50749969482422)",Afonso Bezerra,,,20,,AFONSO BEZERRA,
3686,2021-08-17 19:07:58.037,,,false,2400406,"(-6.20350980758667,-38.29410171508789)",Água Nova,,,20,,AGUA NOVA,
3687,2021-08-17 19:07:58.812,,,false,2400505,"(-6.405330181121826,-38.014198303222656)",Alexandria,,,20,,ALEXANDRIA,
3688,2021-08-17 19:07:59.589,,,false,2400604,"(-6.147500038146973,-37.76359939575195)",Almino Afonso,,,20,,ALMINO AFONSO,
3690,2021-08-17 19:08:01.132,,,false,2405504,"(-5.649990081787109,-35.97129821777344)",Jardim de Angicos,,,20,,JARDIM DE ANGICOS,
3691,2021-08-17 19:08:01.905,,,false,2400901,"(-6.213669776916504,-37.883399963378906)",Antônio Martins,,,20,,ANTONIO MARTINS,
3692,2021-08-17 19:08:02.678,,,false,2401008,"(-5.65349006652832,-37.79460144042969)",Apodi,,,20,,APODI,
3694,2021-08-17 19:08:04.220,,,false,2401206,"(-6.188310146331787,-35.16080093383789)",Arês,,,20,,ARES,
3695,2021-08-17 19:08:05.000,,,false,2401305,"(-5.862062931060791,-37.31349182128906)",Augusto Severo,,,20,,AUGUSTO SEVERO,
3696,2021-08-17 19:08:05.776,,,false,2401404,"(-6.371610164642334,-35.003299713134766)",Baía Formosa,,,20,,BAIA FORMOSA,
3697,2021-08-17 19:08:06.550,,,false,2401453,"(-5.069769859313965,-37.61289978027344)",Baraúna,,,20,,BARAUNA,
3698,2021-08-17 19:08:07.322,,,false,2401503,"(-5.942840099334717,-35.92470169067383)",Barcelona,,,20,,BARCELONA,
3700,2021-08-17 19:08:08.873,,,false,2401651,"(-5.980269908905029,-36.41669845581055)",Bodó,,,20,,BODO,
3701,2021-08-17 19:08:09.649,,,false,2401701,"(-5.986480236053467,-35.579200744628906)",Bom Jesus,,,20,,BOM JESUS,
3702,2021-08-17 19:08:10.428,,,false,2401800,"(-6.185659885406494,-35.359100341796875)",Brejinho,,,20,,BREJINHO,
3703,2021-08-17 19:08:11.202,,,false,2401859,"(-5.0709099769592285,-36.07170104980469)",Caiçara do Norte,,,20,,CAICARA DO NORTE,
3705,2021-08-17 19:08:12.757,,,false,2402006,"(-6.454410076141357,-37.1067008972168)",Caicó,,,20,,CAICO,
3706,2021-08-17 19:08:13.529,,,false,2402105,"(-6.238289833068848,-36.18880081176758)",Campo Redondo,,,20,,CAMPO REDONDO,
3707,2021-08-17 19:08:14.302,,,false,2402204,"(-6.371930122375488,-35.12810134887695)",Canguaretama,,,20,,CANGUARETAMA,
3708,2021-08-17 19:08:15.074,,,false,2402303,"(-5.783870220184326,-37.55860137939453)",Caraúbas,,,20,,CARAUBAS,
3710,2021-08-17 19:08:16.643,,,false,2402501,"(-5.34181022644043,-36.833499908447266)",Carnaubais,,,20,,CARNAUBAIS,
3711,2021-08-17 19:08:17.416,,,false,2402600,"(-5.6432318687438965,-35.42472839355469)",Ceará-Mirim,,,20,,CEARA-MIRIM,
3712,2021-08-17 19:08:18.189,,,false,2402709,"(-6.035029888153076,-36.35029983520508)",Cerro Corá,,,20,,CERRO CORA,
3713,2021-08-17 19:08:18.963,,,false,2402808,"(-6.374800205230713,-36.2223014831543)",Coronel Ezequiel,,,20,,CORONEL EZEQUIEL,
3715,2021-08-17 19:08:20.509,,,false,2403004,"(-6.408939838409424,-36.7781982421875)",Cruzeta,,,20,,CRUZETA,
3716,2021-08-17 19:08:21.281,,,false,2403103,"(-6.254839897155762,-36.51459884643555)",Currais Novos,,,20,,CURRAIS NOVOS,
3717,2021-08-17 19:08:22.059,,,false,2403202,"(-6.080820083618164,-38.379398345947266)",Doutor Severiano,,,20,,DOUTOR SEVERIANO,
3718,2021-08-17 19:08:22.831,,,false,2403301,"(-6.106910228729248,-38.30329895019531)",Encanto,,,20,,ENCANTO,
3719,2021-08-17 19:08:23.613,,,false,2403400,"(-6.938350200653076,-36.71699905395508)",Equador,,,20,,EQUADOR,
3721,2021-08-17 19:08:25.160,,,false,2403608,"(-5.701429843902588,-35.3047981262207)",Extremoz,,,20,,EXTREMOZ,
3722,2021-08-17 19:08:25.938,,,false,2403707,"(-5.592740058898926,-37.6875)",Felipe Guerra,,,20,,FELIPE GUERRA,
3723,2021-08-17 19:08:26.711,,,false,2403756,"(-5.690959930419922,-36.5281982421875)",Fernando Pedroza,,,20,,FERNANDO PEDROZA,
3724,2021-08-17 19:08:27.500,,,false,2403806,"(-6.122640132904053,-36.822601318359375)",Florânia,,,20,,FLORANIA,
3726,2021-08-17 19:08:29.045,,,false,2404002,"(-6.1566901206970215,-37.837501525878906)",Frutuoso Gomes,,,20,,FRUTUOSO GOMES,
3727,2021-08-17 19:08:29.818,,,false,2404101,"(-5.09089994430542,-36.27539825439453)",Galinhos,,,20,,GALINHOS,
3728,2021-08-17 19:08:30.591,,,false,2404200,"(-6.264860153198242,-35.19430160522461)",Goianinha,,,20,,GOIANINHA,
3730,2021-08-17 19:08:32.140,,,false,2404408,"(-4.980679988861084,-37.16210174560547)",Grossos,,,20,,GROSSOS,
3731,2021-08-17 19:08:32.913,,,false,2404507,"(-5.106190204620361,-36.322200775146484)",Guamaré,,,20,,GUAMARE,
3732,2021-08-17 19:08:33.690,,,false,2404606,"(-5.824470043182373,-35.54999923706055)",Ielmo Marinho,,,20,,IELMO MARINHO,
3734,2021-08-17 19:08:35.236,,,false,2404804,"(-6.805960178375244,-37.204498291015625)",Ipueira,,,20,,IPUEIRA,
3735,2021-08-17 19:08:36.011,,,false,2404853,"(-5.63893985748291,-36.87120056152344)",Itajá,,,20,,ITAJA,
3736,2021-08-17 19:08:36.784,,,false,2404903,"(-5.836299896240234,-37.9911994934082)",Itaú,,,20,,ITAU,
3737,2021-08-17 19:08:37.555,,,false,2405009,"(-6.418560028076172,-36.20309829711914)",Jaçanã,,,20,,JACANA,
3738,2021-08-17 19:08:38.363,,,false,2405108,"(-5.352109909057617,-36.12779998779297)",Jandaíra,,,20,,JANDAIRA,
3739,2021-08-17 19:08:39.134,,,false,2405207,"(-6.014739990234375,-37.40480041503906)",Janduís,,,20,,JANDUIS,
3741,2021-08-17 19:08:40.679,,,false,2405405,"(-6.465439796447754,-35.934600830078125)",Japi,,,20,,JAPI,
3743,2021-08-17 19:08:41.464,,,false,2405603,"(-6.376649856567383,-37.34960174560547)",Jardim de Piranhas,,,20,,JARDIM DE PIRANHAS,
3744,2021-08-17 19:08:42.254,,,false,2405702,"(-6.580470085144043,-36.77360153198242)",Jardim do Seridó,,,20,,JARDIM DO SERIDO,
3746,2021-08-17 19:08:43.800,,,false,2405900,"(-6.272150039672852,-37.78850173950195)",João Dias,,,20,,JOAO DIAS,
3747,2021-08-17 19:08:44.572,,,false,2406007,"(-6.310949802398682,-38.28229904174805)",José da Penha,,,20,,JOSE DA PENHA,
3748,2021-08-17 19:08:45.345,,,false,2406106,"(-6.030600070953369,-37.00899887084961)",Jucurutu,,,20,,JUCURUTU,
3749,2021-08-17 19:08:46.118,,,false,2406155,"(-6.268660068511963,-35.3494987487793)",Jundiá,,,20,,JUNDIA,
3750,2021-08-17 19:08:46.890,,,false,2406205,"(-6.394929885864258,-35.59489822387695)",Lagoa d`Anta,,,20,,LAGOA D`ANTA,
3752,2021-08-17 19:08:48.433,,,false,2406403,"(-6.011899948120117,-35.87289810180664)",Lagoa de Velhos,,,20,,LAGOA DE VELHOS,
3753,2021-08-17 19:08:49.212,,,false,2406502,"(-6.093389987945557,-36.470298767089844)",Lagoa Nova,,,20,,LAGOA NOVA,
3754,2021-08-17 19:08:49.984,,,false,2406601,"(-6.122950077056885,-35.4724006652832)",Lagoa Salgada,,,20,,LAGOA SALGADA,
3755,2021-08-17 19:08:50.756,,,false,2406700,"(-5.693220138549805,-36.24700164794922)",Lajes,,,20,,LAJES,
3757,2021-08-17 19:08:52.302,,,false,2406908,"(-6.105249881744385,-37.81340026855469)",Lucrécia,,,20,,LUCRECIA,
3758,2021-08-17 19:08:53.074,,,false,2407005,"(-6.405879974365234,-38.38990020751953)",Luís Gomes,,,20,,LUIS GOMES,
3759,2021-08-17 19:08:53.847,,,false,2407104,"(-5.852290153503418,-35.355201721191406)",Macaíba,,,20,,MACAIBA,
3760,2021-08-17 19:08:54.620,,,false,2407203,"(-5.107950210571289,-36.63180160522461)",Macau,,,20,,MACAU,
3761,2021-08-17 19:08:55.392,,,false,2407252,"(-6.399489879608154,-38.32400131225586)",Major Sales,,,20,,MAJOR SALES,
3763,2021-08-17 19:08:56.938,,,false,2407401,"(-6.082789897918701,-37.90800094604492)",Martins,,,20,,MARTINS,
3764,2021-08-17 19:08:57.710,,,false,2407500,"(-5.521810054779053,-35.263099670410156)",Maxaranguape,,,20,,MAXARANGUAPE,
3765,2021-08-17 19:08:58.483,,,false,2407609,"(-6.071939945220947,-37.51580047607422)",Messias Targino,,,20,,MESSIAS TARGINO,
3766,2021-08-17 19:08:59.255,,,false,2407708,"(-6.485219955444336,-35.28419876098633)",Montanhas,,,20,,MONTANHAS,
3768,2021-08-17 19:09:00.809,,,false,2407906,"(-6.4369797706604,-35.78310012817383)",Monte das Gameleiras,,,20,,MONTE DAS GAMELEIRAS,
3769,2021-08-17 19:09:01.585,,,false,2408003,"(-5.183740139007568,-37.3474006652832)",Mossoró,,,20,,MOSSORO,
3770,2021-08-17 19:09:02.361,,,false,2408102,"(-5.793570041656494,-35.19860076904297)",Natal,,,20,,NATAL,
3771,2021-08-17 19:09:03.133,,,false,2408201,"(-6.093289852142334,-35.199100494384766)",Nísia Floresta,,,20,,NISIA FLORESTA,
3772,2021-08-17 19:09:03.905,,,false,2408300,"(-6.475110054016113,-35.4286003112793)",Nova Cruz,,,20,,NOVA CRUZ,
3774,2021-08-17 19:09:05.453,,,false,2408508,"(-6.695799827575684,-36.94279861450195)",Ouro Branco,,,20,,OURO BRANCO,
3775,2021-08-17 19:09:06.226,,,false,2408607,"(-6.475649833679199,-38.30569839477539)",Paraná,,,20,,PARANA,
3776,2021-08-17 19:09:07.002,,,false,2408706,"(-5.768929958343506,-37.10319900512695)",Paraú,,,20,,PARAU,
3777,2021-08-17 19:09:07.774,,,false,2408805,"(-5.222760200500488,-35.83980178833008)",Parazinho,,,20,,PARAZINHO,
3778,2021-08-17 19:09:08.546,,,false,2408904,"(-6.684909820556641,-36.65660095214844)",Parelhas,,,20,,PARELHAS,
3780,2021-08-17 19:09:10.091,,,false,2409100,"(-6.430180072784424,-35.64419937133789)",Passa e Fica,,,20,,PASSA E FICA,
3781,2021-08-17 19:09:10.869,,,false,2409209,"(-6.272679805755615,-35.369998931884766)",Passagem,,,20,,PASSAGEM,
3782,2021-08-17 19:09:11.644,,,false,2409308,"(-6.106560230255127,-37.63560104370117)",Patu,,,20,,PATU,
3783,2021-08-17 19:09:12.419,,,false,2409407,"(-6.104979991912842,-38.207698822021484)",Pau dos Ferros,,,20,,PAU DOS FERROS,
3785,2021-08-17 19:09:13.971,,,false,2409605,"(-5.573520183563232,-36.1083984375)",Pedra Preta,,,20,,PEDRA PRETA,
3786,2021-08-17 19:09:14.743,,,false,2409704,"(-5.51609992980957,-36.38669967651367)",Pedro Avelino,,,20,,PEDRO AVELINO,
3787,2021-08-17 19:09:15.516,,,false,2409803,"(-6.4355998039245605,-35.21950149536133)",Pedro Velho,,,20,,PEDRO VELHO,
3788,2021-08-17 19:09:16.289,,,false,2409902,"(-5.256400108337402,-36.70949935913086)",Pendências,,,20,,PENDENCIAS,
3790,2021-08-17 19:09:17.834,,,false,2410108,"(-5.622330188751221,-35.66350173950195)",Poço Branco,,,20,,POCO BRANCO,
3791,2021-08-17 19:09:18.607,,,false,2410207,"(-6.020639896392822,-37.98649978637695)",Portalegre,,,20,,PORTALEGRE,
3792,2021-08-17 19:09:19.380,,,false,2410256,"(-5.054409980773926,-36.788700103759766)",Porto do Mangue,,,20,,PORTO DO MANGUE,
3794,2021-08-17 19:09:20.925,,,false,2410405,"(-5.463930130004883,-35.55540084838867)",Pureza,,,20,,PUREZA,
3795,2021-08-17 19:09:21.697,,,false,2410504,"(-6.1898698806762695,-38.221099853515625)",Rafael Fernandes,,,20,,RAFAEL FERNANDES,
3796,2021-08-17 19:09:22.470,,,false,2410603,"(-6.072440147399902,-37.715999603271484)",Rafael Godeiro,,,20,,RAFAEL GODEIRO,
3797,2021-08-17 19:09:23.242,,,false,2410702,"(-5.926539897918701,-37.94900131225586)",Riacho da Cruz,,,20,,RIACHO DA CRUZ,
3799,2021-08-17 19:09:24.789,,,false,2410900,"(-5.821559906005859,-35.82149887084961)",Riachuelo,,,20,,RIACHUELO,
3802,2021-08-17 19:09:27.106,,,false,2411106,"(-5.887450218200684,-35.93299865722656)",Ruy Barbosa,,,20,,RUY BARBOSA,
3803,2021-08-17 19:09:27.878,,,false,2411205,"(-6.22475004196167,-36.0192985534668)",Santa Cruz,,,20,,SANTA CRUZ,
3804,2021-08-17 19:09:28.650,,,false,2409332,"(-5.838019847869873,-35.69139862060547)",Santa Maria,,,20,,SANTA MARIA,
3805,2021-08-17 19:09:29.424,,,false,2411403,"(-5.94605016708374,-36.657798767089844)",Santana do Matos,,,20,,SANTANA DO MATOS,
3807,2021-08-17 19:09:30.972,,,false,2411502,"(-6.311950206756592,-35.473899841308594)",Santo Antônio,,,20,,SANTO ANTONIO,
3808,2021-08-17 19:09:31.744,,,false,2411601,"(-5.092589855194092,-35.95869827270508)",São Bento do Norte,,,20,,SAO BENTO DO NORTE,
3809,2021-08-17 19:09:32.519,,,false,2411700,"(-6.337979793548584,-36.086299896240234)",São Bento do Trairí,,,20,,SAO BENTO DO TRAIRI,
3810,2021-08-17 19:09:33.294,,,false,2411809,"(-6.379749774932861,-37.1864013671875)",São Fernando,,,20,,SAO FERNANDO,
3812,2021-08-17 19:09:34.841,,,false,2412005,"(-5.790679931640625,-35.32569885253906)",São Gonçalo do Amarante,,,20,,SAO GONCALO DO AMARANTE,
3813,2021-08-17 19:09:35.614,,,false,2412104,"(-6.713870048522949,-37.202701568603516)",São João do Sabugi,,,20,,SAO JOAO DO SABUGI,
3814,2021-08-17 19:09:36.387,,,false,2412203,"(-6.077300071716309,-35.24169921875)",São José de Mipibu,,,20,,SAO JOSE DE MIPIBU,
3816,2021-08-17 19:09:37.932,,,false,2412401,"(-6.4400200843811035,-36.87459945678711)",São José do Seridó,,,20,,SAO JOSE DO SERIDO,
3817,2021-08-17 19:09:38.704,,,false,2412500,"(-6.202829837799072,-38.49470138549805)",São Miguel,,,20,,SAO MIGUEL,
3818,2021-08-17 19:09:39.482,,,false,2412559,"(-5.123020648956299,-35.6353874206543)",São Miguel do Gostoso,,,20,,SAO MIGUEL DO GOSTOSO,
3819,2021-08-17 19:09:40.255,,,false,2412609,"(-5.899400234222412,-35.764198303222656)",São Paulo do Potengi,,,20,,SAO PAULO DO POTENGI,
3821,2021-08-17 19:09:41.807,,,false,2412807,"(-5.797910213470459,-36.87779998779297)",São Rafael,,,20,,SAO RAFAEL,
3822,2021-08-17 19:09:42.580,,,false,2412906,"(-5.9640398025512695,-36.07979965209961)",São Tomé,,,20,,SAO TOME,
3823,2021-08-17 19:09:43.353,,,false,2413003,"(-6.218929767608643,-36.682701110839844)",São Vicente,,,20,,SAO VICENTE,
3825,2021-08-17 19:09:44.900,,,false,2413201,"(-6.157599925994873,-35.12990188598633)",Senador Georgino Avelino,,,20,,SENADOR GEORGINO AVELINO,
3826,2021-08-17 19:09:45.672,,,false,2413300,"(-6.4176201820373535,-35.70330047607422)",Serra de São Bento,,,20,,SERRA DE SAO BENTO,
3827,2021-08-17 19:09:46.453,,,false,2413359,"(-5.177249908447266,-37.024200439453125)",Serra do Mel,,,20,,SERRA DO MEL,
3828,2021-08-17 19:09:47.229,,,false,2413409,"(-6.660309791564941,-37.399600982666016)",Serra Negra do Norte,,,20,,SERRA NEGRA DO NORTE,
3829,2021-08-17 19:09:48.007,,,false,2413508,"(-6.2818098068237305,-35.5)",Serrinha,,,20,,SERRINHA,
3831,2021-08-17 19:09:49.553,,,false,2413607,"(-5.776659965515137,-37.957000732421875)",Severiano Melo,,,20,,SEVERIANO MELO,
3832,2021-08-17 19:09:50.325,,,false,2413706,"(-6.1113200187683105,-35.909000396728516)",Sítio Novo,,,20,,SITIO NOVO,
3833,2021-08-17 19:09:51.098,,,false,2413805,"(-5.919479846954346,-38.03670120239258)",Taboleiro Grande,,,20,,TABOLEIRO GRANDE,
3836,2021-08-17 19:09:53.416,,,false,2414100,"(-6.458230018615723,-38.18199920654297)",Tenente Ananias,,,20,,TENENTE ANANIAS,
3837,2021-08-17 19:09:54.188,,,false,2414159,"(-6.137800216674805,-36.7135009765625)",Tenente Laurentino Cruz,,,20,,TENENTE LAURENTINO CRUZ,
3838,2021-08-17 19:09:54.961,,,false,2411056,"(-4.837289810180664,-37.255401611328125)",Tibau,,,20,,TIBAU,
3840,2021-08-17 19:09:56.506,,,false,2414308,"(-6.4576802253723145,-37.27450180053711)",Timbaúba dos Batistas,,,20,,TIMBAUBA DOS BATISTAS,
3841,2021-08-17 19:09:57.279,,,false,2414407,"(-5.201819896697998,-35.462100982666016)",Touros,,,20,,TOUROS,
3842,2021-08-17 19:09:58.052,,,false,2414456,"(-5.8540802001953125,-37.1786003112793)",Triunfo Potiguar,,,20,,TRIUNFO POTIGUAR,
3843,2021-08-17 19:09:58.824,,,false,2414506,"(-5.982379913330078,-37.81800079345703)",Umarizal,,,20,,UMARIZAL,
3844,2021-08-17 19:09:59.597,,,false,2414605,"(-5.637609958648682,-37.26350021362305)",Upanema,,,20,,UPANEMA,
3846,2021-08-17 19:10:01.144,,,false,2414753,"(-6.320163249969482,-38.48960494995117)",Venha-Ver,,,20,,VENHA-VER,
3847,2021-08-17 19:10:01.921,,,false,2414803,"(-6.043990135192871,-35.428001403808594)",Vera Cruz,,,20,,VERA CRUZ,
3848,2021-08-17 19:10:02.723,,,false,2414902,"(-5.982530117034912,-37.94620132446289)",Viçosa,,,20,,VICOSA,
3849,2021-08-17 19:10:03.497,,,false,2415008,"(-6.312870025634766,-35.06700134277344)",Vila Flor,,,20,,VILA FLOR,
3852,2021-08-17 19:10:05.820,,,false,4300109,"(-29.644699096679688,-53.25149917602539)",Agudo,,,23,,AGUDO,17
3873,2021-08-17 19:10:22.062,,,false,4301206,"(-29.334800720214844,-53.09659957885742)",Arroio do Tigre,,,23,,ARROIO DO TIGRE,18
3901,2021-08-17 19:10:43.715,,,false,4302402,"(-29.607099533081055,-51.94559860229492)",Bom Retiro do Sul,,,23,,BOM RETIRO DO SUL,18
3861,2021-08-17 19:10:12.777,,,false,4300604,"(-29.99139976501465,-51.08089828491211)",Alvorada,,,23,,ALVORADA,19
3867,2021-08-17 19:10:17.416,,,false,4300851,"(-30.90920066833496,-51.504600524902344)",Arambaré,,,23,,ARAMBARE,19
3868,2021-08-17 19:10:18.194,,,false,4300877,"(-29.61680030822754,-50.929100036621094)",Araricá,,,23,,ARARICA,19
3872,2021-08-17 19:10:21.290,,,false,4301057,"(-29.543899536132812,-49.88949966430664)",Arroio do Sal,,,23,,ARROIO DO SAL,19
3881,2021-08-17 19:10:28.243,,,false,4301651,"(-29.372499465942383,-51.49489974975586)",Barão,,,23,,BARAO,19
3883,2021-08-17 19:10:29.800,,,false,4301750,"(-30.38909912109375,-51.738399505615234)",Barão do Triunfo,,,23,,BARAO DO TRIUNFO,19
3886,2021-08-17 19:10:32.118,,,false,4301909,"(-30.293899536132812,-51.30139923095703)",Barra do Ribeiro,,,23,,BARRA DO RIBEIRO,19
3899,2021-08-17 19:10:42.169,,,false,4302352,"(-29.485599517822266,-51.354801177978516)",Bom Princípio,,,23,,BOM PRINCIPIO,19
3906,2021-08-17 19:10:47.584,,,false,4302659,"(-29.550100326538086,-51.59450149536133)",Brochier,,,23,,BROCHIER,19
3907,2021-08-17 19:10:48.356,,,false,4302709,"(-30.117900848388672,-51.96009826660156)",Butiá,,,23,,BUTIA,19
3879,2021-08-17 19:10:26.698,,,false,4301602,"(-31.329700469970703,-54.09989929199219)",Bagé,,,23,,BAGE,20
3862,2021-08-17 19:10:13.551,,,false,4300638,"(-30.875600814819336,-52.25090026855469)",Amaral Ferrador,,,23,,AMARAL FERRADOR,21
3871,2021-08-17 19:10:20.516,,,false,4301073,"(-31.438899993896484,-52.424598693847656)",Arroio do Padre,,,23,,ARROIO DO PADRE,21
3875,2021-08-17 19:10:23.607,,,false,4301305,"(-32.23270034790039,-53.08620071411133)",Arroio Grande,,,23,,ARROIO GRANDE,21
3909,2021-08-17 19:10:49.901,,,false,4302907,"(-29.8882999420166,-54.821998596191406)",Cacequi,,,23,,CACEQUI,17
3933,2021-08-17 19:11:08.483,,,false,4304655,"(-28.93120002746582,-54.55580139160156)",Capão do Cipó,,,23,,CAPAO DO CIPO,17
3980,2021-08-17 19:11:44.810,,,false,4306379,"(-29.705400466918945,-54.21220016479492)",Dilermando de Aguiar,,,23,,DILERMANDO DE AGUIAR,17
3924,2021-08-17 19:11:01.498,,,false,4304200,"(-29.668399810791016,-52.78950119018555)",Candelária,,,23,,CANDELARIA,18
3930,2021-08-17 19:11:06.150,,,false,4304614,"(-29.32710075378418,-52.23740005493164)",Canudos do Vale,,,23,,CANUDOS DO VALE,18
3936,2021-08-17 19:11:10.804,,,false,4304697,"(-29.26740074157715,-51.98529815673828)",Capitão,,,23,,CAPITAO,18
3948,2021-08-17 19:11:20.085,,,false,4305132,"(-29.656999588012695,-52.94060134887695)",Cerro Branco,,,23,,CERRO BRANCO,18
3960,2021-08-17 19:11:29.357,,,false,4305587,"(-29.394800186157227,-51.85559844970703)",Colinas,,,23,,COLINAS,18
3964,2021-08-17 19:11:32.445,,,false,4305835,"(-29.180200576782227,-52.094200134277344)",Coqueiro Baixo,,,23,,COQUEIRO BAIXO,18
3976,2021-08-17 19:11:41.722,,,false,4306205,"(-29.514799118041992,-51.992801666259766)",Cruzeiro do Sul,,,23,,CRUZEIRO DO SUL,18
3911,2021-08-17 19:10:51.451,,,false,4303103,"(-29.947200775146484,-51.101600646972656)",Cachoeirinha,,,23,,CACHOEIRINHA,19
3915,2021-08-17 19:10:54.539,,,false,4303509,"(-30.848899841308594,-51.804298400878906)",Camaquã,,,23,,CAMAQUA,19
3921,2021-08-17 19:10:59.175,,,false,4303905,"(-29.674699783325195,-51.06060028076172)",Campo Bom,,,23,,CAMPO BOM,19
3927,2021-08-17 19:11:03.832,,,false,4304408,"(-29.356000900268555,-50.8119010925293)",Canela,,,23,,CANELA,19
3929,2021-08-17 19:11:05.377,,,false,4304606,"(-29.912799835205078,-51.185699462890625)",Canoas,,,23,,CANOAS,19
3932,2021-08-17 19:11:07.712,,,false,4304630,"(-29.76420021057129,-50.0281982421875)",Capão da Canoa,,,23,,CAPAO DA CANOA,19
3935,2021-08-17 19:11:10.031,,,false,4304689,"(-29.69610023498535,-51.327999114990234)",Capela de Santana,,,23,,CAPELA DE SANTANA,19
3950,2021-08-17 19:11:21.630,,,false,4305173,"(-30.590499877929688,-51.741798400878906)",Cerro Grande do Sul,,,23,,CERRO GRANDE DO SUL,19
3953,2021-08-17 19:11:23.948,,,false,4305355,"(-29.962499618530273,-51.62889862060547)",Charqueadas,,,23,,CHARQUEADAS,19
3958,2021-08-17 19:11:27.813,,,false,4305454,"(-30.160400390625,-50.233699798583984)",Cidreira,,,23,,CIDREIRA,19
3908,2021-08-17 19:10:49.129,,,false,4302808,"(-30.514400482177734,-53.48270034790039)",Caçapava do Sul,,,23,,CACAPAVA DO SUL,21
3926,2021-08-17 19:11:03.046,,,false,4304358,"(-31.551599502563477,-53.67729949951172)",Candiota,,,23,,CANDIOTA,21
3928,2021-08-17 19:11:04.605,,,false,4304507,"(-31.395999908447266,-52.67829895019531)",Canguçu,,,23,,CANGUCU,21
3934,2021-08-17 19:11:09.257,,,false,4304663,"(-31.756500244140625,-52.48889923095703)",Capão do Leão,,,23,,CAPAO DO LEAO,21
3956,2021-08-17 19:11:26.266,,,false,4305439,"(-33.68659973144531,-53.45940017700195)",Chuí,,,23,,CHUI,21
3972,2021-08-17 19:11:38.629,,,false,4306056,"(-31.004600524902344,-52.04359817504883)",Cristal,,,23,,CRISTAL,21
3987,2021-08-17 19:11:50.219,,,false,4306700,"(-29.61949920654297,-53.361698150634766)",Dona Francisca,,,23,,DONA FRANCISCA,17
4012,2021-08-17 19:12:09.541,,,false,4308003,"(-29.578800201416016,-53.44839859008789)",Faxinal do Soturno,,,23,,FAXINAL DO SOTURNO,17
4019,2021-08-17 19:12:14.961,,,false,4308409,"(-30.00349998474121,-53.49589920043945)",Formigueiro,,,23,,FORMIGUEIRO,17
3989,2021-08-17 19:11:51.764,,,false,4306759,"(-29.083999633789062,-51.99720001220703)",Doutor Ricardo,,,23,,DOUTOR RICARDO,18
3991,2021-08-17 19:11:53.309,,,false,4306809,"(-29.23509979248047,-51.87030029296875)",Encantado,,,23,,ENCANTADO,18
4008,2021-08-17 19:12:06.452,,,false,4307815,"(-29.171300888061523,-53.16389846801758)",Estrela Velha,,,23,,ESTRELA VELHA,18
4033,2021-08-17 19:12:25.779,,,false,4309159,"(-29.270599365234375,-52.579498291015625)",Gramado Xavier,,,23,,GRAMADO XAVIER,18
4045,2021-08-17 19:12:35.058,,,false,4309753,"(-29.420299530029297,-53.12950134277344)",Ibarama,,,23,,IBARAMA,18
3981,2021-08-17 19:11:45.583,,,false,4306403,"(-29.583599090576172,-51.08980178833008)",Dois Irmãos,,,23,,DOIS IRMAOS,19
3984,2021-08-17 19:11:47.901,,,false,4306502,"(-30.70039939880371,-52.10260009765625)",Dom Feliciano,,,23,,DOM FELICIANO,19
3986,2021-08-17 19:11:49.446,,,false,4306551,"(-29.36389923095703,-49.85300064086914)",Dom Pedro de Alcântara,,,23,,DOM PEDRO DE ALCANTARA,19
3990,2021-08-17 19:11:52.537,,,false,4306767,"(-30.084699630737305,-51.61869812011719)",Eldorado do Sul,,,23,,ELDORADO DO SUL,19
4005,2021-08-17 19:12:04.133,,,false,4307609,"(-29.653499603271484,-51.18429946899414)",Estância Velha,,,23,,ESTANCIA VELHA,19
4006,2021-08-17 19:12:04.906,,,false,4307708,"(-29.851999282836914,-51.18410110473633)",Esteio,,,23,,ESTEIO,19
4015,2021-08-17 19:12:11.865,,,false,4308102,"(-29.452699661254883,-51.303199768066406)",Feliz,,,23,,FELIZ,19
4026,2021-08-17 19:12:20.371,,,false,4308805,"(-29.903200149536133,-51.761199951171875)",General Câmara,,,23,,GENERAL CAMARA,19
4031,2021-08-17 19:12:24.234,,,false,4309100,"(-29.37339973449707,-50.87620162963867)",Gramado,,,23,,GRAMADO,19
4034,2021-08-17 19:12:26.557,,,false,4309209,"(-29.941299438476562,-50.986900329589844)",Gravataí,,,23,,GRAVATAI,19
4036,2021-08-17 19:12:28.102,,,false,4309308,"(-30.108600616455078,-51.323299407958984)",Guaíba,,,23,,GUAIBA,19
4039,2021-08-17 19:12:30.420,,,false,4309555,"(-29.54560089111328,-51.41849899291992)",Harmonia,,,23,,HARMONIA,19
4050,2021-08-17 19:12:38.924,,,false,4310108,"(-29.569299697875977,-50.791900634765625)",Igrejinha,,,23,,IGREJINHA,19
4053,2021-08-17 19:12:41.253,,,false,4310330,"(-29.975299835205078,-50.12810134887695)",Imbé,,,23,,IMBE,19
3985,2021-08-17 19:11:48.674,,,false,4306601,"(-30.97559928894043,-54.66939926147461)",Dom Pedrito,,,23,,DOM PEDRITO,20
4024,2021-08-17 19:12:18.824,,,false,4308656,"(-28.194400787353516,-55.638301849365234)",Garruchos,,,23,,GARRUCHOS,20
4043,2021-08-17 19:12:33.512,,,false,4309654,"(-31.406700134277344,-53.86669921875)",Hulha Negra,,,23,,HULHA NEGRA,20
3992,2021-08-17 19:11:54.080,,,false,4306908,"(-30.542999267578125,-52.52040100097656)",Encruzilhada do Sul,,,23,,ENCRUZILHADA DO SUL,21
4040,2021-08-17 19:12:31.193,,,false,4307104,"(-32.02399826049805,-53.39440155029297)",Herval,,,23,,HERVAL,21
4122,2021-08-17 19:13:37.434,,,false,4312906,"(-28.72909927368164,-51.70719909667969)",Nova Bassano,,,23,,NOVA BASSANO,16
4060,2021-08-17 19:12:46.676,,,false,4310538,"(-29.601299285888672,-53.772499084472656)",Itaara,,,23,,ITAARA,17
4061,2021-08-17 19:12:47.449,,,false,4310553,"(-28.79129981994629,-55.24470138549805)",Itacurubi,,,23,,ITACURUBI,17
4066,2021-08-17 19:12:51.319,,,false,4310751,"(-29.5231990814209,-53.58420181274414)",Ivorá,,,23,,IVORA,17
4072,2021-08-17 19:12:55.967,,,false,4311106,"(-29.493600845336914,-54.702999114990234)",Jaguari,,,23,,JAGUARI,17
4074,2021-08-17 19:12:57.512,,,false,4311130,"(-29.292200088500977,-54.22370147705078)",Jari,,,23,,JARI,17
4098,2021-08-17 19:13:18.874,,,false,4312104,"(-29.564899444580078,-54.4640998840332)",Mata,,,23,,MATA,17
4054,2021-08-17 19:12:42.026,,,false,4310363,"(-29.350799560546875,-51.77479934692383)",Imigrante,,,23,,IMIGRANTE,18
4081,2021-08-17 19:13:05.730,,,false,4311403,"(-29.4591007232666,-51.96440124511719)",Lajeado,,,23,,LAJEADO,18
4097,2021-08-17 19:13:18.102,,,false,4312054,"(-29.331100463867188,-52.0973014831543)",Marques de Souza,,,23,,MARQUES DE SOUZA,18
4100,2021-08-17 19:13:20.419,,,false,4312153,"(-29.528499603271484,-52.12779998779297)",Mato Leitão,,,23,,MATO LEITAO,18
4114,2021-08-17 19:13:31.252,,,false,4312609,"(-29.163000106811523,-51.87139892578125)",Muçum,,,23,,MUCUM,18
4124,2021-08-17 19:13:38.979,,,false,4313003,"(-29.21820068359375,-52.031898498535156)",Nova Bréscia,,,23,,NOVA BRESCIA,18
4064,2021-08-17 19:12:49.774,,,false,4310652,"(-29.497400283813477,-50.101600646972656)",Itati,,,23,,ITATI,19
4067,2021-08-17 19:12:52.092,,,false,4310801,"(-29.59950065612793,-51.15330123901367)",Ivoti,,,23,,IVOTI,19
4085,2021-08-17 19:13:08.821,,,false,4311627,"(-29.585899353027344,-51.2140998840332)",Lindolfo Collor,,,23,,LINDOLFO COLLOR,19
4086,2021-08-17 19:13:09.592,,,false,4311643,"(-29.467899322509766,-51.20029830932617)",Linha Nova,,,23,,LINHA NOVA,19
4089,2021-08-17 19:13:11.913,,,false,4311734,"(-29.213600158691406,-49.93109893798828)",Mampituba,,,23,,MAMPITUBA,19
4091,2021-08-17 19:13:13.459,,,false,4311775,"(-29.679800033569336,-50.20790100097656)",Maquiné,,,23,,MAQUINE,19
4092,2021-08-17 19:13:14.231,,,false,4311791,"(-29.545700073242188,-51.55730056762695)",Maratá,,,23,,MARATA,19
4103,2021-08-17 19:13:22.743,,,false,4312252,"(-30.134599685668945,-52.042301177978516)",Minas do Leão,,,23,,MINAS DO LEAO,19
4108,2021-08-17 19:13:26.614,,,false,4312401,"(-29.68239974975586,-51.467899322509766)",Montenegro,,,23,,MONTENEGRO,19
4110,2021-08-17 19:13:28.159,,,false,4312443,"(-29.357799530029297,-49.93280029296875)",Morrinhos do Sul,,,23,,MORRINHOS DO SUL,19
4112,2021-08-17 19:13:29.707,,,false,4312476,"(-29.537900924682617,-51.08110046386719)",Morro Reuter,,,23,,MORRO REUTER,19
4113,2021-08-17 19:13:30.480,,,false,4312500,"(-31.10540008544922,-50.91669845581055)",Mostardas,,,23,,MOSTARDAS,19
4127,2021-08-17 19:13:41.306,,,false,4313060,"(-29.580799102783203,-50.90510177612305)",Nova Hartz,,,23,,NOVA HARTZ,19
4063,2021-08-17 19:12:48.994,,,false,4310603,"(-29.131099700927734,-56.55149841308594)",Itaqui,,,23,,ITAQUI,20
4128,2021-08-17 19:13:42.079,,,false,4313086,"(-29.02750015258789,-51.30979919433594)",Nova Pádua,,,23,,NOVA PADUA,16
4133,2021-08-17 19:13:45.940,,,false,4313359,"(-28.98819923400879,-51.40950012207031)",Nova Roma do Sul,,,23,,NOVA ROMA DO SUL,16
4148,2021-08-17 19:13:57.543,,,false,4314001,"(-28.596399307250977,-51.78960037231445)",Paraí,,,23,,PARAI,16
4163,2021-08-17 19:14:09.159,,,false,4314464,"(-27.875099182128906,-51.167301177978516)",Pinhal da Serra,,,23,,PINHAL DA SERRA,16
4182,2021-08-17 19:14:23.865,,,false,4315172,"(-28.757200241088867,-51.47570037841797)",Protásio Alves,,,23,,PROTASIO ALVES,16
4183,2021-08-17 19:14:24.640,,,false,4315206,"(-29.004499435424805,-52.156898498535156)",Putinga,,,23,,PUTINGA,16
4129,2021-08-17 19:13:42.851,,,false,4313102,"(-29.47100067138672,-53.46889877319336)",Nova Palma,,,23,,NOVA PALMA,17
4164,2021-08-17 19:14:09.932,,,false,4314472,"(-29.344999313354492,-53.32059860229492)",Pinhal Grande,,,23,,PINHAL GRANDE,17
4186,2021-08-17 19:14:26.957,,,false,4315321,"(-29.350400924682617,-54.07889938354492)",Quevedos,,,23,,QUEVEDOS,17
4190,2021-08-17 19:14:30.051,,,false,4315503,"(-29.81879997253418,-53.380699157714844)",Restinga Seca,,,23,,RESTINGA SECA,17
4147,2021-08-17 19:13:56.768,,,false,4313953,"(-30.190200805664062,-52.37289810180664)",Pantano Grande,,,23,,PANTANO GRANDE,18
4149,2021-08-17 19:13:58.317,,,false,4314027,"(-29.67169952392578,-53.14400100708008)",Paraíso do Sul,,,23,,PARAISO DO SUL,18
4152,2021-08-17 19:14:00.650,,,false,4314068,"(-29.457700729370117,-52.95989990234375)",Passa Sete,,,23,,PASSA SETE,18
4153,2021-08-17 19:14:01.425,,,false,4314076,"(-29.74799919128418,-52.27479934692383)",Passo do Sobrado,,,23,,PASSO DO SOBRADO,18
4156,2021-08-17 19:14:03.746,,,false,4314159,"(-29.548599243164062,-51.7338981628418)",Paverama,,,23,,PAVERAMA,18
4179,2021-08-17 19:14:21.540,,,false,4315131,"(-29.173799514770508,-52.213600158691406)",Pouso Novo,,,23,,POUSO NOVO,18
4181,2021-08-17 19:14:23.092,,,false,4315156,"(-29.24410057067871,-52.319698333740234)",Progresso,,,23,,PROGRESSO,18
4189,2021-08-17 19:14:29.278,,,false,4315453,"(-29.11639976501465,-52.07780075073242)",Relvado,,,23,,RELVADO,18
4193,2021-08-17 19:14:32.371,,,false,4315701,"(-29.988000869750977,-52.37110137939453)",Rio Pardo,,,23,,RIO PARDO,18
4195,2021-08-17 19:14:33.950,,,false,4315800,"(-29.288400650024414,-51.86579895019531)",Roca Sales,,,23,,ROCA SALES,18
4130,2021-08-17 19:13:43.624,,,false,4313201,"(-29.374099731445312,-51.11360168457031)",Nova Petrópolis,,,23,,NOVA PETROPOLIS,19
4857,2021-08-17 19:23:02.359,,,false,3513603,"(-23.07309913635254,-44.95759963989258)",Cunha,,,26,,CUNHA,
4217,2021-08-17 19:14:50.999,,,false,4317251,"(-29.16550064086914,-51.73509979248047)",Santa Tereza,,,23,,SANTA TEREZA,16
4246,2021-08-17 19:15:13.501,,,false,4318622,"(-28.747600555419922,-50.06769943237305)",São José dos Ausentes,,,23,,SAO JOSE DOS AUSENTES,16
4250,2021-08-17 19:15:16.613,,,false,4319000,"(-28.96769905090332,-51.06959915161133)",São Marcos,,,23,,SAO MARCOS,16
4263,2021-08-17 19:15:26.678,,,false,4319711,"(-29.04509925842285,-51.76839828491211)",São Valentim do Sul,,,23,,SAO VALENTIM DO SUL,16
4214,2021-08-17 19:14:48.681,,,false,4316907,"(-29.686800003051758,-53.81489944458008)",Santa Maria,,,23,,SANTA MARIA,17
4221,2021-08-17 19:14:54.106,,,false,4317400,"(-29.189699172973633,-54.866600036621094)",Santiago,,,23,,SANTIAGO,17
4237,2021-08-17 19:15:06.517,,,false,4318432,"(-29.619400024414062,-53.44390106201172)",São João do Polêsine,,,23,,SAO JOAO DO POLESINE,17
4259,2021-08-17 19:15:23.587,,,false,4319406,"(-29.62019920349121,-54.18550109863281)",São Pedro do Sul,,,23,,SAO PEDRO DO SUL,17
4261,2021-08-17 19:15:25.132,,,false,4319604,"(-30.1643009185791,-53.560298919677734)",São Sepé,,,23,,SAO SEPE,17
4212,2021-08-17 19:14:47.131,,,false,4316808,"(-29.722000122070312,-52.43429946899414)",Santa Cruz do Sul,,,23,,SANTA CRUZ DO SUL,18
4235,2021-08-17 19:15:04.969,,,false,4318408,"(-29.971599578857422,-51.725101470947266)",São Jerônimo,,,23,,SAO JERONIMO,19
4241,2021-08-17 19:15:09.633,,,false,4318481,"(-29.527999877929688,-51.244998931884766)",São José do Hortêncio,,,23,,SAO JOSE DO HORTENCIO,19
4245,2021-08-17 19:15:12.728,,,false,4318614,"(-29.5447998046875,-51.48210144042969)",São José do Sul,,,23,,SAO JOSE DO SUL,19
4265,2021-08-17 19:15:28.226,,,false,4319752,"(-29.372900009155273,-51.36750030517578)",São Vendelino,,,23,,SAO VENDELINO,19
4267,2021-08-17 19:15:29.806,,,false,4319901,"(-29.634899139404297,-51.00640106201172)",Sapiranga,,,23,,SAPIRANGA,19
4213,2021-08-17 19:14:47.904,,,false,4316972,"(-30.33930015563965,-54.08169937133789)",Santa Margarida do Sul,,,23,,SANTA MARGARIDA DO SUL,20
4220,2021-08-17 19:14:53.330,,,false,4317103,"(-30.877300262451172,-55.53919982910156)",Santana do Livramento,,,23,,SANTANA DO LIVRAMENTO,20
4230,2021-08-17 19:15:01.085,,,false,4318002,"(-28.657800674438477,-56.00360107421875)",São Borja,,,23,,SAO BORJA,20
4232,2021-08-17 19:15:02.646,,,false,4318101,"(-29.55470085144043,-55.125301361083984)",São Francisco de Assis,,,23,,SAO FRANCISCO DE ASSIS,20
4234,2021-08-17 19:15:04.194,,,false,4318309,"(-30.33370018005371,-54.32170104980469)",São Gabriel,,,23,,SAO GABRIEL,20
4218,2021-08-17 19:14:51.771,,,false,4317301,"(-33.525001525878906,-53.371700286865234)",Santa Vitória do Palmar,,,23,,SANTA VITORIA DO PALMAR,21
4243,2021-08-17 19:15:11.181,,,false,4318507,"(-32.015098571777344,-52.03310012817383)",São José do Norte,,,23,,SAO JOSE DO NORTE,21
4248,2021-08-17 19:15:15.044,,,false,4318804,"(-31.356399536132812,-51.971500396728516)",São Lourenço do Sul,,,23,,SAO LOURENCO DO SUL,21
4927,2021-08-17 19:15:39.874,,,false,3519204,"(-21.857200622558594,-50.693199157714844)",Iacri,,,26,,IACRI,
4320,2021-08-17 19:16:11.657,,,false,4322350,"(-28.783300399780273,-52.023799896240234)",União da Serra,,,23,,UNIAO DA SERRA,16
4323,2021-08-17 19:16:13.996,,,false,4322509,"(-28.50790023803711,-50.94179916381836)",Vacaria,,,23,,VACARIA,16
4330,2021-08-17 19:16:19.409,,,false,4322806,"(-28.93120002746582,-51.55160140991211)",Veranópolis,,,23,,VERANOPOLIS,16
4336,2021-08-17 19:16:24.061,,,false,4323309,"(-28.859800338745117,-51.55039978027344)",Vila Flores,,,23,,VILA FLORES,16
4282,2021-08-17 19:15:42.199,,,false,4320651,"(-29.646699905395508,-53.590999603271484)",Silveira Martins,,,23,,SILVEIRA MARTINS,17
4299,2021-08-17 19:15:55.385,,,false,4321493,"(-29.478200912475586,-54.22439956665039)",Toropi,,,23,,TOROPI,17
4315,2021-08-17 19:16:07.766,,,false,4322202,"(-29.085800170898438,-53.84450149536133)",Tupanciretã,,,23,,TUPANCIRETA,17
4321,2021-08-17 19:16:12.440,,,false,4322376,"(-29.040000915527344,-55.15169906616211)",Unistalda,,,23,,UNISTALDA,17
4339,2021-08-17 19:16:26.380,,,false,4323457,"(-30.346099853515625,-53.875999450683594)",Vila Nova do Sul,,,23,,VILA NOVA DO SUL,17
4277,2021-08-17 19:15:37.558,,,false,4320453,"(-29.390399932861328,-52.26850128173828)",Sério,,,23,,SERIO,18
4283,2021-08-17 19:15:42.974,,,false,4320677,"(-29.53569984436035,-52.530399322509766)",Sinimbu,,,23,,SINIMBU,18
4286,2021-08-17 19:15:45.294,,,false,4320859,"(-29.64299964904785,-51.68230056762695)",Tabaí,,,23,,TABAI,18
4302,2021-08-17 19:15:57.719,,,false,4321626,"(-29.297700881958008,-52.053199768066406)",Travesseiro,,,23,,TRAVESSEIRO,18
4324,2021-08-17 19:16:14.768,,,false,4322533,"(-29.59670066833496,-52.68389892578125)",Vale do Sol,,,23,,VALE DO SOL,18
4329,2021-08-17 19:16:18.637,,,false,4322707,"(-29.718399047851562,-52.515201568603516)",Vera Cruz,,,23,,VERA CRUZ,18
4331,2021-08-17 19:16:20.193,,,false,4322855,"(-29.065500259399414,-51.86249923706055)",Vespasiano Correa,,,23,,VESPASIANO CORREA,18
4268,2021-08-17 19:15:30.580,,,false,4320008,"(-29.827600479125977,-51.14500045776367)",Sapucaia do Sul,,,23,,SAPUCAIA DO SUL,19
4275,2021-08-17 19:15:36.001,,,false,4320354,"(-30.610700607299805,-51.58620071411133)",Sentinela do Sul,,,23,,SENTINELA DO SUL,19
4279,2021-08-17 19:15:39.100,,,false,4320552,"(-30.456199645996094,-51.60169982910156)",Sertão Santana,,,23,,SERTAO SANTANA,19
4289,2021-08-17 19:15:47.613,,,false,4321105,"(-30.66830062866211,-51.39910125732422)",Tapes,,,23,,TAPES,19
4290,2021-08-17 19:15:48.387,,,false,4321204,"(-29.65049934387207,-50.775299072265625)",Taquara,,,23,,TAQUARA,19
4293,2021-08-17 19:15:50.714,,,false,4321352,"(-31.284299850463867,-51.0880012512207)",Tavares,,,23,,TAVARES,19
4295,2021-08-17 19:15:52.259,,,false,4321436,"(-29.57819938659668,-50.06439971923828)",Terra de Areia,,,23,,TERRA DE AREIA,19
4300,2021-08-17 19:15:56.171,,,false,4321501,"(-29.33340072631836,-49.733299255371094)",Torres,,,23,,TORRES,19
4347,2021-08-17 19:16:32.567,,,false,1100379,"(-12.131999969482422,-61.834999084472656)",Alto Alegre dos Parecis,,,21,,ALTO ALEGRE DOS PARECIS,
4348,2021-08-17 19:16:33.340,,,false,1100403,"(-9.714289665222168,-63.31880187988281)",Alto Paraíso,,,21,,ALTO PARAISO,
4350,2021-08-17 19:16:34.891,,,false,1100023,"(-9.905710220336914,-63.032501220703125)",Ariquemes,,,21,,ARIQUEMES,
4351,2021-08-17 19:16:35.662,,,false,1100452,"(-10.194299697875977,-63.832401275634766)",Buritis,,,21,,BURITIS,
4352,2021-08-17 19:16:36.435,,,false,1100031,"(-13.494500160217285,-60.551998138427734)",Cabixi,,,21,,CABIXI,
4353,2021-08-17 19:16:37.208,,,false,1100601,"(-10.348999977111816,-62.904300689697266)",Cacaulândia,,,21,,CACAULANDIA,
4355,2021-08-17 19:16:38.758,,,false,1100700,"(-10.571200370788574,-63.6265983581543)",Campo Novo de Rondônia,,,21,,CAMPO NOVO DE RONDONIA,
4356,2021-08-17 19:16:39.531,,,false,1100809,"(-8.79069995880127,-63.70050048828125)",Candeias do Jamari,,,21,,CANDEIAS DO JAMARI,
4357,2021-08-17 19:16:40.314,,,false,1100908,"(-11.425299644470215,-61.94820022583008)",Castanheiras,,,21,,CASTANHEIRAS,
4359,2021-08-17 19:16:41.876,,,false,1100924,"(-12.561100006103516,-60.887699127197266)",Chupinguaia,,,21,,CHUPINGUAIA,
4360,2021-08-17 19:16:42.649,,,false,1100064,"(-13.117400169372559,-60.5453987121582)",Colorado do Oeste,,,21,,COLORADO DO OESTE,
4361,2021-08-17 19:16:43.422,,,false,1100072,"(-12.955100059509277,-60.89469909667969)",Corumbiara,,,21,,CORUMBIARA,
4362,2021-08-17 19:16:44.194,,,false,1100080,"(-12.436699867248535,-64.22799682617188)",Costa Marques,,,21,,COSTA MARQUES,
4364,2021-08-17 19:16:45.740,,,false,1100098,"(-11.526599884033203,-61.02519989013672)",Espigão d`Oeste,,,21,,ESPIGAO D`OESTE,
4365,2021-08-17 19:16:46.513,,,false,1101005,"(-10.609999656677246,-62.737098693847656)",Governador Jorge Teixeira,,,21,,GOVERNADOR JORGE TEIXEIRA,
4366,2021-08-17 19:16:47.285,,,false,1100106,"(-10.788900375366211,-65.32959747314453)",Guajará-Mirim,,,21,,GUAJARA-MIRIM,
4368,2021-08-17 19:16:48.831,,,false,1100114,"(-10.43179988861084,-62.47880172729492)",Jaru,,,21,,JARU,
4369,2021-08-17 19:16:49.603,,,false,1100122,"(-10.877699851989746,-61.93220138549805)",Ji-Paraná,,,21,,JI-PARANA,
4370,2021-08-17 19:16:50.376,,,false,1100130,"(-9.44363021850586,-61.9818000793457)",Machadinho d`Oeste,,,21,,MACHADINHO D`OESTE,
4371,2021-08-17 19:16:51.149,,,false,1101203,"(-11.196000099182129,-61.517398834228516)",Ministro Andreazza,,,21,,MINISTRO ANDREAZZA,
4373,2021-08-17 19:16:52.693,,,false,1101401,"(-10.245800018310547,-63.290000915527344)",Monte Negro,,,21,,MONTE NEGRO,
4374,2021-08-17 19:16:53.467,,,false,1100148,"(-11.724699974060059,-62.31269836425781)",Nova Brasilândia d`Oeste,,,21,,NOVA BRASILANDIA D`OESTE,
4375,2021-08-17 19:16:54.246,,,false,1100338,"(-10.407699584960938,-65.33460235595703)",Nova Mamoré,,,21,,NOVA MAMORE,
4376,2021-08-17 19:16:55.018,,,false,1101435,"(-10.906800270080566,-62.556400299072266)",Nova União,,,21,,NOVA UNIAO,
4378,2021-08-17 19:16:56.564,,,false,1100155,"(-10.716699600219727,-62.256500244140625)",Ouro Preto do Oeste,,,21,,OURO PRETO DO OESTE,
4379,2021-08-17 19:16:57.337,,,false,1101450,"(-12.175399780273438,-61.60319900512695)",Parecis,,,21,,PARECIS,
4380,2021-08-17 19:16:58.110,,,false,1100189,"(-11.67199993133545,-61.198001861572266)",Pimenta Bueno,,,21,,PIMENTA BUENO,
4381,2021-08-17 19:16:58.888,,,false,1101468,"(-13.4822998046875,-61.04710006713867)",Pimenteiras do Oeste,,,21,,PIMENTEIRAS DO OESTE,
4383,2021-08-17 19:17:00.432,,,false,1100254,"(-11.168999671936035,-61.89860153198242)",Presidente Médici,,,21,,PRESIDENTE MEDICI,
4384,2021-08-17 19:17:01.204,,,false,1101476,"(-11.829500198364258,-61.31529998779297)",Primavera de Rondônia,,,21,,PRIMAVERA DE RONDONIA,
4385,2021-08-17 19:17:01.977,,,false,1100262,"(-9.699649810791016,-62.901100158691406)",Rio Crespo,,,21,,RIO CRESPO,
4387,2021-08-17 19:17:03.525,,,false,1100296,"(-11.907400131225586,-61.7776985168457)",Santa Luzia d`Oeste,,,21,,SANTA LUZIA D`OESTE,
4388,2021-08-17 19:17:04.300,,,false,1101484,"(-11.902299880981445,-61.502601623535156)",São Felipe d`Oeste,,,21,,SAO FELIPE D`OESTE,
4389,2021-08-17 19:17:05.077,,,false,1101492,"(-12.052000045776367,-63.56800079345703)",São Francisco do Guaporé,,,21,,SAO FRANCISCO DO GUAPORE,
4391,2021-08-17 19:17:06.623,,,false,1101500,"(-11.805500030517578,-63.0181999206543)",Seringueiras,,,21,,SERINGUEIRAS,
4392,2021-08-17 19:17:07.395,,,false,1101559,"(-10.905599594116211,-62.242000579833984)",Teixeirópolis,,,21,,TEIXEIROPOLIS,
4393,2021-08-17 19:17:08.168,,,false,1101609,"(-10.248299598693848,-62.35380172729492)",Theobroma,,,21,,THEOBROMA,
4394,2021-08-17 19:17:08.951,,,false,1101708,"(-11.126099586486816,-62.36389923095703)",Urupá,,,21,,URUPA,
4395,2021-08-17 19:17:09.725,,,false,1101757,"(-9.862150192260742,-62.187599182128906)",Vale do Anari,,,21,,VALE DO ANARI,
4397,2021-08-17 19:17:11.270,,,false,1100304,"(-12.750200271606445,-60.148799896240234)",Vilhena,,,21,,VILHENA,
4398,2021-08-17 19:17:12.042,,,false,1400050,"(2.9885799884796143,-61.30720138549805)",Alto Alegre,,,22,,ALTO ALEGRE,
4399,2021-08-17 19:17:12.817,,,false,1400027,"(3.645709991455078,-61.36920166015625)",Amajari,,,22,,AMAJARI,
4400,2021-08-17 19:17:13.591,,,false,1400100,"(2.8238399028778076,-60.67530059814453)",Boa Vista,,,22,,BOA VISTA,
4401,2021-08-17 19:17:14.363,,,false,1400159,"(3.361609935760498,-59.83330154418945)",Bonfim,,,22,,BONFIM,
4402,2021-08-17 19:17:15.135,,,false,1400175,"(2.6099400520324707,-60.60580062866211)",Cantá,,,22,,CANTA,
4404,2021-08-17 19:17:16.681,,,false,1400233,"(0.8842030167579651,-59.695899963378906)",Caroebe,,,22,,CAROEBE,
4405,2021-08-17 19:17:17.453,,,false,1400282,"(2.1830499172210693,-61.041500091552734)",Iracema,,,22,,IRACEMA,
4406,2021-08-17 19:17:18.227,,,false,1400308,"(2.4399800300598145,-60.90959930419922)",Mucajaí,,,22,,MUCAJAI,
4407,2021-08-17 19:17:19.007,,,false,1400407,"(3.8852999210357666,-59.620399475097656)",Normandia,,,22,,NORMANDIA,
4408,2021-08-17 19:17:19.781,,,false,1400456,"(4.479899883270264,-61.147701263427734)",Pacaraima,,,22,,PACARAIMA,
4410,2021-08-17 19:17:21.326,,,false,1400506,"(0.9516590237617493,-59.913299560546875)",São João da Baliza,,,22,,SAO JOAO DA BALIZA,
4341,2021-08-17 19:16:27.927,,,false,4323606,"(-28.805200576782227,-51.794700622558594)",Vista Alegre do Prata,,,23,,VISTA ALEGRE DO PRATA,16
4344,2021-08-17 19:16:30.250,,,false,4323770,"(-29.426300048828125,-51.76449966430664)",Westfália,,,23,,WESTFALIA,18
4411,2021-08-17 19:17:22.098,,,false,1400605,"(1.0101900100708008,-60.041900634765625)",São Luiz,,,22,,SAO LUIZ,
4412,2021-08-17 19:17:22.871,,,false,1400704,"(4.603139877319336,-60.18149948120117)",Uiramutã,,,22,,UIRAMUTA,
4419,2021-08-17 19:17:28.283,,,false,4200556,"(-26.8794002532959,-52.8568000793457)",Águas Frias,,,24,,AGUAS FRIAS,1
4422,2021-08-17 19:17:30.600,,,false,4200754,"(-27.433300018310547,-51.90439987182617)",Alto Bela Vista,,,24,,ALTO BELA VISTA,1
4457,2021-08-17 19:17:57.669,,,false,4202800,"(-28.26810073852539,-49.170101165771484)",Braço do Norte,,,24,,BRACO DO NORTE,
4473,2021-08-17 19:18:10.034,,,false,4203956,"(-28.449800491333008,-48.96310043334961)",Capivari de Baixo,,,24,,CAPIVARI DE BAIXO,
4480,2021-08-17 19:18:15.447,,,false,4204251,"(-28.598600387573242,-49.333499908447266)",Cocal do Sul,,,24,,COCAL DO SUL,
4487,2021-08-17 19:18:20.855,,,false,4204608,"(-28.672300338745117,-49.37289810180664)",Criciúma,,,24,,CRICIUMA,
4496,2021-08-17 19:18:27.814,,,false,4205191,"(-28.986900329589844,-49.643001556396484)",Ermo,,,24,,ERMO,
4502,2021-08-17 19:18:32.452,,,false,4205456,"(-28.745399475097656,-49.47850036621094)",Forquilhinha,,,24,,FORQUILHINHA,
4506,2021-08-17 19:18:35.550,,,false,4205704,"(-28.02747917175293,-48.61909866333008)",Garopaba,,,24,,GAROPABA,
4510,2021-08-17 19:18:38.960,,,false,4206108,"(-28.18090057373047,-49.22520065307617)",Grão Pará,,,24,,GRAO PARA,
4511,2021-08-17 19:18:39.732,,,false,4206207,"(-28.32080078125,-49.042701721191406)",Gravatal,,,24,,GRAVATAL,
4521,2021-08-17 19:18:47.702,,,false,4207007,"(-28.713199615478516,-49.30870056152344)",Içara,,,24,,ICARA,
4523,2021-08-17 19:18:49.269,,,false,4207205,"(-28.333900451660156,-48.81700134277344)",Imaruí,,,24,,IMARUI,
4524,2021-08-17 19:18:50.054,,,false,4207304,"(-28.2283992767334,-48.66590118408203)",Imbituba,,,24,,IMBITUBA,
4545,2021-08-17 19:19:06.496,,,false,4208807,"(-28.614599227905273,-49.029598236083984)",Jaguaruna,,,24,,JAGUARUNA,
4554,2021-08-17 19:19:13.550,,,false,4209409,"(-28.48430061340332,-48.777198791503906)",Laguna,,,24,,LAGUNA,
4560,2021-08-17 19:19:18.257,,,false,4209854,"(-27.054500579833984,-52.069000244140625)",Lindóia do Sul,,,24,,LINDOIA DO SUL,1
4568,2021-08-17 19:19:24.654,,,false,4210407,"(-28.84630012512207,-49.46049880981445)",Maracajá,,,24,,MARACAJA,
4573,2021-08-17 19:19:28.471,,,false,4210803,"(-28.824399948120117,-49.63779830932617)",Meleiro,,,24,,MELEIRO,
4579,2021-08-17 19:19:33.212,,,false,4211207,"(-28.651100158691406,-49.21689987182617)",Morro da Fumaça,,,24,,MORRO DA FUMACA,
4587,2021-08-17 19:19:39.012,,,false,4211702,"(-28.34869956970215,-49.29859924316406)",Orleans,,,24,,ORLEANS,
4599,2021-08-17 19:19:50.936,,,false,4212254,"(-29.309900283813477,-49.72200012207031)",Passo de Torres,,,24,,PASSO DE TORRES,
4602,2021-08-17 19:19:53.112,,,false,4212403,"(-28.433900833129883,-49.19490051269531)",Pedras Grandes,,,24,,PEDRAS GRANDES,
4618,2021-08-17 19:20:04.740,,,false,4213807,"(-29.19179916381836,-49.95249938964844)",Praia Grande,,,24,,PRAIA GRANDE,
4630,2021-08-17 19:20:12.701,,,false,4214904,"(-28.124399185180664,-49.1068000793457)",Rio Fortuna,,,24,,RIO FORTUNA,
4635,2021-08-17 19:20:16.317,,,false,4215208,"(-26.68090057373047,-53.31719970703125)",Romelândia,,,24,,ROMELANDIA,1
4639,2021-08-17 19:20:19.236,,,false,4215455,"(-28.632600784301758,-49.132198333740234)",Sangão,,,24,,SANGAO,
4642,2021-08-17 19:20:21.419,,,false,4215604,"(-28.033100128173828,-49.132999420166016)",Santa Rosa de Lima,,,24,,SANTA ROSA DE LIMA,
4643,2021-08-17 19:20:22.140,,,false,4215653,"(-29.13129997253418,-49.710899353027344)",Santa Rosa do Sul,,,24,,SANTA ROSA DO SUL,
4658,2021-08-17 19:20:32.969,,,false,4216404,"(-29.21540069580078,-49.80939865112305)",São João do Sul,,,24,,SAO JOAO DO SUL,
4664,2021-08-17 19:20:37.303,,,false,4217006,"(-28.31439971923828,-49.180599212646484)",São Ludgero,,,24,,SAO LUDGERO,
4665,2021-08-17 19:20:38.026,,,false,4217105,"(-28.160900115966797,-48.986698150634766)",São Martinho,,,24,,SAO MARTINHO,
4674,2021-08-17 19:20:44.528,,,false,4217709,"(-29.107999801635742,-49.6328010559082)",Sombrio,,,24,,SOMBRIO,
4680,2021-08-17 19:20:48.862,,,false,4218103,"(-28.828699111938477,-49.84199905395508)",Timbé do Sul,,,24,,TIMBE DO SUL,
4685,2021-08-17 19:20:52.494,,,false,4218400,"(-28.553699493408203,-49.15650177001953)",Treze de Maio,,,24,,TREZE DE MAIO,
4688,2021-08-17 19:20:54.661,,,false,4218707,"(-28.47130012512207,-49.014400482177734)",Tubarão,,,24,,TUBARAO,
4690,2021-08-17 19:20:56.109,,,false,4218806,"(-28.927200317382812,-49.683101654052734)",Turvo,,,24,,TURVO,
4694,2021-08-17 19:20:58.997,,,false,4219002,"(-28.51799964904785,-49.32379913330078)",Urussanga,,,24,,URUSSANGA,
4706,2021-08-17 19:21:08.452,,,false,3500105,"(-21.68199920654297,-51.073699951171875)",Adamantina,,,26,,ADAMANTINA,
4708,2021-08-17 19:21:09.986,,,false,3500303,"(-22.057199478149414,-46.9734992980957)",Aguaí,,,26,,AGUAI,
4709,2021-08-17 19:21:10.759,,,false,3500402,"(-21.931900024414062,-46.71760177612305)",Águas da Prata,,,26,,AGUAS DA PRATA,
4710,2021-08-17 19:21:11.527,,,false,3500501,"(-22.47330093383789,-46.63140106201172)",Águas de Lindóia,,,26,,AGUAS DE LINDOIA,
4712,2021-08-17 19:21:13.064,,,false,3500600,"(-22.597700119018555,-47.8734016418457)",Águas de São Pedro,,,26,,AGUAS DE SAO PEDRO,
4713,2021-08-17 19:21:13.831,,,false,3500709,"(-22.46940040588379,-48.98630142211914)",Agudos,,,26,,AGUDOS,
4714,2021-08-17 19:21:14.596,,,false,3500758,"(-23.55030059814453,-47.89799880981445)",Alambari,,,26,,ALAMBARI,
4715,2021-08-17 19:21:15.364,,,false,3500808,"(-21.952699661254883,-51.41400146484375)",Alfredo Marcondes,,,26,,ALFREDO MARCONDES,
4716,2021-08-17 19:21:16.132,,,false,3500907,"(-20.524200439453125,-49.057098388671875)",Altair,,,26,,ALTAIR,
4718,2021-08-17 19:21:17.671,,,false,3501103,"(-21.581100463867188,-50.167999267578125)",Alto Alegre,,,26,,ALTO ALEGRE,
4719,2021-08-17 19:21:18.439,,,false,3501152,"(-23.53059959411621,-47.254600524902344)",Alumínio,,,26,,ALUMINIO,
4720,2021-08-17 19:21:19.207,,,false,3501202,"(-20.32029914855957,-49.914100646972656)",Álvares Florence,,,26,,ALVARES FLORENCE,
4722,2021-08-17 19:21:20.743,,,false,3501400,"(-22.0841007232666,-49.71900177001953)",Álvaro de Carvalho,,,26,,ALVARO DE CARVALHO,
4723,2021-08-17 19:21:21.514,,,false,3501509,"(-22.443500518798828,-49.762298583984375)",Alvinlândia,,,26,,ALVINLANDIA,
4724,2021-08-17 19:21:22.282,,,false,3501608,"(-22.73740005493164,-47.333099365234375)",Americana,,,26,,AMERICANA,
4725,2021-08-17 19:21:23.050,,,false,3501707,"(-21.72879981994629,-48.11470031738281)",Américo Brasiliense,,,26,,AMERICO BRASILIENSE,
4727,2021-08-17 19:21:24.583,,,false,3501905,"(-22.708799362182617,-46.77199935913086)",Amparo,,,26,,AMPARO,
4728,2021-08-17 19:21:25.350,,,false,3502002,"(-22.1289005279541,-47.66189956665039)",Analândia,,,26,,ANALANDIA,
4729,2021-08-17 19:21:26.119,,,false,3502101,"(-20.894800186157227,-51.37860107421875)",Andradina,,,26,,ANDRADINA,
4730,2021-08-17 19:21:26.883,,,false,3502200,"(-23.49169921875,-48.41389846801758)",Angatuba,,,26,,ANGATUBA,
4731,2021-08-17 19:21:27.643,,,false,3502309,"(-22.792999267578125,-48.13359832763672)",Anhembi,,,26,,ANHEMBI,
4733,2021-08-17 19:21:29.171,,,false,3502507,"(-22.84950065612793,-45.23249816894531)",Aparecida,,,26,,APARECIDA,
4734,2021-08-17 19:21:29.933,,,false,3502606,"(-20.448699951171875,-50.88349914550781)",Aparecida d`Oeste,,,26,,APARECIDA D`OESTE,
4735,2021-08-17 19:21:30.700,,,false,3502705,"(-24.510799407958984,-48.84429931640625)",Apiaí,,,26,,APIAI,
4736,2021-08-17 19:21:31.468,,,false,3502754,"(-23.436599731445312,-47.06079864501953)",Araçariguama,,,26,,ARACARIGUAMA,
4738,2021-08-17 19:21:32.994,,,false,3502903,"(-23.502899169921875,-47.616600036621094)",Araçoiaba da Serra,,,26,,ARACOIABA DA SERRA,
4739,2021-08-17 19:21:33.760,,,false,3503000,"(-20.088199615478516,-47.78730010986328)",Aramina,,,26,,ARAMINA,
4740,2021-08-17 19:21:34.560,,,false,3503109,"(-23.138599395751953,-49.04869842529297)",Arandu,,,26,,ARANDU,
4741,2021-08-17 19:21:35.322,,,false,3503158,"(-22.67169952392578,-44.44409942626953)",Arapeí,,,26,,ARAPEI,
4742,2021-08-17 19:21:36.085,,,false,3503208,"(-21.784500122070312,-48.178001403808594)",Araraquara,,,26,,ARARAQUARA,
4744,2021-08-17 19:21:37.612,,,false,3503356,"(-21.77280044555664,-50.465999603271484)",Arco-Íris,,,26,,ARCO-IRIS,
4745,2021-08-17 19:21:38.375,,,false,3503406,"(-22.0310001373291,-48.91350173950195)",Arealva,,,26,,AREALVA,
4746,2021-08-17 19:21:39.141,,,false,3503505,"(-22.57859992980957,-44.69919967651367)",Areias,,,26,,AREIAS,
4747,2021-08-17 19:21:39.904,,,false,3503604,"(-22.667200088500977,-48.66809844970703)",Areiópolis,,,26,,AREIOPOLIS,
4749,2021-08-17 19:21:41.432,,,false,3503802,"(-22.57270050048828,-47.172698974609375)",Artur Nogueira,,,26,,ARTUR NOGUEIRA,
4750,2021-08-17 19:21:42.196,,,false,3503901,"(-23.396499633789062,-46.31999969482422)",Arujá,,,26,,ARUJA,
4751,2021-08-17 19:21:42.960,,,false,3503950,"(-20.15999984741211,-50.72800064086914)",Aspásia,,,26,,ASPASIA,
4752,2021-08-17 19:21:43.723,,,false,3504008,"(-22.65999984741211,-50.41830062866211)",Assis,,,26,,ASSIS,
4753,2021-08-17 19:21:44.485,,,false,3504107,"(-23.11709976196289,-46.55630111694336)",Atibaia,,,26,,ATIBAIA,
4755,2021-08-17 19:21:46.010,,,false,3504305,"(-22.151399612426758,-49.335601806640625)",Avaí,,,26,,AVAI,
4756,2021-08-17 19:21:46.773,,,false,3504404,"(-21.45840072631836,-49.95090103149414)",Avanhandava,,,26,,AVANHANDAVA,
4757,2021-08-17 19:21:47.538,,,false,3504503,"(-23.106700897216797,-48.92509841918945)",Avaré,,,26,,AVARE,
4758,2021-08-17 19:21:48.301,,,false,3504602,"(-20.919700622558594,-49.438499450683594)",Bady Bassitt,,,26,,BADY BASSITT,
4759,2021-08-17 19:21:49.064,,,false,3504701,"(-21.896299362182617,-49.361900329589844)",Balbinos,,,26,,BALBINOS,
4761,2021-08-17 19:21:50.588,,,false,3504909,"(-22.681900024414062,-44.32809829711914)",Bananal,,,26,,BANANAL,
4762,2021-08-17 19:21:51.352,,,false,3505005,"(-23.628400802612305,-49.56340026855469)",Barão de Antonina,,,26,,BARAO DE ANTONINA,
4763,2021-08-17 19:21:52.113,,,false,3505104,"(-21.26569938659668,-49.95180130004883)",Barbosa,,,26,,BARBOSA,
4764,2021-08-17 19:21:52.886,,,false,3505203,"(-22.072999954223633,-48.74380111694336)",Bariri,,,26,,BARIRI,
4766,2021-08-17 19:21:54.410,,,false,3505351,"(-24.472200393676758,-49.023799896240234)",Barra do Chapéu,,,26,,BARRA DO CHAPEU,
4769,2021-08-17 19:21:56.707,,,false,3505609,"(-21.186399459838867,-48.16360092163086)",Barrinha,,,26,,BARRINHA,
4770,2021-08-17 19:21:57.470,,,false,3505708,"(-23.505699157714844,-46.87900161743164)",Barueri,,,26,,BARUERI,
4771,2021-08-17 19:21:58.234,,,false,3505807,"(-21.92099952697754,-50.73569869995117)",Bastos,,,26,,BASTOS,
4772,2021-08-17 19:21:58.997,,,false,3505906,"(-20.892900466918945,-47.592098236083984)",Batatais,,,26,,BATATAIS,
4773,2021-08-17 19:21:59.760,,,false,3506003,"(-22.324600219726562,-49.087100982666016)",Bauru,,,26,,BAURU,
4775,2021-08-17 19:22:01.287,,,false,3506201,"(-21.268600463867188,-50.81399917602539)",Bento de Abreu,,,26,,BENTO DE ABREU,
4776,2021-08-17 19:22:02.054,,,false,3506300,"(-23.016399383544922,-49.467899322509766)",Bernardino de Campos,,,26,,BERNARDINO DE CAMPOS,
4777,2021-08-17 19:22:02.818,,,false,3506359,"(-23.848600387573242,-46.13959884643555)",Bertioga,,,26,,BERTIOGA,
4781,2021-08-17 19:22:04.347,,,false,3506706,"(-21.99180030822754,-48.39059829711914)",Boa Esperança do Sul,,,26,,BOA ESPERANCA DO SUL,
4782,2021-08-17 19:22:05.111,,,false,3506805,"(-22.136499404907227,-48.52299880981445)",Bocaina,,,26,,BOCAINA,
4786,2021-08-17 19:22:08.166,,,false,3507159,"(-24.315500259399414,-49.14509963989258)",Bom Sucesso de Itararé,,,26,,BOM SUCESSO DE ITARARE,
4787,2021-08-17 19:22:08.930,,,false,3507209,"(-22.26959991455078,-50.54090118408203)",Borá,,,26,,BORA,
4788,2021-08-17 19:22:09.692,,,false,3507308,"(-22.19260025024414,-48.780799865722656)",Boracéia,,,26,,BORACEIA,
4789,2021-08-17 19:22:10.457,,,false,3507407,"(-21.621400833129883,-49.074100494384766)",Borborema,,,26,,BORBOREMA,
4790,2021-08-17 19:22:11.220,,,false,3507456,"(-22.572799682617188,-48.970699310302734)",Borebi,,,26,,BOREBI,
4791,2021-08-17 19:22:11.983,,,false,3507506,"(-22.883699417114258,-48.44369888305664)",Botucatu,,,26,,BOTUCATU,
4793,2021-08-17 19:22:13.514,,,false,3507704,"(-21.499000549316406,-50.317501068115234)",Braúna,,,26,,BRAUNA,
4794,2021-08-17 19:22:14.278,,,false,3507753,"(-21.16510009765625,-50.186100006103516)",Brejo Alegre,,,26,,BREJO ALEGRE,
4795,2021-08-17 19:22:15.041,,,false,3507803,"(-20.984500885009766,-47.65719985961914)",Brodowski,,,26,,BRODOWSKI,
4796,2021-08-17 19:22:15.804,,,false,3507902,"(-22.279499053955078,-48.125099182128906)",Brotas,,,26,,BROTAS,
4797,2021-08-17 19:22:16.566,,,false,3508009,"(-23.797700881958008,-48.59579849243164)",Buri,,,26,,BURI,
4799,2021-08-17 19:22:18.094,,,false,3508207,"(-20.191099166870117,-47.709598541259766)",Buritizal,,,26,,BURITIZAL,
4800,2021-08-17 19:22:18.858,,,false,3508306,"(-22.457599639892578,-49.339298248291016)",Cabrália Paulista,,,26,,CABRALIA PAULISTA,
4801,2021-08-17 19:22:19.621,,,false,3508405,"(-23.305299758911133,-47.136199951171875)",Cabreúva,,,26,,CABREUVA,
4803,2021-08-17 19:22:21.145,,,false,3508603,"(-22.666500091552734,-45.01539993286133)",Cachoeira Paulista,,,26,,CACHOEIRA PAULISTA,
4804,2021-08-17 19:22:21.910,,,false,3508702,"(-21.527999877929688,-46.643699645996094)",Caconde,,,26,,CACONDE,
4805,2021-08-17 19:22:22.672,,,false,3508801,"(-21.8031005859375,-49.60919952392578)",Cafelândia,,,26,,CAFELANDIA,
4806,2021-08-17 19:22:23.436,,,false,3508900,"(-22.012699127197266,-51.23939895629883)",Caiabu,,,26,,CAIABU,
4807,2021-08-17 19:22:24.201,,,false,3509007,"(-23.360700607299805,-46.73970031738281)",Caieiras,,,26,,CAIEIRAS,
4809,2021-08-17 19:22:25.725,,,false,3509205,"(-23.354999542236328,-46.87810134887695)",Cajamar,,,26,,CAJAMAR,
4810,2021-08-17 19:22:26.487,,,false,3509254,"(-24.73240089416504,-48.12229919433594)",Cajati,,,26,,CAJATI,
4811,2021-08-17 19:22:27.250,,,false,3509304,"(-20.877300262451172,-48.80630111694336)",Cajobi,,,26,,CAJOBI,
4812,2021-08-17 19:22:28.014,,,false,3509403,"(-21.274900436401367,-47.303001403808594)",Cajuru,,,26,,CAJURU,
4814,2021-08-17 19:22:29.538,,,false,3509502,"(-22.90530014038086,-47.06589889526367)",Campinas,,,26,,CAMPINAS,
4815,2021-08-17 19:22:30.299,,,false,3509601,"(-23.207799911499023,-46.78889846801758)",Campo Limpo Paulista,,,26,,CAMPO LIMPO PAULISTA,
4816,2021-08-17 19:22:31.062,,,false,3509700,"(-22.72960090637207,-45.58330154418945)",Campos do Jordão,,,26,,CAMPOS DO JORDAO,
4817,2021-08-17 19:22:31.831,,,false,3509809,"(-22.601999282836914,-49.99869918823242)",Campos Novos Paulista,,,26,,CAMPOS NOVOS PAULISTA,
4819,2021-08-17 19:22:33.357,,,false,3509957,"(-22.700300216674805,-45.052101135253906)",Canas,,,26,,CANAS,
4820,2021-08-17 19:22:34.120,,,false,3510005,"(-22.747100830078125,-50.387298583984375)",Cândido Mota,,,26,,CANDIDO MOTA,
4821,2021-08-17 19:22:34.880,,,false,3510104,"(-21.327499389648438,-48.6327018737793)",Cândido Rodrigues,,,26,,CANDIDO RODRIGUES,
4822,2021-08-17 19:22:35.645,,,false,3510153,"(-23.003999710083008,-49.78390121459961)",Canitar,,,26,,CANITAR,
4823,2021-08-17 19:22:36.408,,,false,3510203,"(-24.01129913330078,-48.348201751708984)",Capão Bonito,,,26,,CAPAO BONITO,
4825,2021-08-17 19:22:37.932,,,false,3510401,"(-22.995100021362305,-47.50709915161133)",Capivari,,,26,,CAPIVARI,
4826,2021-08-17 19:22:38.695,,,false,3510500,"(-23.612499237060547,-45.412498474121094)",Caraguatatuba,,,26,,CARAGUATATUBA,
4827,2021-08-17 19:22:39.459,,,false,3510609,"(-23.523500442504883,-46.8406982421875)",Carapicuíba,,,26,,CARAPICUIBA,
4828,2021-08-17 19:22:40.221,,,false,3510708,"(-20.079999923706055,-49.91830062866211)",Cardoso,,,26,,CARDOSO,
4830,2021-08-17 19:22:41.746,,,false,3510906,"(-21.280099868774414,-47.16429901123047)",Cássia dos Coqueiros,,,26,,CASSIA DOS COQUEIROS,
4831,2021-08-17 19:22:42.508,,,false,3511003,"(-20.868900299072266,-51.488399505615234)",Castilho,,,26,,CASTILHO,
4832,2021-08-17 19:22:43.268,,,false,3511102,"(-21.131399154663086,-48.97700119018555)",Catanduva,,,26,,CATANDUVA,
4833,2021-08-17 19:22:44.032,,,false,3511201,"(-21.05190086364746,-49.06159973144531)",Catiguá,,,26,,CATIGUA,
4835,2021-08-17 19:22:45.556,,,false,3511409,"(-23.038000106811523,-49.16550064086914)",Cerqueira César,,,26,,CERQUEIRA CESAR,
4836,2021-08-17 19:22:46.322,,,false,3511508,"(-23.166500091552734,-47.74589920043945)",Cerquilho,,,26,,CERQUILHO,
4837,2021-08-17 19:22:47.085,,,false,3511607,"(-23.22599983215332,-47.954498291015625)",Cesário Lange,,,26,,CESARIO LANGE,
4838,2021-08-17 19:22:47.847,,,false,3511706,"(-22.509599685668945,-47.7755012512207)",Charqueada,,,26,,CHARQUEADA,
4840,2021-08-17 19:22:49.373,,,false,3511904,"(-21.560400009155273,-50.45249938964844)",Clementina,,,26,,CLEMENTINA,
4841,2021-08-17 19:22:50.136,,,false,3512001,"(-20.71139907836914,-48.538700103759766)",Colina,,,26,,COLINA,
4842,2021-08-17 19:22:50.900,,,false,3512100,"(-20.176799774169922,-48.686500549316406)",Colômbia,,,26,,COLOMBIA,
4844,2021-08-17 19:22:52.424,,,false,3512308,"(-23.015399932861328,-48.01340103149414)",Conchas,,,26,,CONCHAS,
4845,2021-08-17 19:22:53.187,,,false,3512407,"(-22.477800369262695,-47.451900482177734)",Cordeirópolis,,,26,,CORDEIROPOLIS,
4846,2021-08-17 19:22:53.951,,,false,3512506,"(-21.352100372314453,-50.2859001159668)",Coroados,,,26,,COROADOS,
4847,2021-08-17 19:22:54.721,,,false,3512605,"(-23.626100540161133,-49.310001373291016)",Coronel Macedo,,,26,,CORONEL MACEDO,
4849,2021-08-17 19:22:56.248,,,false,3512803,"(-22.64189910888672,-47.19260025024414)",Cosmópolis,,,26,,COSMOPOLIS,
4850,2021-08-17 19:22:57.012,,,false,3512902,"(-20.475500106811523,-49.78269958496094)",Cosmorama,,,26,,COSMORAMA,
4851,2021-08-17 19:22:57.776,,,false,3513009,"(-23.60219955444336,-46.91899871826172)",Cotia,,,26,,COTIA,
4852,2021-08-17 19:22:58.540,,,false,3513108,"(-21.33799934387207,-47.732398986816406)",Cravinhos,,,26,,CRAVINHOS,
4854,2021-08-17 19:23:00.069,,,false,3513306,"(-22.737300872802734,-50.79090118408203)",Cruzália,,,26,,CRUZALIA,
4855,2021-08-17 19:23:00.832,,,false,3513405,"(-22.572799682617188,-44.96900177001953)",Cruzeiro,,,26,,CRUZEIRO,
4856,2021-08-17 19:23:01.596,,,false,3513504,"(-23.89109992980957,-46.42399978637695)",Cubatão,,,26,,CUBATAO,
4858,2021-08-17 19:23:03.122,,,false,3513702,"(-21.90019989013672,-47.618099212646484)",Descalvado,,,26,,DESCALVADO,
4860,2021-08-17 19:23:04.656,,,false,3513850,"(-20.46419906616211,-50.6072998046875)",Dirce Reis,,,26,,DIRCE REIS,
4861,2021-08-17 19:23:05.419,,,false,3513900,"(-21.663700103759766,-46.73609924316406)",Divinolândia,,,26,,DIVINOLANDIA,
4862,2021-08-17 19:23:06.183,,,false,3514007,"(-21.515499114990234,-48.39350128173828)",Dobrada,,,26,,DOBRADA,
4863,2021-08-17 19:23:06.944,,,false,3514106,"(-22.367300033569336,-48.381900787353516)",Dois Córregos,,,26,,DOIS CORREGOS,
4865,2021-08-17 19:23:08.469,,,false,3514304,"(-22.104400634765625,-48.31779861450195)",Dourado,,,26,,DOURADO,
4866,2021-08-17 19:23:09.232,,,false,3514403,"(-21.48430061340332,-51.53499984741211)",Dracena,,,26,,DRACENA,
4867,2021-08-17 19:23:09.995,,,false,3514502,"(-22.414600372314453,-49.40840148925781)",Duartina,,,26,,DUARTINA,
4868,2021-08-17 19:23:10.757,,,false,3514601,"(-21.23240089416504,-47.97560119628906)",Dumont,,,26,,DUMONT,
4869,2021-08-17 19:23:11.519,,,false,3514700,"(-22.432600021362305,-50.203800201416016)",Echaporã,,,26,,ECHAPORA,
4871,2021-08-17 19:23:13.046,,,false,3514908,"(-23.042800903320312,-47.36819839477539)",Elias Fausto,,,26,,ELIAS FAUSTO,
4872,2021-08-17 19:23:13.809,,,false,3514924,"(-21.167800903320312,-49.114601135253906)",Elisiário,,,26,,ELISIARIO,
4873,2021-08-17 19:23:14.572,,,false,3514957,"(-20.97960090637207,-48.83250045776367)",Embaúba,,,26,,EMBAUBA,
4874,2021-08-17 19:23:15.336,,,false,3515004,"(-23.643699645996094,-46.8578987121582)",Embu,,,26,,EMBU,
4876,2021-08-17 19:23:16.859,,,false,3515129,"(-21.83139991760254,-51.48320007324219)",Emilianópolis,,,26,,EMILIANOPOLIS,
4877,2021-08-17 19:23:17.623,,,false,3515152,"(-22.483600616455078,-47.21099853515625)",Engenheiro Coelho,,,26,,ENGENHEIRO COELHO,
4878,2021-08-17 19:23:18.389,,,false,3515186,"(-22.190900802612305,-46.74769973754883)",Espírito Santo do Pinhal,,,26,,ESPIRITO SANTO DO PINHAL,
4880,2021-08-17 19:23:19.916,,,false,3557303,"(-22.271299362182617,-46.94810104370117)",Estiva Gerbi,,,26,,ESTIVA GERBI,
4881,2021-08-17 19:23:20.680,,,false,3515202,"(-20.287500381469727,-50.40489959716797)",Estrela d`Oeste,,,26,,ESTRELA D`OESTE,
4882,2021-08-17 19:23:21.443,,,false,3515301,"(-22.48590087890625,-51.66320037841797)",Estrela do Norte,,,26,,ESTRELA DO NORTE,
4884,2021-08-17 19:23:22.969,,,false,3515400,"(-23.391599655151367,-49.51240158081055)",Fartura,,,26,,FARTURA,
4885,2021-08-17 19:23:23.733,,,false,3515608,"(-21.26609992980957,-48.687400817871094)",Fernando Prestes,,,26,,FERNANDO PRESTES,
4886,2021-08-17 19:23:24.496,,,false,3515509,"(-20.28059959411621,-50.247100830078125)",Fernandópolis,,,26,,FERNANDOPOLIS,
4887,2021-08-17 19:23:25.259,,,false,3515657,"(-22.360700607299805,-49.518699645996094)",Fernão,,,26,,FERNAO,
4888,2021-08-17 19:23:26.023,,,false,3515707,"(-23.54105567932129,-46.3709716796875)",Ferraz de Vasconcelos,,,26,,FERRAZ DE VASCONCELOS,
4889,2021-08-17 19:23:26.786,,,false,3515806,"(-21.672700881958008,-51.38209915161133)",Flora Rica,,,26,,FLORA RICA,
4891,2021-08-17 19:23:28.313,,,false,3516002,"(-21.612699508666992,-51.172401428222656)",Flórida Paulista,,,26,,FLORIDA PAULISTA,
4892,2021-08-17 19:23:29.077,,,false,3516101,"(-22.868000030517578,-50.681373596191406)",Florínia,,,26,,FLORINIA,
4893,2021-08-17 19:23:29.837,,,false,3516200,"(-20.535200119018555,-47.403900146484375)",Franca,,,26,,FRANCA,
4894,2021-08-17 19:23:30.601,,,false,3516309,"(-23.279199600219727,-46.74480056762695)",Francisco Morato,,,26,,FRANCISCO MORATO,
4896,2021-08-17 19:23:32.127,,,false,3516507,"(-21.529399871826172,-50.55730056762695)",Gabriel Monteiro,,,26,,GABRIEL MONTEIRO,
4897,2021-08-17 19:23:32.890,,,false,3516606,"(-22.291799545288086,-49.55039978027344)",Gália,,,26,,GALIA,
4898,2021-08-17 19:23:33.654,,,false,3516705,"(-22.212499618530273,-49.654598236083984)",Garça,,,26,,GARCA,
4899,2021-08-17 19:23:34.418,,,false,3516804,"(-20.7947998046875,-50.191200256347656)",Gastão Vidigal,,,26,,GASTAO VIDIGAL,
4901,2021-08-17 19:23:35.944,,,false,3516903,"(-20.648500442504883,-50.36399841308594)",General Salgado,,,26,,GENERAL SALGADO,
4902,2021-08-17 19:23:36.707,,,false,3517000,"(-21.796100616455078,-49.93119812011719)",Getulina,,,26,,GETULINA,
4903,2021-08-17 19:23:37.471,,,false,3517109,"(-21.381200790405273,-50.21229934692383)",Glicério,,,26,,GLICERIO,
4904,2021-08-17 19:23:38.239,,,false,3517208,"(-21.61949920654297,-49.801300048828125)",Guaiçara,,,26,,GUAICARA,
4905,2021-08-17 19:23:39.007,,,false,3517307,"(-21.909099578857422,-49.89860153198242)",Guaimbê,,,26,,GUAIMBE,
4906,2021-08-17 19:23:39.771,,,false,3517406,"(-20.319599151611328,-48.3120002746582)",Guaíra,,,26,,GUAIRA,
4909,2021-08-17 19:23:42.067,,,false,3517703,"(-20.430200576782227,-47.82360076904297)",Guará,,,26,,GUARA,
4910,2021-08-17 19:23:42.830,,,false,3517802,"(-21.029199600219727,-51.21189880371094)",Guaraçaí,,,26,,GUARACAI,
4911,2021-08-17 19:23:43.591,,,false,3517901,"(-20.497699737548828,-48.9390983581543)",Guaraci,,,26,,GUARACI,
4913,2021-08-17 19:23:45.118,,,false,3518107,"(-21.89419937133789,-49.591400146484375)",Guarantã,,,26,,GUARANTA,
4914,2021-08-17 19:23:45.881,,,false,3518206,"(-21.2544002532959,-50.645301818847656)",Guararapes,,,26,,GUARARAPES,
4915,2021-08-17 19:23:46.645,,,false,3518305,"(-23.41119956970215,-46.03689956665039)",Guararema,,,26,,GUARAREMA,
4916,2021-08-17 19:23:47.408,,,false,3518404,"(-22.8075008392334,-45.19380187988281)",Guaratinguetá,,,26,,GUARATINGUETA,
4918,2021-08-17 19:23:48.937,,,false,3518602,"(-21.359399795532227,-48.23160171508789)",Guariba,,,26,,GUARIBA,
4919,2021-08-17 19:23:49.700,,,false,3518701,"(-23.988800048828125,-46.257999420166016)",Guarujá,,,26,,GUARUJA,
4920,2021-08-17 19:23:50.464,,,false,3518800,"(-23.453800201416016,-46.53329849243164)",Guarulhos,,,26,,GUARULHOS,
4921,2021-08-17 19:23:51.227,,,false,3518859,"(-21.494400024414062,-48.03559875488281)",Guatapará,,,26,,GUATAPARA,
4923,2021-08-17 19:23:52.754,,,false,3519006,"(-22.003799438476562,-50.39070129394531)",Herculândia,,,26,,HERCULANDIA,
4924,2021-08-17 19:23:53.514,,,false,3519055,"(-22.640499114990234,-47.04869842529297)",Holambra,,,26,,HOLAMBRA,
4925,2021-08-17 19:23:54.280,,,false,3519071,"(-22.8528995513916,-47.214298248291016)",Hortolândia,,,26,,HORTOLANDIA,
4928,2021-08-17 19:23:55.043,,,false,3519253,"(-22.868200302124023,-49.16339874267578)",Iaras,,,26,,IARAS,
4929,2021-08-17 19:23:55.808,,,false,3519303,"(-21.95840072631836,-47.98820114135742)",Ibaté,,,26,,IBATE,
4930,2021-08-17 19:23:56.569,,,false,3519402,"(-21.08300018310547,-49.24480056762695)",Ibirá,,,26,,IBIRA,
4932,2021-08-17 19:23:58.095,,,false,3519600,"(-21.756200790405273,-48.83190155029297)",Ibitinga,,,26,,IBITINGA,
4933,2021-08-17 19:23:58.859,,,false,3519709,"(-23.65959930419922,-47.222999572753906)",Ibiúna,,,26,,IBIUNA,
4934,2021-08-17 19:23:59.622,,,false,3519808,"(-20.339099884033203,-49.19150161743164)",Icém,,,26,,ICEM,
4935,2021-08-17 19:24:00.382,,,false,3519907,"(-22.660200119018555,-51.07789993286133)",Iepê,,,26,,IEPE,
4937,2021-08-17 19:24:01.910,,,false,3520103,"(-20.040700912475586,-47.74660110473633)",Igarapava,,,26,,IGARAPAVA,
4938,2021-08-17 19:24:02.672,,,false,3520202,"(-23.203699111938477,-46.15700149536133)",Igaratá,,,26,,IGARATA,
4939,2021-08-17 19:24:03.436,,,false,3520301,"(-24.698999404907227,-47.5536994934082)",Iguape,,,26,,IGUAPE,
4940,2021-08-17 19:24:04.200,,,false,3520426,"(-24.73069953918457,-47.538299560546875)",Ilha Comprida,,,26,,ILHA COMPRIDA,
4941,2021-08-17 19:24:04.961,,,false,3520442,"(-20.432600021362305,-51.34260177612305)",Ilha Solteira,,,26,,ILHA SOLTEIRA,
4943,2021-08-17 19:24:06.483,,,false,3520509,"(-23.081600189208984,-47.21009826660156)",Indaiatuba,,,26,,INDAIATUBA,
4944,2021-08-17 19:24:07.243,,,false,3520608,"(-22.173799514770508,-51.25550079345703)",Indiana,,,26,,INDIANA,
4945,2021-08-17 19:24:08.007,,,false,3520707,"(-19.979000091552734,-50.29090118408203)",Indiaporã,,,26,,INDIAPORA,
4946,2021-08-17 19:24:08.770,,,false,3520806,"(-21.769500732421875,-50.96329879760742)",Inúbia Paulista,,,26,,INUBIA PAULISTA,
4947,2021-08-17 19:24:09.533,,,false,3520905,"(-23.0575008392334,-49.627899169921875)",Ipaussu,,,26,,IPAUSSU,
4949,2021-08-17 19:24:11.060,,,false,3521101,"(-22.43549919128418,-47.7150993347168)",Ipeúna,,,26,,IPEUNA,
4950,2021-08-17 19:24:11.823,,,false,3521150,"(-20.65570068359375,-49.38420104980469)",Ipiguá,,,26,,IPIGUA,
4951,2021-08-17 19:24:12.586,,,false,3521200,"(-24.584699630737305,-48.59709930419922)",Iporanga,,,26,,IPORANGA,
4952,2021-08-17 19:24:13.350,,,false,3521309,"(-20.44379997253418,-48.012901306152344)",Ipuã,,,26,,IPUA,
4954,2021-08-17 19:24:14.877,,,false,3521507,"(-21.27680015563965,-49.41640090942383)",Irapuã,,,26,,IRAPUA,
4955,2021-08-17 19:24:15.644,,,false,3521606,"(-21.56839942932129,-51.347198486328125)",Irapuru,,,26,,IRAPURU,
4956,2021-08-17 19:24:16.408,,,false,3521705,"(-23.863800048828125,-49.13999938964844)",Itaberá,,,26,,ITABERA,
4957,2021-08-17 19:24:17.172,,,false,3521804,"(-23.421300888061523,-49.09199905395508)",Itaí,,,26,,ITAI,
4958,2021-08-17 19:24:17.935,,,false,3521903,"(-21.312299728393555,-49.06290054321289)",Itajobi,,,26,,ITAJOBI,
4959,2021-08-17 19:24:18.698,,,false,3522000,"(-21.985700607299805,-48.81159973144531)",Itaju,,,26,,ITAJU,
4961,2021-08-17 19:24:20.227,,,false,3522158,"(-24.639299392700195,-48.84130096435547)",Itaóca,,,26,,ITAOCA,
4962,2021-08-17 19:24:21.016,,,false,3522208,"(-23.716100692749023,-46.857200622558594)",Itapecerica da Serra,,,26,,ITAPECERICA DA SERRA,
4963,2021-08-17 19:24:21.779,,,false,3522307,"(-23.588600158691406,-48.048301696777344)",Itapetininga,,,26,,ITAPETININGA,
4964,2021-08-17 19:24:22.543,,,false,3522406,"(-23.97879981994629,-48.876399993896484)",Itapeva,,,26,,ITAPEVA,
4966,2021-08-17 19:24:24.076,,,false,3522604,"(-22.435699462890625,-46.8223991394043)",Itapira,,,26,,ITAPIRA,
4967,2021-08-17 19:24:24.840,,,false,3522653,"(-24.57200050354004,-49.166099548339844)",Itapirapuã Paulista,,,26,,ITAPIRAPUA PAULISTA,
4968,2021-08-17 19:24:25.604,,,false,3522703,"(-21.594200134277344,-48.81489944458008)",Itápolis,,,26,,ITAPOLIS,
4969,2021-08-17 19:24:26.367,,,false,3522802,"(-23.704299926757812,-49.48189926147461)",Itaporanga,,,26,,ITAPORANGA,
4970,2021-08-17 19:24:27.130,,,false,3522901,"(-22.23240089416504,-48.71969985961914)",Itapuí,,,26,,ITAPUI,
4972,2021-08-17 19:24:28.657,,,false,3523107,"(-23.48349952697754,-46.345699310302734)",Itaquaquecetuba,,,26,,ITAQUAQUECETUBA,
4973,2021-08-17 19:24:29.419,,,false,3523206,"(-24.10849952697754,-49.335201263427734)",Itararé,,,26,,ITARARE,
4974,2021-08-17 19:24:30.183,,,false,3523305,"(-24.28339958190918,-47.17359924316406)",Itariri,,,26,,ITARIRI,
4975,2021-08-17 19:24:30.944,,,false,3523404,"(-23.00349998474121,-46.84640121459961)",Itatiba,,,26,,ITATIBA,
4977,2021-08-17 19:24:32.471,,,false,3523602,"(-22.256200790405273,-47.81660079956055)",Itirapina,,,26,,ITIRAPINA,
4978,2021-08-17 19:24:33.234,,,false,3523701,"(-20.641599655151367,-47.219398498535156)",Itirapuã,,,26,,ITIRAPUA,
4979,2021-08-17 19:24:33.997,,,false,3523800,"(-21.730899810791016,-46.974300384521484)",Itobi,,,26,,ITOBI,
4980,2021-08-17 19:24:34.761,,,false,3523909,"(-23.2544002532959,-47.292701721191406)",Itu,,,26,,ITU,
4982,2021-08-17 19:24:36.288,,,false,3524105,"(-20.335500717163086,-47.790199279785156)",Ituverava,,,26,,ITUVERAVA,
4983,2021-08-17 19:24:37.051,,,false,3524204,"(-20.688400268554688,-48.41120147705078)",Jaborandi,,,26,,JABORANDI,
4984,2021-08-17 19:24:37.814,,,false,3524303,"(-21.25200080871582,-48.325199127197266)",Jaboticabal,,,26,,JABOTICABAL,
4986,2021-08-17 19:24:39.342,,,false,3524501,"(-20.88050079345703,-49.5797004699707)",Jaci,,,26,,JACI,
4987,2021-08-17 19:24:40.104,,,false,3524600,"(-24.696300506591797,-48.00640106201172)",Jacupiranga,,,26,,JACUPIRANGA,
4988,2021-08-17 19:24:40.868,,,false,3524709,"(-22.703699111938477,-46.98509979248047)",Jaguariúna,,,26,,JAGUARIUNA,
4989,2021-08-17 19:24:41.629,,,false,3524808,"(-20.267200469970703,-50.549400329589844)",Jales,,,26,,JALES,
4990,2021-08-17 19:24:42.390,,,false,3524907,"(-23.252199172973633,-45.69419860839844)",Jambeiro,,,26,,JAMBEIRO,
4992,2021-08-17 19:24:43.914,,,false,3525102,"(-21.01759910583496,-47.76060104370117)",Jardinópolis,,,26,,JARDINOPOLIS,
4993,2021-08-17 19:24:44.679,,,false,3525201,"(-23.103900909423828,-46.72800064086914)",Jarinu,,,26,,JARINU,
4994,2021-08-17 19:24:45.443,,,false,3525300,"(-22.29360008239746,-48.559200286865234)",Jaú,,,26,,JAU,
4995,2021-08-17 19:24:46.206,,,false,3525409,"(-20.311599731445312,-47.591800689697266)",Jeriquara,,,26,,JERIQUARA,
4997,2021-08-17 19:24:47.733,,,false,3525607,"(-22.247299194335938,-50.76940155029297)",João Ramalho,,,26,,JOAO RAMALHO,
4998,2021-08-17 19:24:48.498,,,false,3525706,"(-21.055099487304688,-49.68920135498047)",José Bonifácio,,,26,,JOSE BONIFACIO,
4999,2021-08-17 19:24:49.262,,,false,3525805,"(-22.011199951171875,-49.78730010986328)",Júlio Mesquita,,,26,,JULIO MESQUITA,
5000,2021-08-17 19:24:50.026,,,false,3525854,"(-23.08839988708496,-47.786800384521484)",Jumirim,,,26,,JUMIRIM,
5002,2021-08-17 19:24:51.550,,,false,3526001,"(-21.510299682617188,-51.434200286865234)",Junqueirópolis,,,26,,JUNQUEIROPOLIS,
5003,2021-08-17 19:24:52.313,,,false,3526100,"(-24.310100555419922,-47.642601013183594)",Juquiá,,,26,,JUQUIA,
5004,2021-08-17 19:24:53.074,,,false,3526209,"(-23.924400329589844,-47.06529998779297)",Juquitiba,,,26,,JUQUITIBA,
5005,2021-08-17 19:24:53.838,,,false,3526308,"(-23.0846004486084,-45.194400787353516)",Lagoinha,,,26,,LAGOINHA,
5007,2021-08-17 19:24:55.369,,,false,3526506,"(-21.16390037536621,-51.04119873046875)",Lavínia,,,26,,LAVINIA,
5008,2021-08-17 19:24:56.134,,,false,3526605,"(-22.56999969482422,-44.902400970458984)",Lavrinhas,,,26,,LAVRINHAS,
5009,2021-08-17 19:24:56.900,,,false,3526704,"(-22.18090057373047,-47.38410186767578)",Leme,,,26,,LEME,
5010,2021-08-17 19:24:57.666,,,false,3526803,"(-22.602699279785156,-48.8036994934082)",Lençóis Paulista,,,26,,LENCOIS PAULISTA,
5011,2021-08-17 19:24:58.430,,,false,3526902,"(-22.56599998474121,-47.39699935913086)",Limeira,,,26,,LIMEIRA,
5012,2021-08-17 19:24:59.194,,,false,3527009,"(-22.522600173950195,-46.650001525878906)",Lindóia,,,26,,LINDOIA,
5014,2021-08-17 19:25:00.720,,,false,3527207,"(-22.733400344848633,-45.11970138549805)",Lorena,,,26,,LORENA,
5015,2021-08-17 19:25:01.481,,,false,3527256,"(-20.965999603271484,-50.22629928588867)",Lourdes,,,26,,LOURDES,
5016,2021-08-17 19:25:02.245,,,false,3527306,"(-23.085599899291992,-46.94839859008789)",Louveira,,,26,,LOUVEIRA,
5017,2021-08-17 19:25:03.008,,,false,3527405,"(-21.71820068359375,-51.02149963378906)",Lucélia,,,26,,LUCELIA,
5019,2021-08-17 19:25:04.534,,,false,3527603,"(-21.549999237060547,-47.78008270263672)",Luís Antônio,,,26,,LUIS ANTONIO,
5020,2021-08-17 19:25:05.297,,,false,3527702,"(-21.6737003326416,-50.32939910888672)",Luiziânia,,,26,,LUIZIANIA,
5021,2021-08-17 19:25:06.061,,,false,3527801,"(-22.414600372314453,-49.81800079345703)",Lupércio,,,26,,LUPERCIO,
5022,2021-08-17 19:25:06.823,,,false,3527900,"(-22.33839988708496,-50.39400100708008)",Lutécia,,,26,,LUTECIA,
5024,2021-08-17 19:25:08.348,,,false,3528106,"(-20.802200317382812,-49.96870040893555)",Macaubal,,,26,,MACAUBAL,
5025,2021-08-17 19:25:09.112,,,false,3528205,"(-20.144399642944336,-50.19729995727539)",Macedônia,,,26,,MACEDONIA,
5026,2021-08-17 19:25:09.874,,,false,3528304,"(-20.644500732421875,-50.230499267578125)",Magda,,,26,,MAGDA,
5027,2021-08-17 19:25:10.638,,,false,3528403,"(-23.5398006439209,-47.185001373291016)",Mairinque,,,26,,MAIRINQUE,
5028,2021-08-17 19:25:11.399,,,false,3528502,"(-23.317100524902344,-46.589698791503906)",Mairiporã,,,26,,MAIRIPORA,
5030,2021-08-17 19:25:12.927,,,false,3528700,"(-22.106800079345703,-51.961700439453125)",Marabá Paulista,,,26,,MARABA PAULISTA,
5031,2021-08-17 19:25:13.689,,,false,3528809,"(-22.614900588989258,-50.67129898071289)",Maracaí,,,26,,MARACAI,
5032,2021-08-17 19:25:14.453,,,false,3528858,"(-21.258699417114258,-49.130001068115234)",Marapoama,,,26,,MARAPOAMA,
5033,2021-08-17 19:25:15.216,,,false,3528908,"(-21.795900344848633,-51.18239974975586)",Mariápolis,,,26,,MARIAPOLIS,
5035,2021-08-17 19:25:16.740,,,false,3529104,"(-20.438899993896484,-50.825401306152344)",Marinópolis,,,26,,MARINOPOLIS,
5036,2021-08-17 19:25:17.504,,,false,3529203,"(-22.14620018005371,-51.1708984375)",Martinópolis,,,26,,MARTINOPOLIS,
5037,2021-08-17 19:25:18.264,,,false,3529302,"(-21.602500915527344,-48.36399841308594)",Matão,,,26,,MATAO,
5038,2021-08-17 19:25:19.028,,,false,3529401,"(-23.667699813842773,-46.461299896240234)",Mauá,,,26,,MAUA,
5039,2021-08-17 19:25:19.791,,,false,3529500,"(-21.17569923400879,-49.5791015625)",Mendonça,,,26,,MENDONCA,
5041,2021-08-17 19:25:21.321,,,false,3529658,"(-19.968399047851562,-50.632598876953125)",Mesópolis,,,26,,MESOPOLIS,
5042,2021-08-17 19:25:22.083,,,false,3529708,"(-20.17959976196289,-48.03099822998047)",Miguelópolis,,,26,,MIGUELOPOLIS,
5043,2021-08-17 19:25:22.847,,,false,3529807,"(-22.41200065612793,-48.45100021362305)",Mineiros do Tietê,,,26,,MINEIROS DO TIETE,
5045,2021-08-17 19:25:24.374,,,false,3529906,"(-24.276599884033203,-47.462501525878906)",Miracatu,,,26,,MIRACATU,
5046,2021-08-17 19:25:25.137,,,false,3530102,"(-21.13129997253418,-51.10350036621094)",Mirandópolis,,,26,,MIRANDOPOLIS,
5047,2021-08-17 19:25:25.905,,,false,3530201,"(-22.2903995513916,-51.90840148925781)",Mirante do Paranapanema,,,26,,MIRANTE DO PARANAPANEMA,
5048,2021-08-17 19:25:26.669,,,false,3530300,"(-20.8169002532959,-49.520599365234375)",Mirassol,,,26,,MIRASSOL,
5050,2021-08-17 19:25:28.193,,,false,3530508,"(-21.46470069885254,-47.00239944458008)",Mococa,,,26,,MOCOCA,
5053,2021-08-17 19:25:30.483,,,false,3530805,"(-22.433210372924805,-46.9532470703125)",Mogi Mirim,,,26,,MOGI MIRIM,
5054,2021-08-17 19:25:31.245,,,false,3530904,"(-22.928499221801758,-47.558998107910156)",Mombuca,,,26,,MOMBUCA,
5055,2021-08-17 19:25:32.009,,,false,3531001,"(-20.850900650024414,-50.09749984741211)",Monções,,,26,,MONCOES,
5056,2021-08-17 19:25:32.770,,,false,3531100,"(-24.080900192260742,-46.62649917602539)",Mongaguá,,,26,,MONGAGUA,
5058,2021-08-17 19:25:34.298,,,false,3531308,"(-21.265499114990234,-48.497100830078125)",Monte Alto,,,26,,MONTE ALTO,
5059,2021-08-17 19:25:35.061,,,false,3531407,"(-20.76799964904785,-49.71839904785156)",Monte Aprazível,,,26,,MONTE APRAZIVEL,
5060,2021-08-17 19:25:35.823,,,false,3531506,"(-20.9064998626709,-48.63869857788086)",Monte Azul Paulista,,,26,,MONTE AZUL PAULISTA,
5061,2021-08-17 19:25:36.585,,,false,3531605,"(-21.298099517822266,-51.567901611328125)",Monte Castelo,,,26,,MONTE CASTELO,
5063,2021-08-17 19:25:38.114,,,false,3531704,"(-22.95439910888672,-45.8406982421875)",Monteiro Lobato,,,26,,MONTEIRO LOBATO,
5064,2021-08-17 19:25:38.878,,,false,3531902,"(-20.72879981994629,-48.058101654052734)",Morro Agudo,,,26,,MORRO AGUDO,
5065,2021-08-17 19:25:39.651,,,false,3532009,"(-22.881099700927734,-46.78960037231445)",Morungaba,,,26,,MORUNGABA,
5066,2021-08-17 19:25:40.413,,,false,3532058,"(-21.510299682617188,-48.15380096435547)",Motuca,,,26,,MOTUCA,
5068,2021-08-17 19:25:41.944,,,false,3532157,"(-22.6156005859375,-51.2400016784668)",Nantes,,,26,,NANTES,
5069,2021-08-17 19:25:42.708,,,false,3532207,"(-22.40570068359375,-51.527400970458984)",Narandiba,,,26,,NARANDIBA,
5070,2021-08-17 19:25:43.472,,,false,3532306,"(-23.37070083618164,-45.446800231933594)",Natividade da Serra,,,26,,NATIVIDADE DA SERRA,
5071,2021-08-17 19:25:44.235,,,false,3532405,"(-23.174699783325195,-46.39830017089844)",Nazaré Paulista,,,26,,NAZARE PAULISTA,
5073,2021-08-17 19:25:45.762,,,false,3532603,"(-20.694499969482422,-50.04359817504883)",Nhandeara,,,26,,NHANDEARA,
5074,2021-08-17 19:25:46.524,,,false,3532702,"(-20.911399841308594,-49.78329849243164)",Nipoã,,,26,,NIPOA,
5075,2021-08-17 19:25:47.287,,,false,3532801,"(-21.015600204467773,-49.498600006103516)",Nova Aliança,,,26,,NOVA ALIANCA,
5076,2021-08-17 19:25:48.051,,,false,3532827,"(-24.122400283813477,-48.902198791503906)",Nova Campina,,,26,,NOVA CAMPINA,
5077,2021-08-17 19:25:48.815,,,false,3532843,"(-20.38360023498535,-50.948299407958984)",Nova Canaã Paulista,,,26,,NOVA CANAA PAULISTA,
5079,2021-08-17 19:25:50.341,,,false,3532900,"(-21.776500701904297,-48.570499420166016)",Nova Europa,,,26,,NOVA EUROPA,
5080,2021-08-17 19:25:51.107,,,false,3533007,"(-20.532100677490234,-49.31230163574219)",Nova Granada,,,26,,NOVA GRANADA,
5081,2021-08-17 19:25:51.871,,,false,3533106,"(-21.332000732421875,-51.64469909667969)",Nova Guataporanga,,,26,,NOVA GUATAPORANGA,
5083,2021-08-17 19:25:53.396,,,false,3533304,"(-20.856000900268555,-50.26169967651367)",Nova Luzitânia,,,26,,NOVA LUZITANIA,
5084,2021-08-17 19:25:54.158,,,false,3533403,"(-22.783199310302734,-47.29410171508789)",Nova Odessa,,,26,,NOVA ODESSA,
5085,2021-08-17 19:25:54.922,,,false,3533254,"(-20.989299774169922,-48.914100646972656)",Novais,,,26,,NOVAIS,
5086,2021-08-17 19:25:55.683,,,false,3533502,"(-21.465099334716797,-49.2234001159668)",Novo Horizonte,,,26,,NOVO HORIZONTE,
5087,2021-08-17 19:25:56.446,,,false,3533601,"(-20.72960090637207,-47.74290084838867)",Nuporanga,,,26,,NUPORANGA,
5088,2021-08-17 19:25:57.209,,,false,3533700,"(-22.437999725341797,-49.922000885009766)",Ocauçu,,,26,,OCAUCU,
5090,2021-08-17 19:25:58.735,,,false,3533908,"(-20.736600875854492,-48.91059875488281)",Olímpia,,,26,,OLIMPIA,
5091,2021-08-17 19:25:59.500,,,false,3534005,"(-20.60420036315918,-49.29290008544922)",Onda Verde,,,26,,ONDA VERDE,
5092,2021-08-17 19:26:00.263,,,false,3534104,"(-22.15489959716797,-50.09709930419922)",Oriente,,,26,,ORIENTE,
5093,2021-08-17 19:26:01.028,,,false,3534203,"(-20.186100006103516,-49.34640121459961)",Orindiúva,,,26,,ORINDIUVA,
5095,2021-08-17 19:26:02.552,,,false,3534401,"(-23.532400131225586,-46.79159927368164)",Osasco,,,26,,OSASCO,
5096,2021-08-17 19:26:03.312,,,false,3534500,"(-22.314899444580078,-50.28110122680664)",Oscar Bressane,,,26,,OSCAR BRESSANE,
5097,2021-08-17 19:26:04.075,,,false,3534609,"(-21.79680061340332,-50.87929916381836)",Osvaldo Cruz,,,26,,OSVALDO CRUZ,
5098,2021-08-17 19:26:04.838,,,false,3534708,"(-22.979700088500977,-49.86970138549805)",Ourinhos,,,26,,OURINHOS,
5100,2021-08-17 19:26:06.365,,,false,3534757,"(-20.006099700927734,-50.376800537109375)",Ouroeste,,,26,,OUROESTE,
5101,2021-08-17 19:26:07.128,,,false,3534906,"(-21.562700271606445,-51.26539993286133)",Pacaembu,,,26,,PACAEMBU,
5102,2021-08-17 19:26:07.891,,,false,3535002,"(-20.389999389648438,-49.43090057373047)",Palestina,,,26,,PALESTINA,
5103,2021-08-17 19:26:08.655,,,false,3535101,"(-21.085399627685547,-48.8036994934082)",Palmares Paulista,,,26,,PALMARES PAULISTA,
5105,2021-08-17 19:26:10.191,,,false,3535309,"(-22.78580093383789,-50.21799850463867)",Palmital,,,26,,PALMITAL,
5106,2021-08-17 19:26:10.953,,,false,3535408,"(-21.354000091552734,-51.856201171875)",Panorama,,,26,,PANORAMA,
5107,2021-08-17 19:26:11.717,,,false,3535507,"(-22.411399841308594,-50.57320022583008)",Paraguaçu Paulista,,,26,,PARAGUACU PAULISTA,
5108,2021-08-17 19:26:12.481,,,false,3535606,"(-23.38719940185547,-45.66389846801758)",Paraibuna,,,26,,PARAIBUNA,
5110,2021-08-17 19:26:14.008,,,false,3535804,"(-23.386199951171875,-48.72140121459961)",Paranapanema,,,26,,PARANAPANEMA,
5111,2021-08-17 19:26:14.771,,,false,3535903,"(-20.104799270629883,-50.588600158691406)",Paranapuã,,,26,,PARANAPUA,
5112,2021-08-17 19:26:15.534,,,false,3536000,"(-21.779199600219727,-50.794898986816406)",Parapuã,,,26,,PARAPUA,
5113,2021-08-17 19:26:16.301,,,false,3536109,"(-23.0841007232666,-48.36790084838867)",Pardinho,,,26,,PARDINHO,
5115,2021-08-17 19:26:17.826,,,false,3536257,"(-20.30340003967285,-50.016300201416016)",Parisi,,,26,,PARISI,
5116,2021-08-17 19:26:18.590,,,false,3536307,"(-20.638399124145508,-47.28010177612305)",Patrocínio Paulista,,,26,,PATROCINIO PAULISTA,
5117,2021-08-17 19:26:19.354,,,false,3536406,"(-21.31529998779297,-51.83209991455078)",Paulicéia,,,26,,PAULICEIA,
5118,2021-08-17 19:26:20.116,,,false,3536505,"(-22.754199981689453,-47.148799896240234)",Paulínia,,,26,,PAULINIA,
5120,2021-08-17 19:26:21.644,,,false,3536604,"(-20.029600143432617,-49.400001525878906)",Paulo de Faria,,,26,,PAULO DE FARIA,
5123,2021-08-17 19:26:23.933,,,false,3536901,"(-20.247400283813477,-50.11289978027344)",Pedranópolis,,,26,,PEDRANOPOLIS,
5124,2021-08-17 19:26:24.696,,,false,3537008,"(-20.25349998474121,-47.477500915527344)",Pedregulho,,,26,,PEDREGULHO,
5125,2021-08-17 19:26:25.460,,,false,3537107,"(-22.741300582885742,-46.894798278808594)",Pedreira,,,26,,PEDREIRA,
5127,2021-08-17 19:26:26.982,,,false,3537206,"(-24.276399612426758,-47.23540115356445)",Pedro de Toledo,,,26,,PEDRO DE TOLEDO,
5128,2021-08-17 19:26:27.745,,,false,3537305,"(-21.4148006439209,-50.076900482177734)",Penápolis,,,26,,PENAPOLIS,
5129,2021-08-17 19:26:28.509,,,false,3537404,"(-20.63680076599121,-51.112300872802734)",Pereira Barreto,,,26,,PEREIRA BARRETO,
5130,2021-08-17 19:26:29.270,,,false,3537503,"(-23.080400466918945,-47.97200012207031)",Pereiras,,,26,,PEREIRAS,
5131,2021-08-17 19:26:30.033,,,false,3537602,"(-24.312000274658203,-47.00120162963867)",Peruíbe,,,26,,PERUIBE,
5133,2021-08-17 19:26:31.560,,,false,3537800,"(-23.713899612426758,-47.42559814453125)",Piedade,,,26,,PIEDADE,
5134,2021-08-17 19:26:32.323,,,false,3537909,"(-23.80769920349121,-47.722198486328125)",Pilar do Sul,,,26,,PILAR DO SUL,
5135,2021-08-17 19:26:33.086,,,false,3538006,"(-22.92460060119629,-45.461299896240234)",Pindamonhangaba,,,26,,PINDAMONHANGABA,
5136,2021-08-17 19:26:33.847,,,false,3538105,"(-21.185300827026367,-48.908599853515625)",Pindorama,,,26,,PINDORAMA,
5138,2021-08-17 19:26:35.374,,,false,3538303,"(-21.87470054626465,-51.72819900512695)",Piquerobi,,,26,,PIQUEROBI,
5139,2021-08-17 19:26:36.137,,,false,3538501,"(-22.60689926147461,-45.1869010925293)",Piquete,,,26,,PIQUETE,
5140,2021-08-17 19:26:36.901,,,false,3538600,"(-23.052499771118164,-46.35940170288086)",Piracaia,,,26,,PIRACAIA,
5141,2021-08-17 19:26:37.664,,,false,3538709,"(-22.733800888061523,-47.64759826660156)",Piracicaba,,,26,,PIRACICABA,
5142,2021-08-17 19:26:38.432,,,false,3538808,"(-23.19809913635254,-49.38029861450195)",Piraju,,,26,,PIRAJU,
5144,2021-08-17 19:26:39.963,,,false,3539004,"(-21.088600158691406,-48.660701751708984)",Pirangi,,,26,,PIRANGI,
5145,2021-08-17 19:26:40.737,,,false,3539103,"(-23.396499633789062,-46.99909973144531)",Pirapora do Bom Jesus,,,26,,PIRAPORA DO BOM JESUS,
5146,2021-08-17 19:26:41.506,,,false,3539202,"(-22.271099090576172,-51.49760055541992)",Pirapozinho,,,26,,PIRAPOZINHO,
5147,2021-08-17 19:26:42.270,,,false,3539301,"(-21.996000289916992,-47.42570114135742)",Pirassununga,,,26,,PIRASSUNUNGA,
5149,2021-08-17 19:26:43.794,,,false,3539509,"(-21.013200759887695,-48.22100067138672)",Pitangueiras,,,26,,PITANGUEIRAS,
5150,2021-08-17 19:26:44.560,,,false,3539608,"(-21.03420066833496,-49.93299865722656)",Planalto,,,26,,PLANALTO,
5151,2021-08-17 19:26:45.330,,,false,3539707,"(-22.637100219726562,-50.21039962768555)",Platina,,,26,,PLATINA,
5152,2021-08-17 19:26:46.094,,,false,3539806,"(-23.533300399780273,-46.3473014831543)",Poá,,,26,,POA,
5153,2021-08-17 19:26:46.857,,,false,3539905,"(-20.782899856567383,-49.825801849365234)",Poloni,,,26,,POLONI,
5155,2021-08-17 19:26:48.386,,,false,3540101,"(-21.739599227905273,-49.36040115356445)",Pongaí,,,26,,PONGAI,
5156,2021-08-17 19:26:49.149,,,false,3540200,"(-21.0216007232666,-48.042301177978516)",Pontal,,,26,,PONTAL,
5157,2021-08-17 19:26:49.912,,,false,3540259,"(-20.439599990844727,-50.52579879760742)",Pontalinda,,,26,,PONTALINDA,
5158,2021-08-17 19:26:50.676,,,false,3540309,"(-20.172700881958008,-49.70640182495117)",Pontes Gestal,,,26,,PONTES GESTAL,
5160,2021-08-17 19:26:52.203,,,false,3540507,"(-23.17609977722168,-48.11949920654297)",Porangaba,,,26,,PORANGABA,
5161,2021-08-17 19:26:52.968,,,false,3540606,"(-23.209299087524414,-47.52510070800781)",Porto Feliz,,,26,,PORTO FELIZ,
5162,2021-08-17 19:26:53.731,,,false,3540705,"(-21.84980010986328,-47.48699951171875)",Porto Ferreira,,,26,,PORTO FERREIRA,
5163,2021-08-17 19:26:54.495,,,false,3540754,"(-22.834299087524414,-45.25519943237305)",Potim,,,26,,POTIM,
5164,2021-08-17 19:26:55.258,,,false,3540804,"(-21.042800903320312,-49.381500244140625)",Potirendaba,,,26,,POTIRENDABA,
5166,2021-08-17 19:26:56.787,,,false,3540903,"(-21.362600326538086,-48.067901611328125)",Pradópolis,,,26,,PRADOPOLIS,
5167,2021-08-17 19:26:57.550,,,false,3541000,"(-24.008399963378906,-46.41210174560547)",Praia Grande,,,26,,PRAIA GRANDE,
5168,2021-08-17 19:26:58.314,,,false,3541059,"(-22.811199188232422,-48.66360092163086)",Pratânia,,,26,,PRATANIA,
5170,2021-08-17 19:26:59.841,,,false,3541208,"(-22.00819969177246,-51.55649948120117)",Presidente Bernardes,,,26,,PRESIDENTE BERNARDES,
5171,2021-08-17 19:27:00.602,,,false,3541307,"(-21.765100479125977,-52.11109924316406)",Presidente Epitácio,,,26,,PRESIDENTE EPITACIO,
5172,2021-08-17 19:27:01.366,,,false,3541406,"(-22.12070083618164,-51.39250183105469)",Presidente Prudente,,,26,,PRESIDENTE PRUDENTE,
5173,2021-08-17 19:27:02.129,,,false,3541505,"(-21.873199462890625,-51.84469985961914)",Presidente Venceslau,,,26,,PRESIDENTE VENCESLAU,
5175,2021-08-17 19:27:03.654,,,false,3541653,"(-23.299299240112305,-48.0546989440918)",Quadra,,,26,,QUADRA,
5176,2021-08-17 19:27:04.415,,,false,3541703,"(-22.2455997467041,-50.69660186767578)",Quatá,,,26,,QUATA,
5177,2021-08-17 19:27:05.180,,,false,3541802,"(-21.796899795532227,-50.24150085449219)",Queiroz,,,26,,QUEIROZ,
5178,2021-08-17 19:27:05.942,,,false,3541901,"(-22.531200408935547,-44.778099060058594)",Queluz,,,26,,QUELUZ,
5179,2021-08-17 19:27:06.707,,,false,3542008,"(-22.06920051574707,-50.30699920654297)",Quintana,,,26,,QUINTANA,
5180,2021-08-17 19:27:07.468,,,false,3542107,"(-23.010499954223633,-47.53179931640625)",Rafard,,,26,,RAFARD,
5182,2021-08-17 19:27:12.137,,,false,3542305,"(-23.2637996673584,-45.542198181152344)",Redenção da Serra,,,26,,REDENCAO DA SERRA,
5183,2021-08-17 19:27:13.095,,,false,3542404,"(-22.21809959411621,-51.30550003051758)",Regente Feijó,,,26,,REGENTE FEIJO,
5184,2021-08-17 19:27:13.858,,,false,3542503,"(-21.891399383544922,-49.22679901123047)",Reginópolis,,,26,,REGINOPOLIS,
5186,2021-08-17 19:27:15.383,,,false,3542701,"(-20.605600357055664,-47.483299255371094)",Restinga,,,26,,RESTINGA,
5187,2021-08-17 19:27:16.146,,,false,3542800,"(-24.65169906616211,-49.004398345947266)",Ribeira,,,26,,RIBEIRA,
5188,2021-08-17 19:27:16.906,,,false,3542909,"(-22.068500518798828,-48.18199920654297)",Ribeirão Bonito,,,26,,RIBEIRAO BONITO,
5189,2021-08-17 19:27:17.668,,,false,3543006,"(-24.220600128173828,-48.76350021362305)",Ribeirão Branco,,,26,,RIBEIRAO BRANCO,
5192,2021-08-17 19:27:19.958,,,false,3543238,"(-21.838199615478516,-51.61029815673828)",Ribeirão dos Índios,,,26,,RIBEIRAO DOS INDIOS,
5194,2021-08-17 19:27:21.484,,,false,3543303,"(-23.70669937133789,-46.405799865722656)",Ribeirão Pires,,,26,,RIBEIRAO PIRES,
5195,2021-08-17 19:27:22.248,,,false,3543402,"(-21.16990089416504,-47.809898376464844)",Ribeirão Preto,,,26,,RIBEIRAO PRETO,
5196,2021-08-17 19:27:23.010,,,false,3543600,"(-20.080299377441406,-47.429100036621094)",Rifaina,,,26,,RIFAINA,
5197,2021-08-17 19:27:23.774,,,false,3543709,"(-21.589399337768555,-48.07279968261719)",Rincão,,,26,,RINCAO,
5198,2021-08-17 19:27:24.537,,,false,3543808,"(-21.7283992767334,-50.723899841308594)",Rinópolis,,,26,,RINOPOLIS,
5200,2021-08-17 19:27:26.065,,,false,3544004,"(-22.841699600219727,-47.604698181152344)",Rio das Pedras,,,26,,RIO DAS PEDRAS,
5201,2021-08-17 19:27:26.829,,,false,3544103,"(-23.74370002746582,-46.397098541259766)",Rio Grande da Serra,,,26,,RIO GRANDE DA SERRA,
5202,2021-08-17 19:27:27.593,,,false,3544202,"(-19.986799240112305,-49.68360137939453)",Riolândia,,,26,,RIOLANDIA,
5203,2021-08-17 19:27:28.361,,,false,3543501,"(-23.82900047302246,-49.42900085449219)",Riversul,,,26,,RIVERSUL,
5204,2021-08-17 19:27:29.136,,,false,3544251,"(-22.57819938659668,-53.060298919677734)",Rosana,,,26,,ROSANA,
5206,2021-08-17 19:27:30.666,,,false,3544400,"(-21.300600051879883,-50.72959899902344)",Rubiácea,,,26,,RUBIACEA,
5207,2021-08-17 19:27:31.429,,,false,3544509,"(-20.175899505615234,-51.00699996948242)",Rubinéia,,,26,,RUBINEIA,
5208,2021-08-17 19:27:32.189,,,false,3544608,"(-21.459299087524414,-49.57550048828125)",Sabino,,,26,,SABINO,
5209,2021-08-17 19:27:32.951,,,false,3544707,"(-21.882299423217773,-50.95940017700195)",Sagres,,,26,,SAGRES,
5211,2021-08-17 19:27:34.480,,,false,3544905,"(-20.76959991455078,-47.83689880371094)",Sales Oliveira,,,26,,SALES OLIVEIRA,
5212,2021-08-17 19:27:35.244,,,false,3545001,"(-23.528799057006836,-45.846500396728516)",Salesópolis,,,26,,SALESOPOLIS,
5213,2021-08-17 19:27:36.003,,,false,3545100,"(-21.626699447631836,-50.86140060424805)",Salmourão,,,26,,SALMOURAO,
5214,2021-08-17 19:27:36.767,,,false,3545159,"(-22.844200134277344,-47.67539978027344)",Saltinho,,,26,,SALTINHO,
5216,2021-08-17 19:27:38.289,,,false,3545308,"(-23.64739990234375,-47.57429885864258)",Salto de Pirapora,,,26,,SALTO DE PIRAPORA,
5217,2021-08-17 19:27:39.053,,,false,3545407,"(-22.889400482177734,-49.98310089111328)",Salto Grande,,,26,,SALTO GRANDE,
5218,2021-08-17 19:27:39.816,,,false,3545506,"(-22.45509910583496,-51.764801025390625)",Sandovalina,,,26,,SANDOVALINA,
5220,2021-08-17 19:27:41.340,,,false,3545704,"(-20.031099319458008,-50.729698181152344)",Santa Albertina,,,26,,SANTA ALBERTINA,
5221,2021-08-17 19:27:42.102,,,false,3545803,"(-22.755300521850586,-47.41429901123047)",Santa Bárbara d`Oeste,,,26,,SANTA BARBARA D`OESTE,
5222,2021-08-17 19:27:42.863,,,false,3546009,"(-23.393299102783203,-45.88750076293945)",Santa Branca,,,26,,SANTA BRANCA,
5224,2021-08-17 19:27:44.385,,,false,3546207,"(-22.140499114990234,-47.45119857788086)",Santa Cruz da Conceição,,,26,,SANTA CRUZ DA CONCEICAO,
5225,2021-08-17 19:27:45.146,,,false,3546256,"(-21.29509925842285,-47.43040084838867)",Santa Cruz da Esperança,,,26,,SANTA CRUZ DA ESPERANCA,
5226,2021-08-17 19:27:45.909,,,false,3546306,"(-21.82349967956543,-47.24800109863281)",Santa Cruz das Palmeiras,,,26,,SANTA CRUZ DAS PALMEIRAS,
5228,2021-08-17 19:27:47.441,,,false,3546504,"(-21.46179962158203,-48.395301818847656)",Santa Ernestina,,,26,,SANTA ERNESTINA,
5229,2021-08-17 19:27:48.202,,,false,3546603,"(-20.20829963684082,-50.93199920654297)",Santa Fé do Sul,,,26,,SANTA FE DO SUL,
5230,2021-08-17 19:27:48.964,,,false,3546702,"(-22.457199096679688,-47.527198791503906)",Santa Gertrudes,,,26,,SANTA GERTRUDES,
5231,2021-08-17 19:27:49.728,,,false,3546801,"(-23.31719970703125,-46.22370147705078)",Santa Isabel,,,26,,SANTA ISABEL,
5232,2021-08-17 19:27:50.490,,,false,3546900,"(-21.684999465942383,-48.0885009765625)",Santa Lúcia,,,26,,SANTA LUCIA,
5234,2021-08-17 19:27:52.016,,,false,3547106,"(-21.34950065612793,-51.75640106201172)",Santa Mercedes,,,26,,SANTA MERCEDES,
5235,2021-08-17 19:27:52.779,,,false,3547403,"(-20.141399383544922,-50.83580017089844)",Santa Rita d`Oeste,,,26,,SANTA RITA D`OESTE,
5236,2021-08-17 19:27:53.543,,,false,3547502,"(-21.70829963684082,-47.47800064086914)",Santa Rita do Passa Quatro,,,26,,SANTA RITA DO PASSA QUATRO,
5238,2021-08-17 19:27:55.069,,,false,3547650,"(-20.242900848388672,-50.68870162963867)",Santa Salete,,,26,,SANTA SALETE,
5239,2021-08-17 19:27:55.830,,,false,3547205,"(-20.252300262451172,-50.80139923095703)",Santana da Ponte Pensa,,,26,,SANTANA DA PONTE PENSA,
5240,2021-08-17 19:27:56.595,,,false,3547304,"(-23.443889617919922,-46.91777801513672)",Santana de Parnaíba,,,26,,SANTANA DE PARNAIBA,
5241,2021-08-17 19:27:57.375,,,false,3547700,"(-21.974700927734375,-51.6526985168457)",Santo Anastácio,,,26,,SANTO ANASTACIO,
5242,2021-08-17 19:27:58.142,,,false,3547809,"(-23.6737003326416,-46.5432014465332)",Santo André,,,26,,SANTO ANDRE,
5244,2021-08-17 19:27:59.690,,,false,3548005,"(-22.6028995513916,-46.9192008972168)",Santo Antônio de Posse,,,26,,SANTO ANTONIO DE POSSE,
5245,2021-08-17 19:28:00.459,,,false,3548054,"(-20.9330997467041,-50.49800109863281)",Santo Antônio do Aracanguá,,,26,,SANTO ANTONIO DO ARACANGUA,
5247,2021-08-17 19:28:01.987,,,false,3548203,"(-22.82699966430664,-45.66299819946289)",Santo Antônio do Pinhal,,,26,,SANTO ANTONIO DO PINHAL,
5248,2021-08-17 19:28:02.751,,,false,3548302,"(-21.84670066833496,-51.39289855957031)",Santo Expedito,,,26,,SANTO EXPEDITO,
5249,2021-08-17 19:28:03.516,,,false,3548401,"(-21.63759994506836,-50.504398345947266)",Santópolis do Aguapeí,,,26,,SANTOPOLIS DO AGUAPEI,
5250,2021-08-17 19:28:04.280,,,false,3548500,"(-23.953500747680664,-46.334999084472656)",Santos,,,26,,SANTOS,
5251,2021-08-17 19:28:05.041,,,false,3548609,"(-22.683700561523438,-45.72869873046875)",São Bento do Sapucaí,,,26,,SAO BENTO DO SAPUCAI,
5253,2021-08-17 19:28:06.566,,,false,3548807,"(-23.622900009155273,-46.5547981262207)",São Caetano do Sul,,,26,,SAO CAETANO DO SUL,
5254,2021-08-17 19:28:07.329,,,false,3548906,"(-22.01740074157715,-47.88600158691406)",São Carlos,,,26,,SAO CARLOS,
5255,2021-08-17 19:28:08.093,,,false,3549003,"(-20.362300872802734,-50.6952018737793)",São Francisco,,,26,,SAO FRANCISCO,
5257,2021-08-17 19:28:09.631,,,false,3549201,"(-20.38789939880371,-50.37919998168945)",São João das Duas Pontes,,,26,,SAO JOAO DAS DUAS PONTES,
5259,2021-08-17 19:28:11.157,,,false,3549300,"(-21.266199111938477,-51.667198181152344)",São João do Pau d`Alho,,,26,,SAO JOAO DO PAU D`ALHO,
5261,2021-08-17 19:28:12.684,,,false,3549508,"(-20.5935001373291,-47.642398834228516)",São José da Bela Vista,,,26,,SAO JOSE DA BELA VISTA,
5262,2021-08-17 19:28:13.448,,,false,3549607,"(-22.641399383544922,-44.57740020751953)",São José do Barreiro,,,26,,SAO JOSE DO BARREIRO,
5263,2021-08-17 19:28:14.211,,,false,3549706,"(-21.595300674438477,-46.887298583984375)",São José do Rio Pardo,,,26,,SAO JOSE DO RIO PARDO,
5264,2021-08-17 19:28:14.975,,,false,3549805,"(-20.81130027770996,-49.37580108642578)",São José do Rio Preto,,,26,,SAO JOSE DO RIO PRETO,
5266,2021-08-17 19:28:16.501,,,false,3549953,"(-23.84910011291504,-46.943199157714844)",São Lourenço da Serra,,,26,,SAO LOURENCO DA SERRA,
5267,2021-08-17 19:28:17.280,,,false,3550001,"(-23.221994400024414,-45.310882568359375)",São Luís do Paraitinga,,,26,,SAO LUIS DO PARAITINGA,
5268,2021-08-17 19:28:18.046,,,false,3550100,"(-22.732099533081055,-48.57229995727539)",São Manuel,,,26,,SAO MANUEL,
5270,2021-08-17 19:28:19.585,,,false,3550308,"(-23.532899856567383,-46.63949966430664)",São Paulo,,,26,,SAO PAULO,
5271,2021-08-17 19:28:20.353,,,false,3550407,"(-22.54829978942871,-47.90959930419922)",São Pedro,,,26,,SAO PEDRO,
5272,2021-08-17 19:28:21.116,,,false,3550506,"(-22.74530029296875,-49.742801666259766)",São Pedro do Turvo,,,26,,SAO PEDRO DO TURVO,
5273,2021-08-17 19:28:21.882,,,false,3550605,"(-23.522600173950195,-47.13570022583008)",São Roque,,,26,,SAO ROQUE,
5274,2021-08-17 19:28:22.652,,,false,3550704,"(-23.79509925842285,-45.41429901123047)",São Sebastião,,,26,,SAO SEBASTIAO,
5276,2021-08-17 19:28:24.180,,,false,3550902,"(-21.47319984436035,-47.55179977416992)",São Simão,,,26,,SAO SIMAO,
5277,2021-08-17 19:28:24.942,,,false,3551009,"(-23.957399368286133,-46.388301849365234)",São Vicente,,,26,,SAO VICENTE,
5278,2021-08-17 19:28:25.705,,,false,3551108,"(-23.639699935913086,-47.82490158081055)",Sarapuí,,,26,,SARAPUI,
5279,2021-08-17 19:28:26.469,,,false,3551207,"(-23.2721004486084,-49.47629928588867)",Sarutaiá,,,26,,SARUTAIA,
5281,2021-08-17 19:28:28.001,,,false,3551405,"(-21.30739974975586,-47.56019973754883)",Serra Azul,,,26,,SERRA AZUL,
5282,2021-08-17 19:28:28.761,,,false,3551603,"(-22.61389923095703,-46.70330047607422)",Serra Negra,,,26,,SERRA NEGRA,
5283,2021-08-17 19:28:29.522,,,false,3551504,"(-21.204299926757812,-47.59519958496094)",Serrana,,,26,,SERRANA,
5284,2021-08-17 19:28:30.283,,,false,3551702,"(-21.13159942626953,-47.98749923706055)",Sertãozinho,,,26,,SERTAOZINHO,
5285,2021-08-17 19:28:31.044,,,false,3551801,"(-24.381999969482422,-47.92789840698242)",Sete Barras,,,26,,SETE BARRAS,
5287,2021-08-17 19:28:32.570,,,false,3552007,"(-22.663799285888672,-44.85219955444336)",Silveiras,,,26,,SILVEIRAS,
5288,2021-08-17 19:28:33.336,,,false,3552106,"(-22.590299606323242,-46.52510070800781)",Socorro,,,26,,SOCORRO,
5289,2021-08-17 19:28:34.099,,,false,3552205,"(-23.49690055847168,-47.445098876953125)",Sorocaba,,,26,,SOROCABA,
5290,2021-08-17 19:28:34.863,,,false,3552304,"(-20.68720054626465,-50.92380142211914)",Sud Mennucci,,,26,,SUD MENNUCCI,
5291,2021-08-17 19:28:35.626,,,false,3552403,"(-22.82040023803711,-47.27280044555664)",Sumaré,,,26,,SUMARE,
5293,2021-08-17 19:28:37.148,,,false,3552502,"(-23.5447998046875,-46.31119918823242)",Suzano,,,26,,SUZANO,
5294,2021-08-17 19:28:37.911,,,false,3552601,"(-20.9601993560791,-49.03070068359375)",Tabapuã,,,26,,TABAPUA,
5295,2021-08-17 19:28:38.677,,,false,3552700,"(-21.723899841308594,-48.68960189819336)",Tabatinga,,,26,,TABATINGA,
5296,2021-08-17 19:28:39.440,,,false,3552809,"(-23.601900100708008,-46.752601623535156)",Taboão da Serra,,,26,,TABOAO DA SERRA,
5297,2021-08-17 19:28:40.205,,,false,3552908,"(-22.386600494384766,-51.28820037841797)",Taciba,,,26,,TACIBA,
5299,2021-08-17 19:28:41.734,,,false,3553104,"(-21.14310073852539,-48.511199951171875)",Taiaçu,,,26,,TAIACU,
5300,2021-08-17 19:28:42.499,,,false,3553203,"(-21.122299194335938,-48.45280075073242)",Taiúva,,,26,,TAIUVA,
5301,2021-08-17 19:28:43.262,,,false,3553302,"(-21.702899932861328,-47.270301818847656)",Tambaú,,,26,,TAMBAU,
5302,2021-08-17 19:28:44.025,,,false,3553401,"(-20.622800827026367,-49.65629959106445)",Tanabi,,,26,,TANABI,
5303,2021-08-17 19:28:44.799,,,false,3553500,"(-23.961200714111328,-47.50619888305664)",Tapiraí,,,26,,TAPIRAI,
5305,2021-08-17 19:28:46.327,,,false,3553658,"(-21.073699951171875,-48.412601470947266)",Taquaral,,,26,,TAQUARAL,
5306,2021-08-17 19:28:47.088,,,false,3553708,"(-21.40489959716797,-48.51029968261719)",Taquaritinga,,,26,,TAQUARITINGA,
5307,2021-08-17 19:28:47.851,,,false,3553807,"(-23.53070068359375,-49.24100112915039)",Taquarituba,,,26,,TAQUARITUBA,
5308,2021-08-17 19:28:48.615,,,false,3553856,"(-23.921100616455078,-48.694801330566406)",Taquarivaí,,,26,,TAQUARIVAI,
5310,2021-08-17 19:28:50.143,,,false,3553955,"(-22.742900848388672,-50.5786018371582)",Tarumã,,,26,,TARUMA,
5311,2021-08-17 19:28:50.902,,,false,3554003,"(-23.34869956970215,-47.846099853515625)",Tatuí,,,26,,TATUI,
5312,2021-08-17 19:28:51.665,,,false,3554102,"(-23.010400772094727,-45.55929946899414)",Taubaté,,,26,,TAUBATE,
5313,2021-08-17 19:28:52.432,,,false,3554201,"(-23.342500686645508,-49.37220001220703)",Tejupá,,,26,,TEJUPA,
5314,2021-08-17 19:28:53.197,,,false,3554300,"(-22.52989959716797,-52.1682014465332)",Teodoro Sampaio,,,26,,TEODORO SAMPAIO,
5316,2021-08-17 19:28:54.724,,,false,3554508,"(-23.11009979248047,-47.716400146484375)",Tietê,,,26,,TIETE,
5317,2021-08-17 19:28:55.486,,,false,3554607,"(-23.205699920654297,-49.60960006713867)",Timburi,,,26,,TIMBURI,
5318,2021-08-17 19:28:56.250,,,false,3554656,"(-23.246200561523438,-48.195499420166016)",Torre de Pedra,,,26,,TORRE DE PEDRA,
5319,2021-08-17 19:28:57.014,,,false,3554706,"(-22.4237003326416,-48.173099517822266)",Torrinha,,,26,,TORRINHA,
5320,2021-08-17 19:28:57.803,,,false,3554755,"(-22.038799285888672,-48.33420181274414)",Trabiju,,,26,,TRABIJU,
5322,2021-08-17 19:28:59.325,,,false,3554904,"(-20.234399795532227,-50.890499114990234)",Três Fronteiras,,,26,,TRES FRONTEIRAS,
5323,2021-08-17 19:29:00.098,,,false,3554953,"(-22.819299697875977,-46.69369888305664)",Tuiuti,,,26,,TUIUTI,
5324,2021-08-17 19:29:00.858,,,false,3555000,"(-21.933500289916992,-50.519100189208984)",Tupã,,,26,,TUPA,
5325,2021-08-17 19:29:01.622,,,false,3555109,"(-21.38249969482422,-51.57500076293945)",Tupi Paulista,,,26,,TUPI PAULISTA,
5326,2021-08-17 19:29:02.385,,,false,3555208,"(-20.942800521850586,-50.11349868774414)",Turiúba,,,26,,TURIUBA,
5328,2021-08-17 19:29:03.907,,,false,3555356,"(-21.165000915527344,-49.71979904174805)",Ubarana,,,26,,UBARANA,
5329,2021-08-17 19:29:04.670,,,false,3555406,"(-23.43320083618164,-45.08340072631836)",Ubatuba,,,26,,UBATUBA,
5330,2021-08-17 19:29:05.439,,,false,3555505,"(-22.52720069885254,-49.66130065917969)",Ubirajara,,,26,,UBIRAJARA,
5332,2021-08-17 19:29:06.966,,,false,3555703,"(-20.886199951171875,-49.90250015258789)",União Paulista,,,26,,UNIAO PAULISTA,
5333,2021-08-17 19:29:07.729,,,false,3555802,"(-20.245500564575195,-50.64550018310547)",Urânia,,,26,,URANIA,
5334,2021-08-17 19:29:08.492,,,false,3555901,"(-21.78660011291504,-49.2848014831543)",Uru,,,26,,URU,
5335,2021-08-17 19:29:09.255,,,false,3556008,"(-21.20319938659668,-49.29309844970703)",Urupês,,,26,,URUPES,
5337,2021-08-17 19:29:10.784,,,false,3556206,"(-22.96980094909668,-46.997398376464844)",Valinhos,,,26,,VALINHOS,
5338,2021-08-17 19:29:11.559,,,false,3556305,"(-21.222900390625,-50.86989974975586)",Valparaíso,,,26,,VALPARAISO,
5339,2021-08-17 19:29:12.323,,,false,3556354,"(-22.886999130249023,-46.41239929199219)",Vargem,,,26,,VARGEM,
5340,2021-08-17 19:29:13.089,,,false,3556404,"(-21.832199096679688,-46.891300201416016)",Vargem Grande do Sul,,,26,,VARGEM GRANDE DO SUL,
5342,2021-08-17 19:29:14.620,,,false,3556503,"(-23.213600158691406,-46.82339859008789)",Várzea Paulista,,,26,,VARZEA PAULISTA,
5343,2021-08-17 19:29:15.383,,,false,3556602,"(-22.218299865722656,-49.820701599121094)",Vera Cruz,,,26,,VERA CRUZ,
5344,2021-08-17 19:29:16.153,,,false,3556701,"(-23.03019905090332,-46.983299255371094)",Vinhedo,,,26,,VINHEDO,
5345,2021-08-17 19:29:16.925,,,false,3556800,"(-20.87339973449707,-48.292999267578125)",Viradouro,,,26,,VIRADOURO,
5347,2021-08-17 19:29:18.453,,,false,3556958,"(-20.195600509643555,-50.48749923706055)",Vitória Brasil,,,26,,VITORIA BRASIL,
5348,2021-08-17 19:29:19.215,,,false,3557006,"(-23.544599533081055,-47.43880081176758)",Votorantim,,,26,,VOTORANTIM,
5349,2021-08-17 19:29:19.980,,,false,3557105,"(-20.4237003326416,-49.97809982299805)",Votuporanga,,,26,,VOTUPORANGA,
5350,2021-08-17 19:29:20.743,,,false,3557154,"(-21.050600051879883,-50.055198669433594)",Zacarias,,,26,,ZACARIAS,
5352,2021-08-17 19:29:22.270,,,false,2800209,"(-10.277999877929688,-37.014801025390625)",Aquidabã,,,25,,AQUIDABA,
5353,2021-08-17 19:29:23.033,,,false,2800308,"(-10.909099578857422,-37.06769943237305)",Aracaju,,,25,,ARACAJU,
5354,2021-08-17 19:29:23.793,,,false,2800407,"(-11.26140022277832,-37.62009811401367)",Arauá,,,25,,ARAUA,
5355,2021-08-17 19:29:24.556,,,false,2800506,"(-10.758000373840332,-37.32509994506836)",Areia Branca,,,25,,AREIA BRANCA,
5356,2021-08-17 19:29:25.321,,,false,2800605,"(-10.8996000289917,-37.03229904174805)",Barra dos Coqueiros,,,25,,BARRA DOS COQUEIROS,
5357,2021-08-17 19:29:26.089,,,false,2800670,"(-11.139699935913086,-37.61949920654297)",Boquim,,,25,,BOQUIM,
5359,2021-08-17 19:29:27.614,,,false,2801009,"(-10.7391996383667,-37.495399475097656)",Campo do Brito,,,25,,CAMPO DO BRITO,
5360,2021-08-17 19:29:28.382,,,false,2801108,"(-10.136500358581543,-36.98059844970703)",Canhoba,,,25,,CANHOBA,
5361,2021-08-17 19:29:29.141,,,false,2801207,"(-9.648819923400879,-37.792301177978516)",Canindé de São Francisco,,,25,,CANINDE DE SAO FRANCISCO,
5362,2021-08-17 19:29:29.906,,,false,2801306,"(-10.5068998336792,-37.062801361083984)",Capela,,,25,,CAPELA,
5364,2021-08-17 19:29:31.431,,,false,2801504,"(-10.64490032196045,-36.98870086669922)",Carmópolis,,,25,,CARMOPOLIS,
5365,2021-08-17 19:29:32.191,,,false,2801603,"(-10.253399848937988,-36.88560104370117)",Cedro de São João,,,25,,CEDRO DE SAO JOAO,
5366,2021-08-17 19:29:32.954,,,false,2801702,"(-11.46679973602295,-37.75849914550781)",Cristinápolis,,,25,,CRISTINAPOLIS,
5367,2021-08-17 19:29:33.718,,,false,2801900,"(-10.35200023651123,-37.184600830078125)",Cumbe,,,25,,CUMBE,
5369,2021-08-17 19:29:35.244,,,false,2802106,"(-11.265899658203125,-37.44839859008789)",Estância,,,25,,ESTANCIA,
5370,2021-08-17 19:29:36.003,,,false,2802205,"(-10.26159954071045,-37.314701080322266)",Feira Nova,,,25,,FEIRA NOVA,
5371,2021-08-17 19:29:36.766,,,false,2802304,"(-10.551300048828125,-37.52790069580078)",Frei Paulo,,,25,,FREI PAULO,
5372,2021-08-17 19:29:37.529,,,false,2802403,"(-9.972200393676758,-37.08689880371094)",Gararu,,,25,,GARARU,
5374,2021-08-17 19:29:39.060,,,false,2802601,"(-10.225199699401855,-37.200599670410156)",Gracho Cardoso,,,25,,GRACHO CARDOSO,
5375,2021-08-17 19:29:39.824,,,false,2802700,"(-10.442500114440918,-36.54790115356445)",Ilha das Flores,,,25,,ILHA DAS FLORES,
5376,2021-08-17 19:29:40.594,,,false,2802809,"(-11.515700340270996,-37.51499938964844)",Indiaroba,,,25,,INDIAROBA,
5377,2021-08-17 19:29:41.359,,,false,2802908,"(-10.682600021362305,-37.42729949951172)",Itabaiana,,,25,,ITABAIANA,
5378,2021-08-17 19:29:42.123,,,false,2803005,"(-11.26930046081543,-37.787498474121094)",Itabaianinha,,,25,,ITABAIANINHA,
5380,2021-08-17 19:29:43.651,,,false,2803203,"(-10.989999771118164,-37.30780029296875)",Itaporanga d`Ajuda,,,25,,ITAPORANGA D`AJUDA,
5381,2021-08-17 19:29:44.411,,,false,2803302,"(-10.58489990234375,-36.94179916381836)",Japaratuba,,,25,,JAPARATUBA,
5382,2021-08-17 19:29:45.174,,,false,2803401,"(-10.347700119018555,-36.804500579833984)",Japoatã,,,25,,JAPOATA,
5383,2021-08-17 19:29:45.944,,,false,2803500,"(-10.913599967956543,-37.66889953613281)",Lagarto,,,25,,LAGARTO,
5385,2021-08-17 19:29:47.469,,,false,2803708,"(-10.66189956665039,-37.54130172729492)",Macambira,,,25,,MACAMBIRA,
5386,2021-08-17 19:29:48.233,,,false,2803807,"(-10.34179973602295,-36.925201416015625)",Malhada dos Bois,,,25,,MALHADA DOS BOIS,
5387,2021-08-17 19:29:48.996,,,false,2803906,"(-10.664899826049805,-37.30039978027344)",Malhador,,,25,,MALHADOR,
5388,2021-08-17 19:29:49.759,,,false,2804003,"(-10.730799674987793,-37.085601806640625)",Maruim,,,25,,MARUIM,
5390,2021-08-17 19:29:51.286,,,false,2804201,"(-10.02560043334961,-37.56159973144531)",Monte Alegre de Sergipe,,,25,,MONTE ALEGRE DE SERGIPE,
5391,2021-08-17 19:29:52.047,,,false,2804300,"(-10.42710018157959,-36.95880126953125)",Muribeca,,,25,,MURIBECA,
5392,2021-08-17 19:29:52.810,,,false,2804409,"(-10.321499824523926,-36.584999084472656)",Neópolis,,,25,,NEOPOLIS,
5394,2021-08-17 19:29:54.340,,,false,2804508,"(-10.215800285339355,-37.42110061645508)",Nossa Senhora da Glória,,,25,,NOSSA SENHORA DA GLORIA,
5395,2021-08-17 19:29:55.103,,,false,2804607,"(-10.485400199890137,-37.1963005065918)",Nossa Senhora das Dores,,,25,,NOSSA SENHORA DAS DORES,
5397,2021-08-17 19:29:56.632,,,false,2804805,"(-10.846799850463867,-37.12310028076172)",Nossa Senhora do Socorro,,,25,,NOSSA SENHORA DO SOCORRO,
5398,2021-08-17 19:29:57.395,,,false,2804904,"(-10.453800201416016,-36.653099060058594)",Pacatuba,,,25,,PACATUBA,
5399,2021-08-17 19:29:58.159,,,false,2805000,"(-10.61340045928955,-37.69219970703125)",Pedra Mole,,,25,,PEDRA MOLE,
5401,2021-08-17 19:29:59.684,,,false,2805208,"(-10.567700386047363,-37.72420120239258)",Pinhão,,,25,,PINHAO,
5402,2021-08-17 19:30:00.446,,,false,2805307,"(-10.721500396728516,-36.854400634765625)",Pirambu,,,25,,PIRAMBU,
5403,2021-08-17 19:30:01.210,,,false,2805406,"(-9.806159973144531,-37.68330001831055)",Poço Redondo,,,25,,POCO REDONDO,
5404,2021-08-17 19:30:01.990,,,false,2805505,"(-10.715100288391113,-38.18130111694336)",Poço Verde,,,25,,POCO VERDE,
5405,2021-08-17 19:30:02.794,,,false,2805604,"(-9.916259765625,-37.28419876098633)",Porto da Folha,,,25,,PORTO DA FOLHA,
5407,2021-08-17 19:30:04.324,,,false,2805802,"(-11.07289981842041,-37.73099899291992)",Riachão do Dantas,,,25,,RIACHAO DO DANTAS,
5408,2021-08-17 19:30:05.089,,,false,2805901,"(-10.734999656677246,-37.19660186767578)",Riachuelo,,,25,,RIACHUELO,
5409,2021-08-17 19:30:05.853,,,false,2806008,"(-10.535699844360352,-37.4379997253418)",Ribeirópolis,,,25,,RIBEIROPOLIS,
5411,2021-08-17 19:30:07.385,,,false,2806206,"(-11.028800010681152,-37.48040008544922)",Salgado,,,25,,SALGADO,
5412,2021-08-17 19:30:08.149,,,false,2806305,"(-11.353599548339844,-37.45859909057617)",Santa Luzia do Itanhy,,,25,,SANTA LUZIA DO ITANHY,
5413,2021-08-17 19:30:08.913,,,false,2806503,"(-10.643400192260742,-37.19309997558594)",Santa Rosa de Lima,,,25,,SANTA ROSA DE LIMA,
5415,2021-08-17 19:30:10.439,,,false,2806602,"(-10.789199829101562,-37.056400299072266)",Santo Amaro das Brotas,,,25,,SANTO AMARO DAS BROTAS,
5416,2021-08-17 19:30:11.201,,,false,2806701,"(-11.008399963378906,-37.20439910888672)",São Cristóvão,,,25,,SAO CRISTOVAO,
5417,2021-08-17 19:30:11.964,,,false,2806800,"(-10.791600227355957,-37.56850051879883)",São Domingos,,,25,,SAO DOMINGOS,
5418,2021-08-17 19:30:12.726,,,false,2806909,"(-10.344200134277344,-36.88690185546875)",São Francisco,,,25,,SAO FRANCISCO,
5419,2021-08-17 19:30:13.489,,,false,2807006,"(-10.384699821472168,-37.38359832763672)",São Miguel do Aleixo,,,25,,SAO MIGUEL DO ALEIXO,
5420,2021-08-17 19:30:14.252,,,false,2807105,"(-10.738699913024902,-37.80970001220703)",Simão Dias,,,25,,SIMAO DIAS,
5422,2021-08-17 19:30:15.800,,,false,2807303,"(-10.206399917602539,-36.88180160522461)",Telha,,,25,,TELHA,
5423,2021-08-17 19:30:16.562,,,false,2807402,"(-11.179800033569336,-37.9995002746582)",Tobias Barreto,,,25,,TOBIAS BARRETO,
5424,2021-08-17 19:30:17.326,,,false,2807501,"(-11.369400024414062,-37.843299865722656)",Tomar do Geru,,,25,,TOMAR DO GERU,
5425,2021-08-17 19:30:18.089,,,false,2807600,"(-11.380900382995605,-37.66230010986328)",Umbaúba,,,25,,UMBAUBA,
5427,2021-08-17 19:30:19.615,,,false,1700301,"(-6.5540900230407715,-47.47019958496094)",Aguiarnópolis,,,27,,AGUIARNOPOLIS,
5428,2021-08-17 19:30:20.379,,,false,1700350,"(-11.3056001663208,-48.936100006103516)",Aliança do Tocantins,,,27,,ALIANCA DO TOCANTINS,
5429,2021-08-17 19:30:21.142,,,false,1700400,"(-11.570599555969238,-47.17919921875)",Almas,,,27,,ALMAS,
5430,2021-08-17 19:30:21.905,,,false,1700707,"(-12.478500366210938,-49.124900817871094)",Alvorada,,,27,,ALVORADA,
5432,2021-08-17 19:30:23.428,,,false,1701051,"(-6.39178991317749,-47.86109924316406)",Angico,,,27,,ANGICO,
5433,2021-08-17 19:30:24.191,,,false,1701101,"(-9.941390037536621,-47.96379852294922)",Aparecida do Rio Negro,,,27,,APARECIDA DO RIO NEGRO,
5434,2021-08-17 19:30:24.955,,,false,1701309,"(-7.160049915313721,-48.52909851074219)",Aragominas,,,27,,ARAGOMINAS,
5435,2021-08-17 19:30:25.718,,,false,1701903,"(-8.807550430297852,-49.55690002441406)",Araguacema,,,27,,ARAGUACEMA,
5437,2021-08-17 19:30:27.245,,,false,1702109,"(-7.192379951477051,-48.20439910888672)",Araguaína,,,27,,ARAGUAINA,
5438,2021-08-17 19:30:28.012,,,false,1702158,"(-6.582250118255615,-48.63949966430664)",Araguanã,,,27,,ARAGUANA,
5439,2021-08-17 19:30:28.785,,,false,1702208,"(-5.646590232849121,-48.123199462890625)",Araguatins,,,27,,ARAGUATINS,
5440,2021-08-17 19:30:29.549,,,false,1702307,"(-7.654630184173584,-49.06370162963867)",Arapoema,,,27,,ARAPOEMA,
5442,2021-08-17 19:30:31.073,,,false,1702554,"(-5.468629837036133,-47.88629913330078)",Augustinópolis,,,27,,AUGUSTINOPOLIS,
5443,2021-08-17 19:30:31.850,,,false,1702703,"(-12.71049976348877,-46.40760040283203)",Aurora do Tocantins,,,27,,AURORA DO TOCANTINS,
5445,2021-08-17 19:30:33.379,,,false,1703008,"(-7.209229946136475,-47.76129913330078)",Babaçulândia,,,27,,BABACULANDIA,
5446,2021-08-17 19:30:34.139,,,false,1703057,"(-7.756120204925537,-48.58359909057617)",Bandeirantes do Tocantins,,,27,,BANDEIRANTES DO TOCANTINS,
5447,2021-08-17 19:30:34.903,,,false,1703073,"(-7.695930004119873,-47.6776008605957)",Barra do Ouro,,,27,,BARRA DO OURO,
5448,2021-08-17 19:30:35.667,,,false,1703107,"(-9.834039688110352,-48.72520065307617)",Barrolândia,,,27,,BARROLANDIA,
5449,2021-08-17 19:30:36.430,,,false,1703206,"(-7.874810218811035,-48.88930130004883)",Bernardo Sayão,,,27,,BERNARDO SAYAO,
5451,2021-08-17 19:30:37.955,,,false,1703602,"(-8.389180183410645,-48.482200622558594)",Brasilândia do Tocantins,,,27,,BRASILANDIA DO TOCANTINS,
5452,2021-08-17 19:30:38.718,,,false,1703701,"(-11.005800247192383,-48.56829833984375)",Brejinho de Nazaré,,,27,,BREJINHO DE NAZARE,
5453,2021-08-17 19:30:39.486,,,false,1703800,"(-5.314479827880859,-48.22710037231445)",Buriti do Tocantins,,,27,,BURITI DO TOCANTINS,
5455,2021-08-17 19:30:41.008,,,false,1703842,"(-7.989560127258301,-46.864498138427734)",Campos Lindos,,,27,,CAMPOS LINDOS,
5456,2021-08-17 19:30:41.766,,,false,1703867,"(-11.888099670410156,-49.1609001159668)",Cariri do Tocantins,,,27,,CARIRI DO TOCANTINS,
5457,2021-08-17 19:30:42.528,,,false,1703883,"(-7.032619953155518,-48.39780044555664)",Carmolândia,,,27,,CARMOLANDIA,
5458,2021-08-17 19:30:43.287,,,false,1703891,"(-5.314149856567383,-48.03139877319336)",Carrasco Bonito,,,27,,CARRASCO BONITO,
5460,2021-08-17 19:30:44.813,,,false,1704105,"(-8.961030006408691,-47.33039855957031)",Centenário,,,27,,CENTENARIO,
5461,2021-08-17 19:30:45.577,,,false,1705102,"(-11.617500305175781,-47.748600006103516)",Chapada da Natividade,,,27,,CHAPADA DA NATIVIDADE,
5463,2021-08-17 19:30:47.101,,,false,1705508,"(-8.057640075683594,-48.47570037841797)",Colinas do Tocantins,,,27,,COLINAS DO TOCANTINS,
5514,2021-08-17 19:31:26.057,,,false,1721000,"(-10.239999771118164,-48.35580062866211)",Palmas,,,27,,PALMAS,
5515,2021-08-17 19:31:26.822,,,false,1715705,"(-7.847859859466553,-47.924198150634766)",Palmeirante,,,27,,PALMEIRANTE,
5516,2021-08-17 19:31:27.586,,,false,1713809,"(-6.616580009460449,-47.5463981628418)",Palmeiras do Tocantins,,,27,,PALMEIRAS DO TOCANTINS,
5517,2021-08-17 19:31:28.350,,,false,1715754,"(-13.044699668884277,-48.4025993347168)",Palmeirópolis,,,27,,PALMEIROPOLIS,
5519,2021-08-17 19:31:29.874,,,false,1716208,"(-12.616700172424316,-47.8734016418457)",Paranã,,,27,,PARANA,
5520,2021-08-17 19:31:30.641,,,false,1716307,"(-7.53918981552124,-49.367000579833984)",Pau d`Arco,,,27,,PAU D`ARCO,
5521,2021-08-17 19:31:31.405,,,false,1716505,"(-8.97033977508545,-48.17290115356445)",Pedro Afonso,,,27,,PEDRO AFONSO,
5522,2021-08-17 19:31:32.171,,,false,1716604,"(-12.025400161743164,-48.53950119018555)",Peixe,,,27,,PEIXE,
5523,2021-08-17 19:31:32.936,,,false,1716653,"(-8.593199729919434,-48.932701110839844)",Pequizeiro,,,27,,PEQUIZEIRO,
5525,2021-08-17 19:31:34.463,,,false,1717206,"(-6.773019790649414,-48.295799255371094)",Piraquê,,,27,,PIRAQUE,
5526,2021-08-17 19:31:35.226,,,false,1717503,"(-10.442000389099121,-49.187599182128906)",Pium,,,27,,PIUM,
5465,2021-08-17 19:30:48.627,,,false,1705557,"(-12.79170036315918,-46.53879928588867)",Combinado,,,27,,COMBINADO,
5466,2021-08-17 19:30:49.390,,,false,1705607,"(-12.22089958190918,-47.295101165771484)",Conceição do Tocantins,,,27,,CONCEICAO DO TOCANTINS,
5467,2021-08-17 19:30:50.154,,,false,1706001,"(-8.284106254577637,-49.24726104736328)",Couto de Magalhães,,,27,,COUTO DE MAGALHAES,
5469,2021-08-17 19:30:51.684,,,false,1706258,"(-11.09939956665039,-48.915199279785156)",Crixás do Tocantins,,,27,,CRIXAS DO TOCANTINS,
5470,2021-08-17 19:30:52.446,,,false,1706506,"(-6.715909957885742,-47.759700775146484)",Darcinópolis,,,27,,DARCINOPOLIS,
5471,2021-08-17 19:30:53.215,,,false,1707009,"(-11.62399959564209,-46.819801330566406)",Dianópolis,,,27,,DIANOPOLIS,
5473,2021-08-17 19:30:54.739,,,false,1707207,"(-9.255339622497559,-49.06380081176758)",Dois Irmãos do Tocantins,,,27,,DOIS IRMAOS DO TOCANTINS,
5474,2021-08-17 19:30:55.502,,,false,1707306,"(-11.34160041809082,-49.27159881591797)",Dueré,,,27,,DUERE,
5475,2021-08-17 19:30:56.263,,,false,1707405,"(-5.365930080413818,-48.53779983520508)",Esperantina,,,27,,ESPERANTINA,
5476,2021-08-17 19:30:57.027,,,false,1707553,"(-10.760299682617188,-48.90760040283203)",Fátima,,,27,,FATIMA,
5477,2021-08-17 19:30:57.792,,,false,1707652,"(-12.131199836730957,-49.174800872802734)",Figueirópolis,,,27,,FIGUEIROPOLIS,
5479,2021-08-17 19:30:59.319,,,false,1708205,"(-11.797599792480469,-49.53160095214844)",Formoso do Araguaia,,,27,,FORMOSO DO ARAGUAIA,
5480,2021-08-17 19:31:00.081,,,false,1708254,"(-9.056110382080078,-48.520599365234375)",Fortaleza do Tabocão,,,27,,FORTALEZA DO TABOCAO,
5481,2021-08-17 19:31:00.843,,,false,1708304,"(-8.774129867553711,-48.93130111694336)",Goianorte,,,27,,GOIANORTE,
5482,2021-08-17 19:31:01.607,,,false,1709005,"(-7.714779853820801,-47.325199127197266)",Goiatins,,,27,,GOIATINS,
5484,2021-08-17 19:31:03.133,,,false,1709500,"(-11.727899551391602,-49.06800079345703)",Gurupi,,,27,,GURUPI,
5485,2021-08-17 19:31:03.894,,,false,1709807,"(-11.23289966583252,-48.459999084472656)",Ipueiras,,,27,,IPUEIRAS,
5486,2021-08-17 19:31:04.657,,,false,1710508,"(-8.392930030822754,-47.77259826660156)",Itacajá,,,27,,ITACAJA,
5487,2021-08-17 19:31:05.424,,,false,1710706,"(-5.772669792175293,-47.48640060424805)",Itaguatins,,,27,,ITAGUATINS,
5489,2021-08-17 19:31:06.950,,,false,1711100,"(-8.571720123291016,-48.68949890136719)",Itaporã do Tocantins,,,27,,ITAPORA DO TOCANTINS,
5490,2021-08-17 19:31:07.713,,,false,1711506,"(-12.650899887084961,-48.5890007019043)",Jaú do Tocantins,,,27,,JAU DO TOCANTINS,
5491,2021-08-17 19:31:08.477,,,false,1711803,"(-8.11950969696045,-49.064300537109375)",Juarina,,,27,,JUARINA,
5493,2021-08-17 19:31:10.002,,,false,1711951,"(-10.368000030517578,-47.53799819946289)",Lagoa do Tocantins,,,27,,LAGOA DO TOCANTINS,
5494,2021-08-17 19:31:10.764,,,false,1712009,"(-9.749959945678711,-48.35649871826172)",Lajeado,,,27,,LAJEADO,
5495,2021-08-17 19:31:11.528,,,false,1712157,"(-12.784700393676758,-46.5098991394043)",Lavandeira,,,27,,LAVANDEIRA,
5496,2021-08-17 19:31:12.289,,,false,1712405,"(-9.590020179748535,-46.67380142211914)",Lizarda,,,27,,LIZARDA,
5497,2021-08-17 19:31:13.053,,,false,1712454,"(-6.1779398918151855,-47.85820007324219)",Luzinópolis,,,27,,LUZINOPOLIS,
5499,2021-08-17 19:31:14.590,,,false,1712702,"(-10.54640007019043,-46.41680145263672)",Mateiros,,,27,,MATEIROS,
5500,2021-08-17 19:31:15.356,,,false,1712801,"(-5.951690196990967,-47.51250076293945)",Maurilândia do Tocantins,,,27,,MAURILANDIA DO TOCANTINS,
5501,2021-08-17 19:31:16.121,,,false,1713205,"(-9.565560340881348,-48.393001556396484)",Miracema do Tocantins,,,27,,MIRACEMA DO TOCANTINS,
5502,2021-08-17 19:31:16.885,,,false,1713304,"(-9.529069900512695,-48.592201232910156)",Miranorte,,,27,,MIRANORTE,
5504,2021-08-17 19:31:18.417,,,false,1713700,"(-10.007499694824219,-48.99409866333008)",Monte Santo do Tocantins,,,27,,MONTE SANTO DO TOCANTINS,
5505,2021-08-17 19:31:19.179,,,false,1713957,"(-7.1466898918151855,-48.609100341796875)",Muricilândia,,,27,,MURICILANDIA,
5506,2021-08-17 19:31:19.943,,,false,1714203,"(-11.703399658203125,-47.7223014831543)",Natividade,,,27,,NATIVIDADE,
5507,2021-08-17 19:31:20.709,,,false,1714302,"(-6.374959945678711,-47.66429901123047)",Nazaré,,,27,,NAZARE,
5509,2021-08-17 19:31:22.236,,,false,1715002,"(-10.565099716186523,-48.912498474121094)",Nova Rosalândia,,,27,,NOVA ROSALANDIA,
5510,2021-08-17 19:31:22.999,,,false,1715101,"(-9.970629692077637,-47.67850112915039)",Novo Acordo,,,27,,NOVO ACORDO,
5511,2021-08-17 19:31:23.765,,,false,1715150,"(-12.921699523925781,-46.5713005065918)",Novo Alegre,,,27,,NOVO ALEGRE,
5512,2021-08-17 19:31:24.528,,,false,1715259,"(-11.826000213623047,-46.63249969482422)",Novo Jardim,,,27,,NOVO JARDIM,
5527,2021-08-17 19:31:35.989,,,false,1717800,"(-12.08530044555664,-46.48249816894531)",Ponte Alta do Bom Jesus,,,27,,PONTE ALTA DO BOM JESUS,
5528,2021-08-17 19:31:36.749,,,false,1717909,"(-10.748100280761719,-47.5275993347168)",Ponte Alta do Tocantins,,,27,,PONTE ALTA DO TOCANTINS,
5529,2021-08-17 19:31:37.512,,,false,1718006,"(-11.618000030517578,-47.06209945678711)",Porto Alegre do Tocantins,,,27,,PORTO ALEGRE DO TOCANTINS,
5531,2021-08-17 19:31:39.029,,,false,1718303,"(-5.392809867858887,-47.811100006103516)",Praia Norte,,,27,,PRAIA NORTE,
5533,2021-08-17 19:31:40.558,,,false,1718451,"(-10.423999786376953,-48.89569854736328)",Pugmil,,,27,,PUGMIL,
5535,2021-08-17 19:31:42.086,,,false,1718550,"(-6.44005012512207,-48.13710021972656)",Riachinho,,,27,,RIACHINHO,
5536,2021-08-17 19:31:42.850,,,false,1718659,"(-11.39490032196045,-46.884700775146484)",Rio da Conceição,,,27,,RIO DA CONCEICAO,
5537,2021-08-17 19:31:43.611,,,false,1718709,"(-9.344249725341797,-48.52450180053711)",Rio dos Bois,,,27,,RIO DOS BOIS,
5539,2021-08-17 19:31:45.140,,,false,1718808,"(-5.354229927062988,-47.87820053100586)",Sampaio,,,27,,SAMPAIO,
5540,2021-08-17 19:31:45.903,,,false,1718840,"(-12.538000106811523,-49.924198150634766)",Sandolândia,,,27,,SANDOLANDIA,
5541,2021-08-17 19:31:46.667,,,false,1718865,"(-7.158030033111572,-48.71649932861328)",Santa Fé do Araguaia,,,27,,SANTA FE DO ARAGUAIA,
5543,2021-08-17 19:31:48.192,,,false,1718899,"(-10.861700057983398,-48.916099548339844)",Santa Rita do Tocantins,,,27,,SANTA RITA DO TOCANTINS,
5544,2021-08-17 19:31:48.960,,,false,1718907,"(-11.447400093078613,-48.12160110473633)",Santa Rosa do Tocantins,,,27,,SANTA ROSA DO TOCANTINS,
5545,2021-08-17 19:31:49.722,,,false,1719004,"(-10.2746000289917,-47.80329895019531)",Santa Tereza do Tocantins,,,27,,SANTA TEREZA DO TOCANTINS,
5547,2021-08-17 19:31:51.250,,,false,1720101,"(-6.0258002281188965,-47.90119934082031)",São Bento do Tocantins,,,27,,SAO BENTO DO TOCANTINS,
5548,2021-08-17 19:31:52.013,,,false,1720150,"(-10.161499977111816,-46.661800384521484)",São Félix do Tocantins,,,27,,SAO FELIX DO TOCANTINS,
5549,2021-08-17 19:31:52.778,,,false,1720200,"(-5.563049793243408,-47.57429885864258)",São Miguel do Tocantins,,,27,,SAO MIGUEL DO TOCANTINS,
5550,2021-08-17 19:31:53.541,,,false,1720259,"(-12.745800018310547,-48.235198974609375)",São Salvador do Tocantins,,,27,,SAO SALVADOR DO TOCANTINS,
5552,2021-08-17 19:31:55.068,,,false,1720499,"(-11.97431468963623,-48.235313415527344)",São Valério da Natividade,,,27,,SAO VALERIO DA NATIVIDADE,
5553,2021-08-17 19:31:55.865,,,false,1720655,"(-11.147100448608398,-48.16939926147461)",Silvanópolis,,,27,,SILVANOPOLIS,
5554,2021-08-17 19:31:56.628,,,false,1720804,"(-5.601200103759766,-47.638099670410156)",Sítio Novo do Tocantins,,,27,,SITIO NOVO DO TOCANTINS,
5555,2021-08-17 19:31:57.391,,,false,1720853,"(-11.993000030517578,-48.96849822998047)",Sucupira,,,27,,SUCUPIRA,
5557,2021-08-17 19:31:58.919,,,false,1720937,"(-12.187299728393555,-46.979698181152344)",Taipas do Tocantins,,,27,,TAIPAS DO TOCANTINS,
5558,2021-08-17 19:31:59.680,,,false,1720978,"(-12.794899940490723,-49.089599609375)",Talismã,,,27,,TALISMA,
5559,2021-08-17 19:32:00.442,,,false,1721109,"(-9.563199996948242,-48.37409973144531)",Tocantínia,,,27,,TOCANTINIA,
5560,2021-08-17 19:32:01.206,,,false,1721208,"(-6.324470043182373,-47.422401428222656)",Tocantinópolis,,,27,,TOCANTINOPOLIS,
5561,2021-08-17 19:32:01.967,,,false,1721257,"(-8.9716796875,-48.18830108642578)",Tupirama,,,27,,TUPIRAMA,
5563,2021-08-17 19:32:03.502,,,false,1722081,"(-6.8527398109436035,-47.96009826660156)",Wanderlândia,,,27,,WANDERLANDIA,
5564,2021-08-17 19:32:04.266,,,false,1722107,"(-6.414100170135498,-48.53200149536133)",Xambioá,,,27,,XAMBIOA,
5605,2021-08-17 19:32:05.029,,,false,2206720,"(-5.351284980773926,-42.81528091430664)",Nazária,,,17,,NAZARIA,
1,2021-08-17 19:32:08.844,,,false,3200102,"(-20.0778007507324,-41.1260986328125)",Afonso Cláudio,,,8,,AFONSO CLAUDIO,
2,2021-08-17 19:32:09.609,,,false,3200169,"(-18.548200607299805,-40.98540115356445)",Água Doce do Norte,,,8,,AGUA DOCE DO NORTE,
9,2021-08-17 19:32:10.371,,,false,3200607,"(-19.81999969482422,-40.27640151977539)",Aracruz,,,8,,ARACRUZ,
13,2021-08-17 19:32:11.136,,,false,3201001,"(-18.539499282836914,-40.3025016784668)",Boa Esperança,,,8,,BOA ESPERANCA,
18,2021-08-17 19:32:11.897,,,false,3201407,"(-20.603300094604492,-41.20309829711914)",Castelo,,,8,,CASTELO,
27,2021-08-17 19:32:13.433,,,false,3202256,"(-19.18642807006836,-40.44733810424805)",Governador Lindenberg,,,8,,GOVERNADOR LINDENBERG,
34,2021-08-17 19:32:14.196,,,false,3202652,"(-20.350099563598633,-41.64440155029297)",Irupi,,,8,,IRUPI,
39,2021-08-17 19:32:14.960,,,false,3203056,"(-18.906999588012695,-40.07590103149414)",Jaguaré,,,8,,JAGUARE,
43,2021-08-17 19:32:15.723,,,false,3203205,"(-19.39459991455078,-40.064300537109375)",Linhares,,,8,,LINHARES,
48,2021-08-17 19:32:16.486,,,false,3203403,"(-21.06279945373535,-41.36149978637695)",Mimoso do Sul,,,8,,MIMOSO DO SUL,
53,2021-08-17 19:32:17.249,,,false,3203908,"(-18.71500015258789,-40.40530014038086)",Nova Venécia,,,8,,NOVA VENECIA,
59,2021-08-17 19:32:18.012,,,false,3204302,"(-21.096399307250977,-41.04679870605469)",Presidente Kennedy,,,8,,PRESIDENTE KENNEDY,
5608,2021-08-17 19:32:07.320,,,false,4220000,"(-28.83139991760254,-49.235198974609375)",Balneário Rincão,,,24,,BALNEARIO RINCAO,
63,2021-08-17 19:32:18.777,,,false,3204559,"(-20.025299072265625,-40.743900299072266)",Santa Maria de Jetibá,,,8,,SANTA MARIA DE JETIBA,
69,2021-08-17 19:32:19.540,,,false,3204955,"(-19.741100311279297,-40.6525993347168)",São Roque do Canaã,,,8,,SAO ROQUE DO CANAA,
70,2021-08-17 19:32:20.303,,,false,3205002,"(-20.121000289916992,-40.30739974975586)",Serra,,,8,,SERRA,
72,2021-08-17 19:32:21.079,,,false,3205036,"(-20.66900062561035,-41.01789855957031)",Vargem Alta,,,8,,VARGEM ALTA,
77,2021-08-17 19:32:21.839,,,false,3205200,"(-20.341699600219727,-40.287498474121094)",Vila Velha,,,8,,VILA VELHA,
83,2021-08-17 19:32:22.603,,,false,1200179,"(-10.565999984741211,-67.68599700927734)",Capixaba,,,1,,CAPIXABA,
88,2021-08-17 19:32:23.366,,,false,1200336,"(-7.616569995880127,-72.89969635009766)",Mâncio Lima,,,1,,MANCIO LIMA,
92,2021-08-17 19:32:24.128,,,false,1200807,"(-9.581379890441895,-67.54779815673828)",Porto Acre,,,1,,PORTO ACRE,
97,2021-08-17 19:32:31.818,,,false,1200500,"(-9.06595516204834,-68.6571044921875)",Sena Madureira,,,1,,SENA MADUREIRA,
103,2021-08-17 19:32:32.772,,,false,2700300,"(-9.754870414733887,-36.6614990234375)",Arapiraca,,,2,,ARAPIRACA,
107,2021-08-17 19:32:33.534,,,false,2700706,"(-9.674200057983398,-37.132999420166016)",Batalha,,,2,,BATALHA,
112,2021-08-17 19:32:34.297,,,false,2701209,"(-9.401209831237793,-36.9911003112793)",Cacimbinhas,,,2,,CACIMBINHAS,
230,2021-08-17 18:24:30.792,,,false,1300680,"(-2.974090099334717,-57.58729934692383)",Boa Vista do Ramos,,,3,,BOA VISTA DO RAMOS,
236,2021-08-17 18:24:35.108,,,false,1301100,"(-3.7680299282073975,-60.36899948120117)",Careiro,,,3,,CAREIRO,
242,2021-08-17 18:24:39.446,,,false,1301605,"(-2.5234200954437256,-66.09420013427734)",Fonte Boa,,,3,,FONTE BOA,
247,2021-08-17 18:24:43.039,,,false,1301902,"(-3.1386098861694336,-58.44490051269531)",Itacoatiara,,,3,,ITACOATIARA,
254,2021-08-17 18:24:48.094,,,false,1302504,"(-3.2906599044799805,-60.62160110473633)",Manacapuru,,,3,,MANACAPURU,
260,2021-08-17 18:24:52.395,,,false,1303007,"(-2.207930088043213,-56.71120071411133)",Nhamundá,,,3,,NHAMUNDA,
264,2021-08-17 18:24:55.262,,,false,1303403,"(-2.6374099254608154,-56.729000091552734)",Parintins,,,3,,PARINTINS,
268,2021-08-17 18:24:58.130,,,false,1303601,"(-0.4108240008354187,-65.00920104980469)",Santa Isabel do Rio Negro,,,3,,SANTA ISABEL DO RIO NEGRO,
272,2021-08-17 18:25:01.016,,,false,1303957,"(-2.559149980545044,-57.87310028076172)",São Sebastião do Uatumã,,,3,,SAO SEBASTIAO DO UATUMA,
218,2021-08-17 18:25:11.066,,,false,1600808,"(-0.9380000233650208,-52.42399978637695)",Vitória do Jari,,,4,,VITORIA DO JARI,
279,2021-08-17 18:25:18.237,,,false,1304302,"(-2.529360055923462,-57.75379943847656)",Urucará,,,3,,URUCARA,
280,2021-08-17 18:25:18.965,,,false,1304401,"(-3.1284101009368896,-58.149600982666016)",Urucurituba,,,3,,URUCURITUBA,
286,2021-08-17 18:25:23.263,,,false,2900603,"(-14.126899719238281,-39.893699645996094)",Aiquara,,,5,,AIQUARA,
291,2021-08-17 18:25:26.859,,,false,2901106,"(-12.391400337219238,-38.75630187988281)",Amélia Rodrigues,,,5,,AMELIA RODRIGUES,
297,2021-08-17 18:25:31.160,,,false,2901502,"(-12.146200180053711,-39.24620056152344)",Anguera,,,5,,ANGUERA,
302,2021-08-17 18:25:34.765,,,false,2901957,"(-13.85420036315918,-39.750099182128906)",Apuarema,,,5,,APUAREMA,
309,2021-08-17 18:25:39.827,,,false,2902401,"(-14.321000099182129,-39.32899856567383)",Aurelino Leal,,,5,,AURELINO LEAL,
314,2021-08-17 18:25:43.427,,,false,2902807,"(-13.623700141906738,-41.33470153808594)",Barra da Estiva,,,5,,BARRA DA ESTIVA,
320,2021-08-17 18:25:47.779,,,false,2903300,"(-14.7947998046875,-39.47600173950195)",Barro Preto (antigo Gov. Lomanto Jr.),,,5,,BARRO PRETO (ANTIGO GOV. LOMANTO JR.),
326,2021-08-17 18:25:52.103,,,false,2903805,"(-12.649800300598145,-40.60639953613281)",Boa Vista do Tupim,,,5,,BOA VISTA DO TUPIM,
331,2021-08-17 18:25:55.690,,,false,2904100,"(-12.820500373840332,-42.732398986816406)",Boquira,,,5,,BOQUIRA,
336,2021-08-17 18:25:59.283,,,false,2904605,"(-14.202099800109863,-41.66960144042969)",Brumado,,,5,,BRUMADO,
340,2021-08-17 18:26:02.163,,,false,2904852,"(-12.531700134277344,-39.19020080566406)",Cabaceiras do Paraguaçu,,,5,,CABACEIRAS DO PARAGUACU,
348,2021-08-17 18:26:07.915,,,false,2905503,"(-11.02079963684082,-40.29560089111328)",Caldeirão Grande,,,5,,CALDEIRAO GRANDE,
349,2021-08-17 18:26:08.631,,,false,2905602,"(-15.414199829101562,-39.49190139770508)",Camacan,,,5,,CAMACAN,
353,2021-08-17 18:26:11.506,,,false,2906006,"(-10.510499954223633,-40.31999969482422)",Campo Formoso,,,5,,CAMPO FORMOSO,
358,2021-08-17 18:26:15.097,,,false,2906501,"(-12.671600341796875,-38.54719924926758)",Candeias,,,5,,CANDEIAS,
363,2021-08-17 18:26:18.717,,,false,2906857,"(-11.665800094604492,-39.83489990234375)",Capela do Alto Alegre,,,5,,CAPELA DO ALTO ALEGRE,
369,2021-08-17 18:26:23.047,,,false,2907202,"(-9.164079666137695,-40.9739990234375)",Casa Nova,,,5,,CASA NOVA,
375,2021-08-17 18:26:27.401,,,false,2907707,"(-8.969499588012695,-39.097900390625)",Chorrochó,,,5,,CHORROCHO,
380,2021-08-17 18:26:31.003,,,false,2908200,"(-12.507800102233887,-38.997798919677734)",Conceição da Feira,,,5,,CONCEICAO DA FEIRA,
385,2021-08-17 18:26:34.600,,,false,2908705,"(-14.902199745178223,-41.9718017578125)",Condeúba,,,5,,CONDEUBA,
122,2021-08-17 19:32:35.826,,,false,2702108,"(-8.918060302734375,-35.72140121459961)",Colônia Leopoldina,,,2,,COLONIA LEOPOLDINA,
128,2021-08-17 19:32:36.589,,,false,2702553,"(-9.390890121459961,-36.764400482177734)",Estrela de Alagoas,,,2,,ESTRELA DE ALAGOAS,
133,2021-08-17 19:32:37.352,,,false,2703007,"(-8.978230476379395,-35.93730163574219)",Ibateguara,,,2,,IBATEGUARA,
138,2021-08-17 19:32:38.113,,,false,2703502,"(-8.839509963989258,-35.45909881591797)",Jacuípe,,,2,,JACUIPE,
140,2021-08-17 19:32:38.880,,,false,2703700,"(-9.662240028381348,-37.004600524902344)",Jaramataia,,,2,,JARAMATAIA,
144,2021-08-17 19:32:39.644,,,false,2704005,"(-9.906959533691406,-36.48030090332031)",Junqueiro,,,2,,JUNQUEIRO,
149,2021-08-17 19:32:40.408,,,false,2704906,"(-9.447389602661133,-36.388099670410156)",Mar Vermelho,,,2,,MAR VERMELHO,
153,2021-08-17 19:32:41.172,,,false,2704807,"(-9.58353042602539,-36.304500579833984)",Maribondo,,,2,,MARIBONDO,
158,2021-08-17 19:32:41.934,,,false,2705408,"(-9.603569984436035,-37.2504997253418)",Monteirópolis,,,2,,MONTEIROPOLIS,
167,2021-08-17 19:32:43.462,,,false,2706307,"(-9.405679702758789,-36.6328010559082)",Palmeira dos Índios,,,2,,PALMEIRA DOS INDIOS,
174,2021-08-17 19:32:44.223,,,false,2706802,"(-10.406000137329102,-36.433998107910156)",Piaçabuçu,,,2,,PIACABUCU,
178,2021-08-17 19:32:44.992,,,false,2707206,"(-9.307419776916504,-37.28889846801758)",Poço das Trincheiras,,,2,,POCO DAS TRINCHEIRAS,
184,2021-08-17 19:32:45.756,,,false,2707800,"(-9.835029602050781,-35.97819900512695)",Roteiro,,,2,,ROTEIRO,
187,2021-08-17 19:32:46.519,,,false,2708105,"(-9.171409606933594,-36.21760177612305)",Santana do Mundaú,,,2,,SANTANA DO MUNDAU,
192,2021-08-17 19:32:47.283,,,false,2708600,"(-9.78300952911377,-36.09709930419922)",São Miguel dos Campos,,,2,,SAO MIGUEL DOS CAMPOS,
197,2021-08-17 19:32:48.047,,,false,2709004,"(-9.53378963470459,-36.43659973144531)",Tanque d`Arca,,,2,,TANQUE D`ARCA,
203,2021-08-17 19:32:48.809,,,false,1600105,"(2.0526700019836426,-50.79570007324219)",Amapá,,,4,,AMAPA,
208,2021-08-17 19:32:49.573,,,false,1600279,"(-0.8049110174179077,-52.452999114990234)",Laranjal do Jari,,,4,,LARANJAL DO JARI,
209,2021-08-17 19:32:50.337,,,false,1600303,"(0.03493399918079376,-51.069400787353516)",Macapá,,,4,,MACAPA,
212,2021-08-17 19:32:51.100,,,false,1600154,"(0.7774239778518677,-51.95029830932617)",Pedra Branca do Amaparí,,,4,,PEDRA BRANCA DO AMAPARI,
219,2021-08-17 19:32:51.863,,,false,1300029,"(-3.2272698879241943,-64.80069732666016)",Alvarães,,,3,,ALVARAES,
226,2021-08-17 19:32:52.626,,,false,1300409,"(-0.9833729863166809,-62.93109893798828)",Barcelos,,,3,,BARCELOS,
390,2021-08-17 18:26:38.206,,,false,2909208,"(-10.284700393676758,-37.9197998046875)",Coronel João Sá,,,5,,CORONEL JOAO SA,
395,2021-08-17 18:26:41.810,,,false,2909703,"(-12.224900245666504,-44.4213981628418)",Cristópolis,,,5,,CRISTOPOLIS,
400,2021-08-17 18:26:45.394,,,false,2910107,"(-13.756500244140625,-41.7677001953125)",Dom Basílio,,,5,,DOM BASILIO,
405,2021-08-17 18:26:48.984,,,false,2900504,"(-13.421500205993652,-42.13520050048828)",Érico Cardoso,,,5,,ERICO CARDOSO,
410,2021-08-17 18:26:52.577,,,false,2910776,"(-14.204400062561035,-44.27439880371094)",Feira da Mata,,,5,,FEIRA DA MATA,
415,2021-08-17 18:26:56.171,,,false,2911105,"(-11.03279972076416,-45.19300079345703)",Formosa do Rio Preto,,,5,,FORMOSA DO RIO PRETO,
418,2021-08-17 18:26:58.333,,,false,2911303,"(-11.434200286865234,-42.5077018737793)",Gentio do Ouro,,,5,,GENTIO DO OURO,
423,2021-08-17 18:27:01.926,,,false,2911709,"(-14.223099708557129,-42.77989959716797)",Guanambi,,,5,,GUANAMBI,
428,2021-08-17 18:27:05.524,,,false,2912103,"(-14.85789966583252,-39.591400146484375)",Ibicaraí,,,5,,IBICARAI,
434,2021-08-17 18:27:09.838,,,false,2912707,"(-14.164899826049805,-39.378700256347656)",Ibirapitanga,,,5,,IBIRAPITANGA,
439,2021-08-17 18:27:13.435,,,false,2913200,"(-12.177900314331055,-43.21670150756836)",Ibotirama,,,5,,IBOTIRAMA,
445,2021-08-17 18:27:17.740,,,false,2913705,"(-11.781000137329102,-38.35499954223633)",Inhambupe,,,5,,INHAMBUPE,
452,2021-08-17 18:27:22.769,,,false,2914406,"(-12.242899894714355,-41.615501403808594)",Iraquara,,,5,,IRAQUARA,
458,2021-08-17 18:27:27.086,,,false,2914901,"(-14.278400421142578,-38.99589920043945)",Itacaré,,,5,,ITACARE,
463,2021-08-17 18:27:30.702,,,false,2915353,"(-11.014699935913086,-42.39970016479492)",Itaguaçu da Bahia,,,5,,ITAGUACU DA BAHIA,
469,2021-08-17 18:27:35.004,,,false,2915908,"(-12.26140022277832,-38.04359817504883)",Itanagra,,,5,,ITANAGRA,
475,2021-08-17 18:27:39.322,,,false,2916500,"(-11.308799743652344,-38.226200103759766)",Itapicuru,,,5,,ITAPICURU,
481,2021-08-17 18:27:43.648,,,false,2917003,"(-10.69480037689209,-39.844600677490234)",Itiúba,,,5,,ITIUBA,
487,2021-08-17 18:27:56.738,,,false,2917409,"(-14.854100227355957,-42.432899475097656)",Jacaraci,,,5,,JACARACI,
488,2021-08-17 18:27:57.464,,,false,2917508,"(-11.18120002746582,-40.51169967651367)",Jacobina,,,5,,JACOBINA,
489,2021-08-17 18:27:58.202,,,false,2917607,"(-13.524800300598145,-39.9640007019043)",Jaguaquara,,,5,,JAGUAQUARA,
494,2021-08-17 18:28:01.789,,,false,2918100,"(-10.068499565124512,-38.34709930419922)",Jeremoabo,,,5,,JEREMOABO,
499,2021-08-17 18:28:05.375,,,false,2918456,"(-16.848800659179688,-40.164100646972656)",Jucuruçu,,,5,,JUCURUCU,
504,2021-08-17 18:28:08.963,,,false,2918753,"(-13.466300010681152,-40.220401763916016)",Lagoa Real,,,5,,LAGOA REAL,
511,2021-08-17 18:28:13.988,,,false,2919207,"(-12.89780044555664,-38.32099914550781)",Lauro de Freitas,,,5,,LAURO DE FREITAS,
514,2021-08-17 18:28:16.142,,,false,2919504,"(-13.636899948120117,-41.84320068359375)",Livramento de Nossa Senhora,,,5,,LIVRAMENTO DE NOSSA SENHORA,
521,2021-08-17 18:28:21.179,,,false,2919959,"(-14.662300109863281,-41.49150085449219)",Maetinga,,,5,,MAETINGA,
526,2021-08-17 18:28:24.763,,,false,2920403,"(-14.147600173950195,-40.239898681640625)",Manoel Vitorino,,,5,,MANOEL VITORINO,
531,2021-08-17 18:28:28.407,,,false,2920809,"(-13.006400108337402,-40.52949905395508)",Marcionílio Souza,,,5,,MARCIONILIO SOUZA,
538,2021-08-17 18:28:33.429,,,false,2921401,"(-10.961000442504883,-40.57400131225586)",Mirangaba,,,5,,MIRANGABA,
543,2021-08-17 18:28:37.042,,,false,2921807,"(-15.022500038146973,-42.37269973754883)",Mortugaba,,,5,,MORTUGABA,
548,2021-08-17 18:28:40.623,,,false,2922201,"(-13.009200096130371,-39.10919952392578)",Muniz Ferreira,,,5,,MUNIZ FERREIRA,
554,2021-08-17 18:28:44.926,,,false,2922656,"(-10.819199562072754,-39.4296989440918)",Nordestina,,,5,,NORDESTINA,
558,2021-08-17 18:28:47.794,,,false,2922805,"(-13.024100303649902,-40.06529998779297)",Nova Itarana,,,5,,NOVA ITARANA,
559,2021-08-17 18:28:48.510,,,false,2922854,"(-12.8149995803833,-41.074798583984375)",Nova Redenção,,,5,,NOVA REDENCAO,
564,2021-08-17 18:28:52.106,,,false,2923100,"(-11.349699974060059,-38.33789825439453)",Olindina,,,5,,OLINDINA,
568,2021-08-17 18:28:54.989,,,false,2923407,"(-14.267600059509277,-43.1609001159668)",Palmas de Monte Alto,,,5,,PALMAS DE MONTE ALTO,
574,2021-08-17 18:28:59.302,,,false,2924009,"(-9.398300170898438,-38.22159957885742)",Paulo Afonso,,,5,,PAULO AFONSO,
580,2021-08-17 18:29:03.607,,,false,2924504,"(-14.49209976196289,-42.68600082397461)",Pindaí,,,5,,PINDAI,
585,2021-08-17 18:29:07.191,,,false,2924801,"(-11.729999542236328,-40.55870056152344)",Piritiba,,,5,,PIRITIBA,
590,2021-08-17 18:29:10.775,,,false,2925253,"(-10.865300178527832,-40.131099700927734)",Ponto Novo,,,5,,PONTO NOVO,
595,2021-08-17 18:29:14.371,,,false,2925709,"(-14.68850040435791,-41.6797981262207)",Presidente Jânio Quadros,,,5,,PRESIDENTE JANIO QUADROS,
600,2021-08-17 18:29:17.957,,,false,2925956,"(-12.40530014038086,-39.500701904296875)",Rafael Jambeiro,,,5,,RAFAEL JAMBEIRO,
605,2021-08-17 18:29:21.579,,,false,2926400,"(-13.605899810791016,-42.939701080322266)",Riacho de Santana,,,5,,RIACHO DE SANTANA,
610,2021-08-17 18:29:25.162,,,false,2926806,"(-14.407099723815918,-42.07210159301758)",Rio do Antônio,,,5,,RIO DO ANTONIO,
615,2021-08-17 18:29:28.758,,,false,2927309,"(-12.873000144958496,-38.75619888305664)",Salinas da Margarida,,,5,,SALINAS DA MARGARIDA,
620,2021-08-17 18:29:32.345,,,false,2927804,"(-14.96399974822998,-39.811500549316406)",Santa Cruz da Vitória,,,5,,SANTA CRUZ DA VITORIA,
625,2021-08-17 18:29:35.938,,,false,2928505,"(-12.769707679748535,-39.52152633666992)",Santa Teresinha,,,5,,SANTA TERESINHA,
627,2021-08-17 18:29:37.372,,,false,2928208,"(-12.97920036315918,-44.05059814453125)",Santana,,,5,,SANTANA,
630,2021-08-17 18:29:39.522,,,false,2928703,"(-12.961400032043457,-39.258399963378906)",Santo Antônio de Jesus,,,5,,SANTO ANTONIO DE JESUS,
636,2021-08-17 18:29:43.856,,,false,2929057,"(-13.401900291442871,-44.18370056152344)",São Félix do Coribe,,,5,,SAO FELIX DO CORIBE,
640,2021-08-17 18:29:46.729,,,false,2929354,"(-15.078700065612793,-39.34370040893555)",São José da Vitória,,,5,,SAO JOSE DA VITORIA,
645,2021-08-17 18:29:50.321,,,false,2929701,"(-11.592900276184082,-38.59379959106445)",Sátiro Dias,,,5,,SATIRO DIAS,
650,2021-08-17 18:29:53.910,,,false,2930105,"(-10.459400177001953,-40.186500549316406)",Senhor do Bonfim,,,5,,SENHOR DO BONFIM,
656,2021-08-17 18:29:58.207,,,false,2930600,"(-11.408499717712402,-40.298301696777344)",Serrolândia,,,5,,SERROLANDIA,
661,2021-08-17 18:30:01.894,,,false,2930808,"(-12.088000297546387,-41.6427001953125)",Souto Soares,,,5,,SOUTO SOARES,
666,2021-08-17 18:30:05.478,,,false,2931202,"(-13.532099723815918,-39.10089874267578)",Taperoá,,,5,,TAPEROA,
671,2021-08-17 18:30:09.062,,,false,2931608,"(-13.589599609375,-39.48400115966797)",Teolândia,,,5,,TEOLANDIA,
676,2021-08-17 18:30:12.646,,,false,2932101,"(-13.271400451660156,-39.66600036621094)",Ubaíra,,,5,,UBAIRA,
682,2021-08-17 18:30:17.664,,,false,2932606,"(-14.767800331115723,-42.64979934692383)",Urandi,,,5,,URANDI,
687,2021-08-17 18:30:21.248,,,false,2933059,"(-11.600500106811523,-40.1328010559082)",Várzea da Roça,,,5,,VARZEA DA ROCA,
693,2021-08-17 18:30:25.550,,,false,2933307,"(-14.861499786376953,-40.844200134277344)",Vitória da Conquista,,,5,,VITORIA DA CONQUISTA,
695,2021-08-17 18:30:26.985,,,false,2933455,"(-12.114399909973145,-43.89580154418945)",Wanderley,,,5,,WANDERLEY,
698,2021-08-17 18:30:29.137,,,false,2300101,"(-7.345880031585693,-39.04159927368164)",Abaiara,,,6,,ABAIARA,
703,2021-08-17 18:30:32.730,,,false,2300507,"(-3.5853700637817383,-40.54790115356445)",Alcântaras,,,6,,ALCANTARAS,
708,2021-08-17 18:30:36.314,,,false,2300903,"(-3.9450600147247314,-39.4359016418457)",Apuiarés,,,6,,APUIARES,
714,2021-08-17 18:30:40.617,,,false,2301406,"(-4.412290096282959,-39.04710006713867)",Aratuba,,,6,,ARATUBA,
719,2021-08-17 18:30:44.201,,,false,2301851,"(-5.304540157318115,-38.91320037841797)",Banabuiú,,,6,,BANABUIU,
725,2021-08-17 18:30:48.502,,,false,2302206,"(-4.177410125732422,-38.12710189819336)",Beberibe,,,6,,BEBERIBE,
730,2021-08-17 18:30:52.086,,,false,2302701,"(-7.067609786987305,-40.36869812011719)",Campos Sales,,,6,,CAMPOS SALES,
736,2021-08-17 18:30:56.390,,,false,2303303,"(-6.524280071258545,-39.491600036621094)",Cariús,,,6,,CARIUS,
741,2021-08-17 18:30:59.970,,,false,2303709,"(-3.7279698848724365,-38.66189956665039)",Caucaia,,,6,,CAUCAIA,
747,2021-08-17 18:31:04.272,,,false,2304103,"(-5.167679786682129,-40.65359878540039)",Crateús,,,6,,CRATEUS,
753,2021-08-17 18:31:08.651,,,false,2304285,"(-3.8924999237060547,-38.45589828491211)",Eusébio,,,6,,EUSEBIO,
758,2021-08-17 18:31:12.236,,,false,2304509,"(-3.7555699348449707,-40.81800079345703)",Frecheirinha,,,6,,FRECHEIRINHA,
763,2021-08-17 18:31:15.824,,,false,2304905,"(-3.917870044708252,-40.38520050048828)",Groaíras,,,6,,GROAIRAS,
766,2021-08-17 18:31:17.998,,,false,2305100,"(-4.262479782104492,-38.93199920654297)",Guaramiranga,,,6,,GUARAMIRANGA,
768,2021-08-17 18:31:19.431,,,false,2305233,"(-4.1209001541137695,-38.470699310302734)",Horizonte,,,6,,HORIZONTE,
775,2021-08-17 18:31:24.473,,,false,2305605,"(-5.387889862060547,-40.30849838256836)",Independência,,,6,,INDEPENDENCIA,
780,2021-08-17 18:31:28.066,,,false,2306009,"(-5.812399864196777,-38.291900634765625)",Iracema,,,6,,IRACEMA,
785,2021-08-17 18:31:31.652,,,false,2306405,"(-3.4993300437927246,-39.58359909057617)",Itapipoca,,,6,,ITAPIPOCA,
790,2021-08-17 18:31:35.236,,,false,2306801,"(-5.677649974822998,-38.5359001159668)",Jaguaribara,,,6,,JAGUARIBARA,
795,2021-08-17 18:31:38.843,,,false,2307254,"(-2.7933099269866943,-40.512699127197266)",Jijoca de Jericoacoara,,,6,,JIJOCA DE JERICOACOARA,
801,2021-08-17 18:31:43.148,,,false,2307650,"(-3.866990089416504,-38.62590026855469)",Maracanaú,,,6,,MARACANAU,
807,2021-08-17 18:31:47.450,,,false,2308203,"(-3.5397400856018066,-40.45309829711914)",Meruoca,,,6,,MERUOCA,
813,2021-08-17 18:31:51.782,,,false,2308609,"(-4.791019916534424,-40.06460189819336)",Monsenhor Tabosa,,,6,,MONSENHOR TABOSA,
819,2021-08-17 18:31:56.084,,,false,2309201,"(-7.0841498374938965,-39.67129898071289)",Nova Olinda,,,6,,NOVA OLINDA,
825,2021-08-17 18:32:00.393,,,false,2309706,"(-3.9783999919891357,-38.61830139160156)",Pacatuba,,,6,,PACATUBA,
831,2021-08-17 18:32:04.694,,,false,2310258,"(-3.4379899501800537,-39.14789962768555)",Paraipaba,,,6,,PARAIPABA,
836,2021-08-17 18:32:08.277,,,false,2310704,"(-3.7927401065826416,-39.26919937133789)",Pentecoste,,,6,,PENTECOSTE,
837,2021-08-17 18:32:08.993,,,false,2310803,"(-6.035759925842285,-38.462398529052734)",Pereiro,,,6,,PEREIRO,
838,2021-08-17 18:32:09.708,,,false,2310852,"(-4.01584005355835,-38.30609893798828)",Pindoretama,,,6,,PINDORETAMA,
843,2021-08-17 18:32:13.294,,,false,2311207,"(-7.0915398597717285,-40.02330017089844)",Potengi,,,6,,POTENGI,
848,2021-08-17 18:32:16.880,,,false,2311405,"(-5.190670013427734,-39.28889846801758)",Quixeramobim,,,6,,QUIXERAMOBIM,
855,2021-08-17 18:32:21.903,,,false,2312205,"(-4.326079845428467,-40.15230178833008)",Santa Quitéria,,,6,,SANTA QUITERIA,
859,2021-08-17 18:32:24.776,,,false,2312403,"(-3.605149984359741,-38.972599029541016)",São Gonçalo do Amarante,,,6,,SAO GONCALO DO AMARANTE,
864,2021-08-17 18:32:28.363,,,false,2312908,"(-3.6891300678253174,-40.348201751708984)",Sobral,,,6,,SOBRAL,
868,2021-08-17 18:32:31.235,,,false,2313252,"(-6.678380012512207,-39.75299835205078)",Tarrafas,,,6,,TARRAFAS,
875,2021-08-17 18:32:36.268,,,false,2313708,"(-6.638929843902588,-38.700801849365234)",Umari,,,6,,UMARI,
880,2021-08-17 18:32:39.850,,,false,2314003,"(-6.782639980316162,-39.2942008972168)",Várzea Alegre,,,6,,VARZEA ALEGRE,
886,2021-08-17 18:32:44.158,,,false,5200159,"(-16.412700653076172,-50.16569900512695)",Adelândia,,,9,,ADELANDIA,
890,2021-08-17 18:32:47.023,,,false,5200308,"(-16.08340072631836,-48.507598876953125)",Alexânia,,,9,,ALEXANIA,
894,2021-08-17 18:32:49.890,,,false,5200803,"(-14.479700088500977,-46.49100112915039)",Alvorada do Norte,,,9,,ALVORADA DO NORTE,
900,2021-08-17 18:32:54.242,,,false,5201306,"(-16.46419906616211,-49.961700439453125)",Anicuns,,,9,,ANICUNS,
905,2021-08-17 18:32:59.450,,,false,5201702,"(-15.895500183105469,-52.23720169067383)",Aragarças,,,9,,ARAGARCAS,
907,2021-08-17 18:33:00.889,,,false,5202155,"(-15.090900421142578,-50.631500244140625)",Araguapaz,,,9,,ARAGUAPAZ,
909,2021-08-17 18:33:02.327,,,false,5202502,"(-14.916600227355957,-51.07500076293945)",Aruanã,,,9,,ARUANA,
914,2021-08-17 18:33:05.910,,,false,5203302,"(-16.96929931640625,-48.95130157470703)",Bela Vista de Goiás,,,9,,BELA VISTA DE GOIAS,
919,2021-08-17 18:33:09.490,,,false,5203609,"(-16.4281005859375,-49.38629913330078)",Brazabrantes,,,9,,BRAZABRANTES,
924,2021-08-17 18:33:13.077,,,false,5204003,"(-15.799500465393066,-46.92649841308594)",Cabeceiras,,,9,,CABECEIRAS,
929,2021-08-17 18:33:16.660,,,false,5204409,"(-16.953899383544922,-51.80910110473633)",Caiapônia,,,9,,CAIAPONIA,
934,2021-08-17 18:33:20.256,,,false,5204706,"(-14.313699722290039,-49.151100158691406)",Campinorte,,,9,,CAMPINORTE,
938,2021-08-17 18:33:23.128,,,false,5204953,"(-14.244199752807617,-49.652801513671875)",Campos Verdes,,,9,,CAMPOS VERDES,
943,2021-08-17 18:33:26.710,,,false,5205307,"(-13.797599792480469,-47.456600189208984)",Cavalcante,,,9,,CAVALCANTE,
948,2021-08-17 18:33:30.304,,,false,5205513,"(-15.791399955749512,-48.77470016479492)",Cocalzinho de Goiás,,,9,,COCALZINHO DE GOIAS,
953,2021-08-17 18:33:33.910,,,false,5206206,"(-16.76759910583496,-47.61309814453125)",Cristalina,,,9,,CRISTALINA,
959,2021-08-17 18:33:38.209,,,false,5206800,"(-16.2544002532959,-49.36309814453125)",Damolândia,,,9,,DAMOLANDIA,
964,2021-08-17 18:33:41.797,,,false,5207352,"(-17.423900604248047,-49.664398193359375)",Edealina,,,9,,EDEALINA,
969,2021-08-17 18:33:45.400,,,false,5207808,"(-16.577800750732422,-50.30400085449219)",Firminópolis,,,9,,FIRMINOPOLIS,
974,2021-08-17 18:33:48.986,,,false,5208400,"(-16.50979995727539,-49.023399353027344)",Goianápolis,,,9,,GOIANAPOLIS,
976,2021-08-17 18:33:50.419,,,false,5208608,"(-15.311800003051758,-49.1161994934082)",Goianésia,,,9,,GOIANESIA,
977,2021-08-17 18:33:51.137,,,false,5208707,"(-16.686399459838867,-49.26430130004883)",Goiânia,,,9,,GOIANIA,
983,2021-08-17 18:33:55.440,,,false,5209291,"(-15.612099647521973,-50.0265007019043)",Guaraíta,,,9,,GUARAITA,
987,2021-08-17 18:33:58.307,,,false,5209705,"(-16.962600708007812,-49.22650146484375)",Hidrolândia,,,9,,HIDROLANDIA,
994,2021-08-17 18:34:03.327,,,false,5210158,"(-15.168880462646484,-49.66946029663086)",Ipiranga de Goiás,,,9,,IPIRANGA DE GOIAS,
999,2021-08-17 18:34:06.909,,,false,5210604,"(-15.756500244140625,-49.635398864746094)",Itaguaru,,,9,,ITAGUARU,
1005,2021-08-17 18:34:11.212,,,false,5211404,"(-16.202899932861328,-49.61090087890625)",Itauçu,,,9,,ITAUCU,
1011,2021-08-17 18:34:15.531,,,false,5212006,"(-16.17729949951172,-50.950801849365234)",Jaupaci,,,9,,JAUPACI,
1016,2021-08-17 18:34:19.115,,,false,5212303,"(-16.618999481201172,-48.742801666259766)",Leopoldo de Bulhões,,,9,,LEOPOLDO DE BULHOES,
1022,2021-08-17 18:34:23.416,,,false,5212956,"(-15.434200286865234,-50.745601654052734)",Matrinchã,,,9,,MATRINCHA,
1027,2021-08-17 18:34:27.000,,,false,5213400,"(-16.543399810791016,-50.73899841308594)",Moiporá,,,9,,MOIPORA,
1031,2021-08-17 18:34:29.869,,,false,5213772,"(-13.34850025177002,-48.685298919677734)",Montividiu do Norte,,,9,,MONTIVIDIU DO NORTE,
1036,2021-08-17 18:34:33.456,,,false,5214051,"(-13.772899627685547,-50.28139877319336)",Mundo Novo,,,9,,MUNDO NOVO,
1042,2021-08-17 18:34:37.756,,,false,5214804,"(-18.05970001220703,-48.25519943237305)",Nova Aurora,,,9,,NOVA AURORA,
1046,2021-08-17 18:34:40.621,,,false,5214903,"(-13.738800048828125,-46.8734016418457)",Nova Roma,,,9,,NOVA ROMA,
1047,2021-08-17 18:34:41.338,,,false,5215009,"(-16.36949920654297,-49.31679916381836)",Nova Veneza,,,9,,NOVA VENEZA,
1052,2021-08-17 18:34:44.919,,,false,5215405,"(-16.21809959411621,-49.19419860839844)",Ouro Verde de Goiás,,,9,,OURO VERDE DE GOIAS,
1058,2021-08-17 18:34:49.248,,,false,5215900,"(-16.792400360107422,-50.165199279785156)",Palminópolis,,,9,,PALMINOPOLIS,
1063,2021-08-17 18:34:52.833,,,false,5216809,"(-16.096799850463867,-49.33639907836914)",Petrolina de Goiás,,,9,,PETROLINA DE GOIAS,
1069,2021-08-17 18:34:57.133,,,false,5217609,"(-15.45199966430664,-47.6088981628418)",Planaltina,,,9,,PLANALTINA,
1074,2021-08-17 18:35:00.717,,,false,5218300,"(-14.08590030670166,-46.370399475097656)",Posse,,,9,,POSSE,
1079,2021-08-17 18:35:04.376,,,false,5218789,"(-17.77400016784668,-48.772499084472656)",Rio Quente,,,9,,RIO QUENTE,
1083,2021-08-17 18:35:07.243,,,false,5219100,"(-16.571399688720703,-49.69540023803711)",Santa Bárbara de Goiás,,,9,,SANTA BARBARA DE GOIAS,
1088,2021-08-17 18:35:10.827,,,false,5219407,"(-17.326900482177734,-53.20119857788086)",Santa Rita do Araguaia,,,9,,SANTA RITA DO ARAGUAIA,
1092,2021-08-17 18:35:13.694,,,false,5219704,"(-14.432600021362305,-49.70909881591797)",Santa Terezinha de Goiás,,,9,,SANTA TEREZINHA DE GOIAS,
1097,2021-08-17 18:35:17.283,,,false,5219902,"(-15.925600051879883,-49.260501861572266)",São Francisco de Goiás,,,9,,SAO FRANCISCO DE GOIAS,
1101,2021-08-17 18:35:20.150,,,false,5220157,"(-14.860799789428711,-49.32849884033203)",São Luíz do Norte,,,9,,SAO LUIZ DO NORTE,
1106,2021-08-17 18:35:23.738,,,false,5220454,"(-16.70840072631836,-49.091400146484375)",Senador Canedo,,,9,,SENADOR CANEDO,
1111,2021-08-17 18:35:27.337,,,false,5221007,"(-16.052099227905273,-49.60390090942383)",Taquaral de Goiás,,,9,,TAQUARAL DE GOIAS,
1114,2021-08-17 18:35:29.482,,,false,5221304,"(-18.353900909423828,-47.7760009765625)",Três Ranchos,,,9,,TRES RANCHOS,
1118,2021-08-17 18:35:32.350,,,false,5221551,"(-17.850200653076172,-50.302398681640625)",Turvelândia,,,9,,TURVELANDIA,
1123,2021-08-17 18:35:35.940,,,false,5221858,"(-16.065099716186523,-47.97570037841797)",Valparaíso de Goiás,,,9,,VALPARAISO DE GOIAS,
1129,2021-08-17 18:35:40.240,,,false,2100055,"(-4.947140216827393,-47.50040054321289)",Açailândia,,,10,,ACAILANDIA,
1134,2021-08-17 18:35:43.849,,,false,2100402,"(-4.165979862213135,-45.47060012817383)",Altamira do Maranhão,,,10,,ALTAMIRA DO MARANHAO,
1138,2021-08-17 18:35:46.716,,,false,2100550,"(-1.6752400398254395,-46.00239944458008)",Amapá do Maranhão,,,10,,AMAPA DO MARANHAO,
1144,2021-08-17 18:35:51.014,,,false,2100907,"(-2.8909099102020264,-41.904998779296875)",Araioses,,,10,,ARAIOSES,
1150,2021-08-17 18:35:55.315,,,false,2101301,"(-1.6964999437332153,-45.1328010559082)",Bacuri,,,10,,BACURI,
1155,2021-08-17 18:35:58.899,,,false,2101707,"(-2.7586300373077393,-42.82320022583008)",Barreirinhas,,,10,,BARREIRINHAS,
1160,2021-08-17 18:36:02.480,,,false,2101939,"(-4.626659870147705,-44.760799407958984)",Bernardo do Mearim,,,10,,BERNARDO DO MEARIM,
1165,2021-08-17 18:36:06.065,,,false,2102101,"(-3.67795991897583,-42.75270080566406)",Brejo,,,10,,BREJO,
1170,2021-08-17 18:36:09.657,,,false,2102358,"(-5.598229885101318,-47.013099670410156)",Buritirana,,,10,,BURITIRANA,
1174,2021-08-17 18:36:12.522,,,false,2102556,"(-6.170750141143799,-47.36249923706055)",Campestre do Maranhão,,,10,,CAMPESTRE DO MARANHAO,
1180,2021-08-17 18:36:16.828,,,false,2103000,"(-4.865049839019775,-43.361698150634766)",Caxias,,,10,,CAXIAS,
1183,2021-08-17 18:36:18.983,,,false,2103158,"(-2.4489099979400635,-46.03450012207031)",Centro do Guilherme,,,10,,CENTRO DO GUILHERME,
1186,2021-08-17 18:36:21.134,,,false,2103257,"(-5.174650192260742,-47.778099060058594)",Cidelândia,,,10,,CIDELANDIA,
1192,2021-08-17 18:36:25.441,,,false,2103703,"(-1.8147499561309814,-44.86439895629883)",Cururupu,,,10,,CURURUPU,
1196,2021-08-17 18:36:28.323,,,false,2104008,"(-4.879380226135254,-44.69260025024414)",Esperantinópolis,,,10,,ESPERANTINOPOLIS,
1201,2021-08-17 18:36:31.937,,,false,2104107,"(-6.959829807281494,-46.17490005493164)",Fortaleza dos Nogueiras,,,10,,FORTALEZA DOS NOGUEIRAS,
1206,2021-08-17 18:36:35.523,,,false,2104552,"(-5.749730110168457,-47.364601135253906)",Governador Edison Lobão,,,10,,GOVERNADOR EDISON LOBAO,
1211,2021-08-17 18:36:39.107,,,false,2104701,"(-5.40546989440918,-44.33580017089844)",Graça Aranha,,,10,,GRACA ARANHA,
1217,2021-08-17 18:36:42.688,,,false,2105203,"(-4.662499904632568,-44.85580062866211)",Igarapé Grande,,,10,,IGARAPE GRANDE,
1221,2021-08-17 18:36:45.558,,,false,2105427,"(-4.452929973602295,-47.52349853515625)",Itinga do Maranhão,,,10,,ITINGA DO MARANHAO,
1227,2021-08-17 18:36:49.857,,,false,2105708,"(-4.569739818572998,-45.131900787353516)",Lago da Pedra,,,10,,LAGO DA PEDRA,
1232,2021-08-17 18:36:53.441,,,false,2105963,"(-4.9889302253723145,-45.38159942626953)",Lagoa Grande do Maranhão,,,10,,LAGOA GRANDE DO MARANHAO,
1237,2021-08-17 18:36:57.052,,,false,2106300,"(-3.392319917678833,-42.211700439453125)",Magalhães de Almeida,,,10,,MAGALHAES DE ALMEIDA,
1244,2021-08-17 18:37:02.071,,,false,2106631,"(-3.6243999004364014,-44.54679870605469)",Matões do Norte,,,10,,MATOES DO NORTE,
1248,2021-08-17 18:37:04.938,,,false,2106805,"(-2.0709400177001953,-44.77870178222656)",Mirinzal,,,10,,MIRINZAL,
1252,2021-08-17 18:37:07.807,,,false,2107209,"(-3.4678800106048584,-43.91339874267578)",Nina Rodrigues,,,10,,NINA RODRIGUES,
1256,2021-08-17 18:37:10.670,,,false,2107407,"(-4.134170055389404,-45.11629867553711)",Olho d`Água das Cunhãs,,,10,,OLHO D`AGUA DAS CUNHAS,
1262,2021-08-17 18:37:14.979,,,false,2107902,"(-6.177450180053711,-43.7755012512207)",Passagem Franca,,,10,,PASSAGEM FRANCA,
1267,2021-08-17 18:37:18.583,,,false,2108256,"(-2.97271990776062,-45.349300384521484)",Pedro do Rosário,,,10,,PEDRO DO ROSARIO,
1272,2021-08-17 18:37:22.231,,,false,2108603,"(-2.522239923477173,-45.078800201416016)",Pinheiro,,,10,,PINHEIRO,
1277,2021-08-17 18:37:25.885,,,false,2109056,"(-1.8592499494552612,-44.58420181274414)",Porto Rico do Maranhão,,,10,,PORTO RICO DO MARANHAO,
1282,2021-08-17 18:37:29.500,,,false,2109304,"(-3.407870054244995,-44.023399353027344)",Presidente Vargas,,,10,,PRESIDENTE VARGAS,
1288,2021-08-17 18:37:33.800,,,false,2109700,"(-7.134469985961914,-45.35150146484375)",Sambaíba,,,10,,SAMBAIBA,
1292,2021-08-17 18:37:36.672,,,false,2110005,"(-4.068729877471924,-45.689998626708984)",Santa Luzia,,,10,,SANTA LUZIA,
1296,2021-08-17 18:37:39.547,,,false,2110237,"(-3.1089999675750732,-42.40639877319336)",Santana do Maranhão,,,10,,SANTANA DO MARANHAO,
1301,2021-08-17 18:37:43.130,,,false,2110609,"(-3.372230052947998,-42.41910171508789)",São Bernardo,,,10,,SAO BERNARDO,
1304,2021-08-17 18:37:45.281,,,false,2110807,"(-7.075349807739258,-44.809200286865234)",São Félix de Balsas,,,10,,SAO FELIX DE BALSAS,
1308,2021-08-17 18:37:48.148,,,false,2111029,"(-3.550299882888794,-46.250701904296875)",São João do Carú,,,10,,SAO JOAO DO CARU,
1313,2021-08-17 18:37:51.734,,,false,2111250,"(-5.054930210113525,-44.58089828491211)",São José dos Basílios,,,10,,SAO JOSE DOS BASILIOS,
1317,2021-08-17 18:37:54.601,,,false,2111532,"(-5.084720134735107,-48.429100036621094)",São Pedro da Água Branca,,,10,,SAO PEDRO DA AGUA BRANCA,
1318,2021-08-17 18:37:55.318,,,false,2111573,"(-6.823890209197998,-46.531898498535156)",São Pedro dos Crentes,,,10,,SAO PEDRO DOS CRENTES,
1319,2021-08-17 18:37:56.035,,,false,2111607,"(-7.021830081939697,-45.480899810791016)",São Raimundo das Mangabeiras,,,10,,SAO RAIMUNDO DAS MANGABEIRAS,
1324,2021-08-17 18:37:59.617,,,false,2111748,"(-5.250959873199463,-44.05329895019531)",Senador Alexandre Costa,,,10,,SENADOR ALEXANDRE COSTA,
1328,2021-08-17 18:38:02.484,,,false,2111904,"(-6.478390216827393,-44.191898345947266)",Sucupira do Norte,,,10,,SUCUPIRA DO NORTE,
1334,2021-08-17 18:38:06.785,,,false,2112274,"(-3.6735498905181885,-45.62379837036133)",Tufilândia,,,10,,TUFILANDIA,
1340,2021-08-17 18:38:11.087,,,false,2112704,"(-3.5363900661468506,-43.91699981689453)",Vargem Grande,,,10,,VARGEM GRANDE,
1345,2021-08-17 18:38:14.672,,,false,2114007,"(-3.2701399326324463,-45.65530014038086)",Zé Doca,,,10,,ZE DOCA,
1350,2021-08-17 18:38:18.254,,,false,5100359,"(-11.673199653625488,-51.388301849365234)",Alto Boa Vista,,,13,,ALTO BOA VISTA,
1355,2021-08-17 18:38:21.840,,,false,5101001,"(-15.729100227355957,-51.83409881591797)",Araguaiana,,,13,,ARAGUAIANA,
1360,2021-08-17 18:38:25.424,,,false,5101605,"(-16.20669937133789,-55.96229934692383)",Barão de Melgaço,,,13,,BARAO DE MELGACO,
1365,2021-08-17 18:38:29.008,,,false,5102504,"(-16.076400756835938,-57.681800842285156)",Cáceres,,,13,,CACERES,
1370,2021-08-17 18:38:32.648,,,false,5102694,"(-11.0556001663208,-51.820899963378906)",Canabrava do Norte,,,13,,CANABRAVA DO NORTE,
1374,2021-08-17 18:38:35.608,,,false,5103007,"(-15.464300155639648,-55.749900817871094)",Chapada dos Guimarães,,,13,,CHAPADA DOS GUIMARAES,
1381,2021-08-17 18:38:40.679,,,false,5103361,"(-14.538117408752441,-59.544376373291016)",Conquista d`Oeste,,,13,,CONQUISTA D`OESTE,
1388,2021-08-17 18:38:44.987,,,false,5103601,"(-15.809900283813477,-54.922298431396484)",Dom Aquino,,,13,,DOM AQUINO,
1392,2021-08-17 18:38:47.884,,,false,5103908,"(-15.709400177001953,-52.75740051269531)",General Carneiro,,,13,,GENERAL CARNEIRO,
1397,2021-08-17 18:38:51.468,,,false,5104526,"(-12.240799903869629,-56.15310287475586)",Ipiranga do Norte,,,13,,IPIRANGA DO NORTE,
1404,2021-08-17 18:38:56.486,,,false,5105101,"(-11.263899803161621,-57.52439880371094)",Juara,,,13,,JUARA,
1408,2021-08-17 18:38:59.353,,,false,5105234,"(-15.318845748901367,-58.00462341308594)",Lambari d`Oeste,,,13,,LAMBARI D`OESTE,
1414,2021-08-17 18:39:03.662,,,false,5105903,"(-14.719200134277344,-56.328399658203125)",Nobres,,,13,,NOBRES,
1418,2021-08-17 18:39:06.544,,,false,5106208,"(-14.961199760437012,-54.96849822998047)",Nova Brasilândia,,,13,,NOVA BRASILANDIA,
1423,2021-08-17 18:39:10.132,,,false,5108907,"(-13.01360034942627,-57.09080123901367)",Nova Maringá,,,13,,NOVA MARINGA,
1427,2021-08-17 18:39:13.000,,,false,5106190,"(-10.865099906921387,-55.187198638916016)",Nova Santa Helena,,,13,,NOVA SANTA HELENA,
1432,2021-08-17 18:39:16.601,,,false,5106315,"(-12.287500381469727,-50.96860122680664)",Novo Santo Antônio,,,13,,NOVO SANTO ANTONIO,
1437,2021-08-17 18:39:20.214,,,false,5106422,"(-10.226200103759766,-54.979400634765625)",Peixoto de Azevedo,,,13,,PEIXOTO DE AZEVEDO,
1442,2021-08-17 18:39:23.799,,,false,5106752,"(-15.22189998626709,-59.34349822998047)",Pontes e Lacerda,,,13,,PONTES E LACERDA,
1448,2021-08-17 18:39:28.098,,,false,5107040,"(-15.543999671936035,-54.28110122680664)",Primavera do Leste,,,13,,PRIMAVERA DO LESTE,
1452,2021-08-17 18:39:30.967,,,false,5107198,"(-16.485599517822266,-52.69240188598633)",Ribeirãozinho,,,13,,RIBEIRAOZINHO,
1456,2021-08-17 18:39:33.834,,,false,5107701,"(-14.825900077819824,-56.42359924316406)",Rosário Oeste,,,13,,ROSARIO OESTE,
1459,2021-08-17 18:39:36.006,,,false,5107743,"(-10.153200149536133,-52.395301818847656)",Santa Cruz do Xingu,,,13,,SANTA CRUZ DO XINGU,
1464,2021-08-17 18:39:39.626,,,false,5107800,"(-15.86318302154541,-56.07881164550781)",Santo Antônio do Leverger,,,13,,SANTO ANTONIO DO LEVERGER,
1468,2021-08-17 18:39:42.493,,,false,5107354,"(-10.798199653625488,-52.748600006103516)",São José do Xingu,,,13,,SAO JOSE DO XINGU,
1474,2021-08-17 18:39:46.799,,,false,5107925,"(-12.542499542236328,-55.721099853515625)",Sorriso,,,13,,SORRISO,
1478,2021-08-17 18:39:49.668,,,false,5108055,"(-10.517000198364258,-55.23099899291992)",Terra Nova do Norte,,,13,,TERRA NOVA DO NORTE,
1484,2021-08-17 18:39:53.997,,,false,5108501,"(-12.3016996383667,-55.304500579833984)",Vera,,,13,,VERA,
1488,2021-08-17 18:39:56.864,,,false,5000252,"(-18.32550048828125,-53.704200744628906)",Alcinópolis,,,12,,ALCINOPOLIS,
1493,2021-08-17 18:40:00.472,,,false,5000906,"(-22.192699432373047,-55.951698303222656)",Antônio João,,,12,,ANTONIO JOAO,
1498,2021-08-17 18:40:04.080,,,false,5001904,"(-21.715900421142578,-52.42210006713867)",Bataguassu,,,12,,BATAGUASSU,
1505,2021-08-17 18:40:08.452,,,false,5002605,"(-19.534700393676758,-54.04309844970703)",Camapuã,,,12,,CAMAPUA,
1510,2021-08-17 18:40:12.057,,,false,5003108,"(-19.82430076599121,-54.82809829711914)",Corguinho,,,12,,CORGUINHO,
1515,2021-08-17 18:40:15.641,,,false,5003454,"(-22.27630043029785,-54.1682014465332)",Deodápolis,,,12,,DEODAPOLIS,
1520,2021-08-17 18:40:19.230,,,false,5003801,"(-22.3789005279541,-54.513099670410156)",Fátima do Sul,,,12,,FATIMA DO SUL,
1524,2021-08-17 18:40:22.155,,,false,5004304,"(-23.673599243164062,-54.56370162963867)",Iguatemi,,,12,,IGUATEMI,
1525,2021-08-17 18:40:22.871,,,false,5004403,"(-19.727699279785156,-51.9281005859375)",Inocência,,,12,,INOCENCIA,
1527,2021-08-17 18:40:24.306,,,false,5004601,"(-23.4778995513916,-54.1870002746582)",Itaquiraí,,,12,,ITAQUIRAI,
1533,2021-08-17 18:40:28.924,,,false,5005152,"(-22.859600067138672,-54.60609817504883)",Juti,,,12,,JUTI,
1538,2021-08-17 18:40:32.523,,,false,5005681,"(-23.93549919128418,-54.28099822998047)",Mundo Novo,,,12,,MUNDO NOVO,
1543,2021-08-17 18:40:36.145,,,false,5006259,"(-22.669300079345703,-53.86009979248047)",Novo Horizonte do Sul,,,12,,NOVO HORIZONTE DO SUL,
1548,2021-08-17 18:40:39.763,,,false,5006903,"(-21.69809913635254,-57.88359832763672)",Porto Murtinho,,,12,,PORTO MURTINHO,
1552,2021-08-17 18:40:42.628,,,false,5007406,"(-18.92490005493164,-54.84339904785156)",Rio Verde de Mato Grosso,,,12,,RIO VERDE DE MATO GROSSO,
1558,2021-08-17 18:40:46.933,,,false,5007901,"(-20.930200576782227,-54.969200134277344)",Sidrolândia,,,12,,SIDROLANDIA,
1564,2021-08-17 18:40:51.233,,,false,5008404,"(-22.409799575805664,-54.44150161743164)",Vicentina,,,12,,VICENTINA,
1570,2021-08-17 18:40:55.558,,,false,3100609,"(-17.99139976501465,-42.38059997558594)",Água Boa,,,11,,AGUA BOA,
1575,2021-08-17 18:40:59.142,,,false,3101102,"(-19.500699996948242,-41.07460021972656)",Aimorés,,,11,,AIMORES,
1581,2021-08-17 18:41:03.451,,,false,3101631,"(-21.153499603271484,-43.77180099487305)",Alfredo Vasconcelos,,,11,,ALFREDO VASCONCELOS,
1586,2021-08-17 18:41:07.033,,,false,3102050,"(-20.430999755859375,-41.87379837036133)",Alto Caparaó,,,11,,ALTO CAPARAO,
1591,2021-08-17 18:41:10.627,,,false,3102407,"(-18.733400344848633,-43.363800048828125)",Alvorada de Minas,,,11,,ALVORADA DE MINAS,
1595,2021-08-17 18:41:13.494,,,false,3102852,"(-17.7278995513916,-42.26409912109375)",Angelândia,,,11,,ANGELANDIA,
1596,2021-08-17 18:41:14.218,,,false,3102902,"(-21.320999145507812,-43.74509811401367)",Antônio Carlos,,,11,,ANTONIO CARLOS,
1601,2021-08-17 18:41:17.803,,,false,3103405,"(-16.8523006439209,-42.06370162963867)",Araçuaí,,,11,,ARACUAI,
1607,2021-08-17 18:41:22.103,,,false,3103900,"(-19.940500259399414,-45.16709899902344)",Araújos,,,11,,ARAUJOS,
1613,2021-08-17 18:41:26.405,,,false,3104452,"(-17.866600036621094,-42.55329895019531)",Aricanduva,,,11,,ARICANDUVA,
1618,2021-08-17 18:41:29.990,,,false,3104908,"(-21.957000732421875,-44.88740158081055)",Baependi,,,11,,BAEPENDI,
1623,2021-08-17 18:41:33.579,,,false,3105400,"(-19.938899993896484,-43.47549819946289)",Barão de Cocais,,,11,,BARAO DE COCAIS,
1628,2021-08-17 18:41:37.163,,,false,3106002,"(-19.8302001953125,-43.092201232910156)",Bela Vista de Minas,,,11,,BELA VISTA DE MINAS,
1635,2021-08-17 18:41:42.180,,,false,3106606,"(-17.05900001525879,-40.58000183105469)",Bertópolis,,,11,,BERTOPOLIS,
1640,2021-08-17 18:41:45.764,,,false,3107109,"(-21.09269905090332,-45.56119918823242)",Boa Esperança,,,11,,BOA ESPERANCA,
1645,2021-08-17 18:41:49.351,,,false,3107604,"(-21.014799118041992,-46.517398834228516)",Bom Jesus da Penha,,,11,,BOM JESUS DA PENHA,
1650,2021-08-17 18:41:52.972,,,false,3108107,"(-20.3302001953125,-44.23659896850586)",Bonfim,,,11,,BONFIM,
1654,2021-08-17 18:41:55.839,,,false,3108404,"(-21.641199111938477,-46.39099884033203)",Botelhos,,,11,,BOTELHOS,
1658,2021-08-17 18:41:58.709,,,false,3108602,"(-16.210399627685547,-44.429901123046875)",Brasília de Minas,,,11,,BRASILIA DE MINAS,
1665,2021-08-17 18:42:03.726,,,false,3109303,"(-15.621800422668457,-46.42210006713867)",Buritis,,,11,,BURITIS,
1666,2021-08-17 18:42:04.443,,,false,3109402,"(-17.3656005859375,-44.960601806640625)",Buritizeiro,,,11,,BURITIZEIRO,
1670,2021-08-17 18:42:07.321,,,false,3109709,"(-22.35110092163086,-45.78089904785156)",Cachoeira de Minas,,,11,,CACHOEIRA DE MINAS,
1676,2021-08-17 18:42:11.627,,,false,3110202,"(-20.790300369262695,-42.79249954223633)",Cajuri,,,11,,CAJURI,
1681,2021-08-17 18:42:15.210,,,false,3110707,"(-21.854000091552734,-45.28960037231445)",Cambuquira,,,11,,CAMBUQUIRA,
1686,2021-08-17 18:42:18.809,,,false,3111150,"(-16.50279998779297,-44.809600830078125)",Campo Azul,,,11,,CAMPO AZUL,
1691,2021-08-17 18:42:22.398,,,false,3111606,"(-21.23699951171875,-45.756900787353516)",Campos Gerais,,,11,,CAMPOS GERAIS,
1697,2021-08-17 18:42:26.708,,,false,3112109,"(-20.528900146484375,-41.90610122680664)",Caparaó,,,11,,CAPARAO,
1702,2021-08-17 18:42:30.303,,,false,3112604,"(-18.686199188232422,-49.57059860229492)",Capinópolis,,,11,,CAPINOPOLIS,
1707,2021-08-17 18:42:33.910,,,false,3113008,"(-17.186199188232422,-41.700401306152344)",Caraí,,,11,,CARAI,
1712,2021-08-17 18:42:37.625,,,false,3113503,"(-17.52549934387207,-43.01369857788086)",Carbonita,,,11,,CARBONITA,
1716,2021-08-17 18:42:40.581,,,false,3113909,"(-21.463300704956055,-45.22010040283203)",Carmo da Cachoeira,,,11,,CARMO DA CACHOEIRA,
1721,2021-08-17 18:42:44.274,,,false,3114402,"(-20.973600387573242,-46.114898681640625)",Carmo do Rio Claro,,,11,,CARMO DO RIO CLARO,
1727,2021-08-17 18:42:48.702,,,false,3114907,"(-20.792499542236328,-43.93429946899414)",Casa Grande,,,11,,CASA GRANDE,
1732,2021-08-17 18:42:52.367,,,false,3115409,"(-20.690099716186523,-43.493900299072266)",Catas Altas da Noruega,,,11,,CATAS ALTAS DA NORUEGA,
1735,2021-08-17 18:42:54.547,,,false,3115508,"(-21.975299835205078,-44.93190002441406)",Caxambu,,,11,,CAXAMBU,
1737,2021-08-17 18:42:56.001,,,false,3115706,"(-18.761199951171875,-41.314300537109375)",Central de Minas,,,11,,CENTRAL DE MINAS,
1743,2021-08-17 18:43:00.361,,,false,3116209,"(-21.99959945678711,-43.06169891357422)",Chiador,,,11,,CHIADOR,
1748,2021-08-17 18:43:03.992,,,false,3116704,"(-20.853500366210938,-42.80080032348633)",Coimbra,,,11,,COIMBRA,
1752,2021-08-17 18:43:06.905,,,false,3117108,"(-21.09600067138672,-46.204898834228516)",Conceição da Aparecida,,,11,,CONCEICAO DA APARECIDA,
1756,2021-08-17 18:43:09.809,,,false,3117405,"(-19.932600021362305,-41.690799713134766)",Conceição de Ipanema,,,11,,CONCEICAO DE IPANEMA,
1761,2021-08-17 18:43:13.449,,,false,3117836,"(-15.289199829101562,-44.41809844970703)",Cônego Marinho,,,11,,CONEGO MARINHO,
1766,2021-08-17 18:43:17.082,,,false,3118205,"(-19.93120002746582,-47.549198150634766)",Conquista,,,11,,CONQUISTA,
1771,2021-08-17 18:43:20.722,,,false,3118700,"(-21.185800552368164,-45.43659973144531)",Coqueiral,,,11,,COQUEIRAL,
1776,2021-08-17 18:43:24.357,,,false,3119203,"(-18.6156005859375,-42.27909851074219)",Coroaci,,,11,,COROACI,
1780,2021-08-17 18:43:27.264,,,false,3119609,"(-21.589799880981445,-43.25600051879883)",Coronel Pacheco,,,11,,CORONEL PACHECO,
1785,2021-08-17 18:43:30.901,,,false,3120003,"(-19.83609962463379,-42.398799896240234)",Córrego Novo,,,11,,CORREGO NOVO,
1789,2021-08-17 18:43:33.809,,,false,3120300,"(-16.715999603271484,-42.85710144042969)",Cristália,,,11,,CRISTALIA,
1794,2021-08-17 18:43:37.453,,,false,3120805,"(-21.84000015258789,-44.80670166015625)",Cruzília,,,11,,CRUZILIA,
1799,2021-08-17 18:43:41.086,,,false,3121100,"(-22.503599166870117,-45.27920150756836)",Delfim Moreira,,,11,,DELFIM MOREIRA,
1803,2021-08-17 18:43:43.990,,,false,3121407,"(-20.665000915527344,-44.33340072631836)",Desterro de Entre Rios,,,11,,DESTERRO DE ENTRE RIOS,
1805,2021-08-17 18:43:45.451,,,false,3121605,"(-18.241300582885742,-43.60309982299805)",Diamantina,,,11,,DIAMANTINA,
1810,2021-08-17 18:43:49.118,,,false,3122108,"(-18.77549934387207,-41.47809982299805)",Divino das Laranjeiras,,,11,,DIVINO DAS LARANJEIRAS,
1814,2021-08-17 18:43:52.760,,,false,3122405,"(-21.509199142456055,-46.190399169921875)",Divisa Nova,,,11,,DIVISA NOVA,
1819,2021-08-17 18:43:56.392,,,false,3122702,"(-20.162700653076172,-42.96269989013672)",Dom Silvério,,,11,,DOM SILVERIO,
1824,2021-08-17 18:44:00.023,,,false,3123205,"(-19.462799072265625,-45.59270095825195)",Dores do Indaiá,,,11,,DORES DO INDAIA,
1829,2021-08-17 18:44:03.686,,,false,3123601,"(-21.608800888061523,-45.56909942626953)",Elói Mendes,,,11,,ELOI MENDES,
1833,2021-08-17 18:44:06.590,,,false,3123908,"(-20.67060089111328,-44.065399169921875)",Entre Rios de Minas,,,11,,ENTRE RIOS DE MINAS,
1838,2021-08-17 18:44:10.223,,,false,3124401,"(-22.045400619506836,-45.95479965209961)",Espírito Santo do Dourado,,,11,,ESPIRITO SANTO DO DOURADO,
1844,2021-08-17 18:44:14.582,,,false,3125002,"(-21.549800872802734,-43.50680160522461)",Ewbank da Câmara,,,11,,EWBANK DA CAMARA,
1851,2021-08-17 18:44:19.672,,,false,3125804,"(-19.15410041809082,-42.080299377441406)",Fernandes Tourinho,,,11,,FERNANDES TOURINHO,
1857,2021-08-17 18:44:24.029,,,false,3126307,"(-20.850799560546875,-46.71200180053711)",Fortaleza de Minas,,,11,,FORTALEZA DE MINAS,
1861,2021-08-17 18:44:26.940,,,false,3126703,"(-16.48270034790039,-43.489601135253906)",Francisco Sá,,,11,,FRANCISCO SA,
1866,2021-08-17 18:44:30.585,,,false,3127008,"(-20.274799346923828,-49.19839859008789)",Fronteira,,,11,,FRONTEIRA,
1871,2021-08-17 18:44:34.226,,,false,3127305,"(-19.000499725341797,-41.538700103759766)",Galiléia,,,11,,GALILEIA,
1876,2021-08-17 18:44:37.859,,,false,3127404,"(-22.654499053955078,-45.85559844970703)",Gonçalves,,,11,,GONCALVES,
1881,2021-08-17 18:44:41.490,,,false,3127909,"(-18.50029945373535,-47.7318000793457)",Grupiara,,,11,,GRUPIARA,
1886,2021-08-17 18:44:45.132,,,false,3128303,"(-21.300899505615234,-46.7963981628418)",Guaranésia,,,11,,GUARANESIA,
1892,2021-08-17 18:44:49.496,,,false,3128907,"(-18.842500686645508,-46.79010009765625)",Guimarânia,,,11,,GUIMARANIA,
1897,2021-08-17 18:44:53.131,,,false,3129400,"(-21.433000564575195,-43.96390151977539)",Ibertioga,,,11,,IBERTIOGA,
1903,2021-08-17 18:44:57.490,,,false,3129905,"(-22.060400009155273,-46.436798095703125)",Ibitiúra de Minas,,,11,,IBITIURA DE MINAS,
1910,2021-08-17 18:45:02.643,,,false,3130507,"(-20.940200805664062,-45.8307991027832)",Ilicínea,,,11,,ILICINEA,
1914,2021-08-17 18:45:05.547,,,false,3130705,"(-19.034099578857422,-47.91550064086914)",Indianópolis,,,11,,INDIANOPOLIS,
1921,2021-08-17 18:45:09.904,,,false,3131307,"(-19.470300674438477,-42.54759979248047)",Ipatinga,,,11,,IPATINGA,
1929,2021-08-17 18:45:14.989,,,false,3132107,"(-15.08899974822998,-44.095001220703125)",Itacarambi,,,11,,ITACARAMBI,
1934,2021-08-17 18:45:18.622,,,false,3132602,"(-21.41790008544922,-42.8129997253418)",Itamarati de Minas,,,11,,ITAMARATI DE MINAS,
1939,2021-08-17 18:45:22.266,,,false,3133105,"(-22.294200897216797,-44.938201904296875)",Itanhandu,,,11,,ITANHANDU,
1943,2021-08-17 18:45:25.170,,,false,3133501,"(-20.470399856567383,-45.12699890136719)",Itapecerica,,,11,,ITAPECERICA,
1946,2021-08-17 18:45:27.356,,,false,3133758,"(-20.737499237060547,-46.752498626708984)",Itaú de Minas,,,11,,ITAU DE MINAS,
1952,2021-08-17 18:45:31.722,,,false,3134301,"(-21.317100524902344,-44.872398376464844)",Itumirim,,,11,,ITUMIRIM,
1958,2021-08-17 18:45:36.090,,,false,3134905,"(-22.285999298095703,-46.616600036621094)",Jacutinga,,,11,,JACUTINGA,
1963,2021-08-17 18:45:39.726,,,false,3135209,"(-15.480199813842773,-44.36389923095703)",Januária,,,11,,JANUARIA,
1968,2021-08-17 18:45:43.384,,,false,3135506,"(-20.454200744628906,-42.66510009765625)",Jequeri,,,11,,JEQUERI,
1974,2021-08-17 18:45:47.745,,,false,3136108,"(-19.17289924621582,-42.6775016784668)",Joanésia,,,11,,JOANESIA,
1978,2021-08-17 18:45:50.656,,,false,3136504,"(-15.900899887084961,-40.18410110473633)",Jordânia,,,11,,JORDANIA,
1983,2021-08-17 18:45:54.299,,,false,3136702,"(-21.75950050354004,-43.33980178833008)",Juiz de Fora,,,11,,JUIZ DE FORA,
1989,2021-08-17 18:45:58.676,,,false,3137205,"(-20.023700714111328,-45.54010009765625)",Lagoa da Prata,,,11,,LAGOA DA PRATA,
1994,2021-08-17 18:46:02.319,,,false,3137601,"(-19.639699935913086,-43.8931999206543)",Lagoa Santa,,,11,,LAGOA SANTA,
2000,2021-08-17 18:46:06.675,,,false,3138203,"(-21.24799919128418,-45.00090026855469)",Lavras,,,11,,LAVRAS,
2005,2021-08-17 18:46:10.306,,,false,3138609,"(-21.838600158691406,-43.793399810791016)",Lima Duarte,,,11,,LIMA DUARTE,
2009,2021-08-17 18:46:13.210,,,false,3138682,"(-16.109500885009766,-44.588600158691406)",Luislândia,,,11,,LUISLANDIA,
2013,2021-08-17 18:46:16.120,,,false,3139003,"(-21.677799224853516,-45.92190170288086)",Machado,,,11,,MACHADO,
2017,2021-08-17 18:46:19.023,,,false,3139300,"(-14.752900123596191,-43.9390983581543)",Manga,,,11,,MANGA,
2022,2021-08-17 18:46:22.657,,,false,3139706,"(-19.507600784301758,-44.67789840698242)",Maravilhas,,,11,,MARAVILHAS,
2027,2021-08-17 18:46:26.287,,,false,3140209,"(-21.697900772094727,-42.9546012878418)",Maripá de Minas,,,11,,MARIPA DE MINAS,
2033,2021-08-17 18:46:30.683,,,false,3140605,"(-18.469900131225586,-43.057899475097656)",Materlândia,,,11,,MATERLANDIA,
2038,2021-08-17 18:46:34.328,,,false,3140902,"(-20.28730010986328,-42.3400993347168)",Matipó,,,11,,MATIPO,
2042,2021-08-17 18:46:37.241,,,false,3141306,"(-19.986499786376953,-46.218101501464844)",Medeiros,,,11,,MEDEIROS,
2048,2021-08-17 18:46:41.614,,,false,3141900,"(-21.67970085144043,-44.605098724365234)",Minduri,,,11,,MINDURI,
2054,2021-08-17 18:46:45.978,,,false,3142403,"(-19.838699340820312,-45.41270065307617)",Moema,,,11,,MOEMA,
2058,2021-08-17 18:46:48.891,,,false,3142809,"(-18.868999481201172,-48.88100051879883)",Monte Alegre de Minas,,,11,,MONTE ALEGRE DE MINAS,
2063,2021-08-17 18:46:52.528,,,false,3143203,"(-21.187299728393555,-46.97529983520508)",Monte Santo de Minas,,,11,,MONTE SANTO DE MINAS,
2068,2021-08-17 18:46:56.168,,,false,3143609,"(-18.535600662231445,-44.60100173950195)",Morro da Garça,,,11,,MORRO DA GARCA,
2075,2021-08-17 18:47:01.261,,,false,3144300,"(-17.848100662231445,-40.35329818725586)",Nanuque,,,11,,NANUQUE,
2080,2021-08-17 18:47:04.894,,,false,3144607,"(-21.23240089416504,-45.23500061035156)",Nepomuceno,,,11,,NEPOMUCENO,
2083,2021-08-17 18:47:07.073,,,false,3144706,"(-19.757699966430664,-43.03329849243164)",Nova Era,,,11,,NOVA ERA,
2085,2021-08-17 18:47:08.525,,,false,3144904,"(-18.441699981689453,-41.4984016418457)",Nova Módica,,,11,,NOVA MODICA,
2089,2021-08-17 18:47:11.454,,,false,3145208,"(-19.871299743652344,-44.98469924926758)",Nova Serrana,,,11,,NOVA SERRANA,
2095,2021-08-17 18:47:15.814,,,false,3145455,"(-17.398195266723633,-43.5718994140625)",Olhos-d`Água,,,11,,OLHOS-D`AGUA,
2099,2021-08-17 18:47:18.731,,,false,3145802,"(-19.72760009765625,-44.80580139160156)",Onça de Pitangui,,,11,,ONCA DE PITANGUI,
2105,2021-08-17 18:47:23.093,,,false,3146206,"(-18.0718994140625,-41.273399353027344)",Ouro Verde de Minas,,,11,,OURO VERDE DE MINAS,
2111,2021-08-17 18:47:27.457,,,false,3146602,"(-21.29129981994629,-43.40879821777344)",Paiva,,,11,,PAIVA,
2115,2021-08-17 18:47:30.375,,,false,3147105,"(-19.8533992767334,-44.61140060424805)",Pará de Minas,,,11,,PARA DE MINAS,
2120,2021-08-17 18:47:34.006,,,false,3147600,"(-22.387100219726562,-44.97090148925781)",Passa Quatro,,,11,,PASSA QUATRO,
2126,2021-08-17 18:47:38.363,,,false,3148004,"(-18.569900512695312,-46.50130081176758)",Patos de Minas,,,11,,PATOS DE MINAS,
2131,2021-08-17 18:47:41.997,,,false,3148509,"(-17.426700592041016,-41.003501892089844)",Pavão,,,11,,PAVAO,
2136,2021-08-17 18:47:45.633,,,false,3148905,"(-20.25629997253418,-45.21070098876953)",Pedra do Indaiá,,,11,,PEDRA DO INDAIA,
2141,2021-08-17 18:47:49.273,,,false,3149309,"(-19.630800247192383,-44.038299560546875)",Pedro Leopoldo,,,11,,PEDRO LEOPOLDO,
2147,2021-08-17 18:47:53.629,,,false,3149903,"(-21.09320068359375,-45.089599609375)",Perdões,,,11,,PERDOES,
2151,2021-08-17 18:47:56.538,,,false,3150158,"(-19.759300231933594,-42.075599670410156)",Piedade de Caratinga,,,11,,PIEDADE DE CARATINGA,
2153,2021-08-17 18:47:57.994,,,false,3150307,"(-21.4689998626709,-44.19380187988281)",Piedade do Rio Grande,,,11,,PIEDADE DO RIO GRANDE,
2157,2021-08-17 18:48:00.900,,,false,3150570,"(-16.057199478149414,-45.140201568603516)",Pintópolis,,,11,,PINTOPOLIS,
2162,2021-08-17 18:48:04.539,,,false,3151008,"(-22.395000457763672,-45.53239822387695)",Piranguinho,,,11,,PIRANGUINHO,
2169,2021-08-17 18:48:09.647,,,false,3151701,"(-21.780000686645508,-45.96580123901367)",Poço Fundo,,,11,,POCO FUNDO,
2174,2021-08-17 18:48:13.279,,,false,3152131,"(-16.62820053100586,-45.058799743652344)",Ponto Chique,,,11,,PONTO CHIQUE,
2179,2021-08-17 18:48:16.922,,,false,3152501,"(-22.226600646972656,-45.938899993896484)",Pouso Alegre,,,11,,POUSO ALEGRE,
2185,2021-08-17 18:48:21.284,,,false,3153103,"(-20.765600204467773,-43.18949890136719)",Presidente Bernardes,,,11,,PRESIDENTE BERNARDES,
2189,2021-08-17 18:48:24.191,,,false,3153608,"(-19.474199295043945,-44.15909957885742)",Prudente de Morais,,,11,,PRUDENTE DE MORAIS,
2195,2021-08-17 18:48:28.552,,,false,3154150,"(-20.240100860595703,-41.984798431396484)",Reduto,,,11,,REDUTO,
2200,2021-08-17 18:48:32.185,,,false,3154507,"(-16.00909996032715,-43.04880142211914)",Riacho dos Machados,,,11,,RIACHO DOS MACHADOS,
2204,2021-08-17 18:48:35.094,,,false,3154903,"(-20.228500366210938,-42.64619827270508)",Rio Casca,,,11,,RIO CASCA,
2209,2021-08-17 18:48:38.734,,,false,3155405,"(-21.46489906311035,-43.116798400878906)",Rio Novo,,,11,,RIO NOVO,
2214,2021-08-17 18:48:42.367,,,false,3155900,"(-22.08609962463379,-43.82929992675781)",Rio Preto,,,11,,RIO PRETO,
2219,2021-08-17 18:48:51.437,,,false,3156403,"(-18.883800506591797,-47.57820129394531)",Romaria,,,11,,ROMARIA,
2222,2021-08-17 18:48:53.627,,,false,3156601,"(-16.377500534057617,-40.53969955444336)",Rubim,,,11,,RUBIM,
2224,2021-08-17 18:48:55.097,,,false,3156809,"(-18.665300369262695,-43.075199127197266)",Sabinópolis,,,11,,SABINOPOLIS,
2229,2021-08-17 18:48:58.728,,,false,3157252,"(-19.975299835205078,-42.14569854736328)",Santa Bárbara do Leste,,,11,,SANTA BARBARA DO LESTE,
2233,2021-08-17 18:49:01.633,,,false,3157377,"(-16.09670066833496,-41.741798400878906)",Santa Cruz de Salinas,,,11,,SANTA CRUZ DE SALINAS,
2238,2021-08-17 18:49:05.279,,,false,3157708,"(-19.310800552368164,-47.53219985961914)",Santa Juliana,,,11,,SANTA JULIANA,
2242,2021-08-17 18:49:08.503,,,false,3158102,"(-16.247900009155273,-40.15119934082031)",Santa Maria do Salto,,,11,,SANTA MARIA DO SALTO,
2247,2021-08-17 18:49:12.610,,,false,3159357,"(-19.875999450683594,-42.13629913330078)",Santa Rita de Minas,,,11,,SANTA RITA DE MINAS,
2251,2021-08-17 18:49:15.832,,,false,3159803,"(-18.841400146484375,-50.12080001831055)",Santa Vitória,,,11,,SANTA VITORIA,
2255,2021-08-17 18:49:20.097,,,false,3158607,"(-21.951200485229492,-43.15829849243164)",Santana do Deserto,,,11,,SANTANA DO DESERTO,
2259,2021-08-17 18:49:23.805,,,false,3158953,"(-19.366100311279297,-42.54460144042969)",Santana do Paraíso,,,11,,SANTANA DO PARAISO,
2263,2021-08-17 18:49:26.759,,,false,3160009,"(-21.76059913635254,-42.811500549316406)",Santo Antônio do Aventureiro,,,11,,SANTO ANTONIO DO AVENTUREIRO,
2268,2021-08-17 18:49:30.439,,,false,3160454,"(-15.339300155639648,-42.61709976196289)",Santo Antônio do Retiro,,,11,,SANTO ANTONIO DO RETIRO,
2273,2021-08-17 18:49:34.121,,,false,3160900,"(-20.62420082092285,-43.951499938964844)",São Brás do Suaçuí,,,11,,SAO BRAS DO SUACUI,
2278,2021-08-17 18:49:37.798,,,false,3161205,"(-20.70359992980957,-44.98379898071289)",São Francisco de Paula,,,11,,SAO FRANCISCO DE PAULA,
2282,2021-08-17 18:49:40.742,,,false,3161601,"(-18.841100692749023,-42.28670120239258)",São Geraldo da Piedade,,,11,,SAO GERALDO DA PIEDADE,
2286,2021-08-17 18:49:43.949,,,false,3161908,"(-19.822099685668945,-43.36600112915039)",São Gonçalo do Rio Abaixo,,,11,,SAO GONCALO DO RIO ABAIXO,
2287,2021-08-17 18:49:44.703,,,false,3125507,"(-18.002500534057617,-43.385398864746094)",São Gonçalo do Rio Preto,,,11,,SAO GONCALO DO RIO PRETO,
2290,2021-08-17 18:49:46.964,,,false,3162203,"(-20.635000228881836,-46.507999420166016)",São João Batista do Glória,,,11,,SAO JOAO BATISTA DO GLORIA,
2295,2021-08-17 18:49:50.737,,,false,3162500,"(-21.131099700927734,-44.252601623535156)",São João del Rei,,,11,,SAO JOAO DEL REI,
2300,2021-08-17 18:49:54.502,,,false,3162708,"(-15.316800117492676,-42.02130126953125)",São João do Paraíso,,,11,,SAO JOAO DO PARAISO,
2304,2021-08-17 18:49:57.524,,,false,3162948,"(-20.71780014038086,-46.3129997253418)",São José da Barra,,,11,,SAO JOSE DA BARRA,
2308,2021-08-17 18:50:00.550,,,false,3163201,"(-22.32430076599121,-45.52579879760742)",São José do Alegre,,,11,,SAO JOSE DO ALEGRE,
2312,2021-08-17 18:50:03.614,,,false,3163607,"(-20.005800247192383,-41.748600006103516)",São José do Mantimento,,,11,,SAO JOSE DO MANTIMENTO,
2317,2021-08-17 18:50:07.381,,,false,3164001,"(-20.173200607299805,-42.52510070800781)",São Pedro dos Ferros,,,11,,SAO PEDRO DOS FERROS,
2321,2021-08-17 18:50:10.405,,,false,3164431,"(-19.747671127319336,-43.367919921875)",São Sebastião da Vargem Alegre,,,11,,SAO SEBASTIAO DA VARGEM ALEGRE,
2326,2021-08-17 18:50:14.186,,,false,3164803,"(-19.295900344848633,-43.17570114135742)",São Sebastião do Rio Preto,,,11,,SAO SEBASTIAO DO RIO PRETO,
2330,2021-08-17 18:50:17.211,,,false,3165107,"(-20.77910041809082,-47.09619903564453)",São Tomás de Aquino,,,11,,SAO TOMAS DE AQUINO,
2337,2021-08-17 18:50:22.492,,,false,3165602,"(-21.798599243164062,-42.94240188598633)",Senador Cortes,,,11,,SENADOR CORTES,
2340,2021-08-17 18:50:25.511,,,false,3165909,"(-17.946500778198242,-43.217201232910156)",Senador Modestino Gonçalves,,,11,,SENADOR MODESTINO GONCALVES,
2345,2021-08-17 18:50:29.295,,,false,3166402,"(-21.913400650024414,-44.518001556396484)",Seritinga,,,11,,SERITINGA,
2349,2021-08-17 18:50:32.316,,,false,3166709,"(-17.787200927734375,-40.24530029296875)",Serra dos Aimorés,,,11,,SERRA DOS AIMORES,
2351,2021-08-17 18:50:33.833,,,false,3166956,"(-15.81760025024414,-42.873199462890625)",Serranópolis de Minas,,,11,,SERRANOPOLIS DE MINAS,
2354,2021-08-17 18:50:36.100,,,false,3167202,"(-19.456899642944336,-44.24129867553711)",Sete Lagoas,,,11,,SETE LAGOAS,
2359,2021-08-17 18:50:39.881,,,false,3167608,"(-20.13409996032715,-42.00910186767578)",Simonésia,,,11,,SIMONESIA,
2364,2021-08-17 18:50:43.656,,,false,3168051,"(-19.762100219726562,-41.608001708984375)",Taparuba,,,11,,TAPARUBA,
2369,2021-08-17 18:50:47.429,,,false,3168507,"(-20.656099319458008,-42.85639953613281)",Teixeiras,,,11,,TEIXEIRAS,
2375,2021-08-17 18:50:51.975,,,false,3169059,"(-22.369800567626953,-46.09709930419922)",Tocos do Moji,,,11,,TOCOS DO MOJI,
2381,2021-08-17 18:50:56.498,,,false,3169505,"(-18.984399795532227,-41.6526985168457)",Tumiritinga,,,11,,TUMIRITINGA,
2386,2021-08-17 18:51:00.271,,,false,3170008,"(-16.28849983215332,-44.77830123901367)",Ubaí,,,11,,UBAI,
2391,2021-08-17 18:51:04.044,,,false,3170404,"(-16.35919952392578,-46.902198791503906)",Unaí,,,11,,UNAI,
2396,2021-08-17 18:51:07.816,,,false,3170578,"(-19.598800659179688,-42.294898986816406)",Vargem Alegre,,,11,,VARGEM ALEGRE,
2400,2021-08-17 18:51:10.848,,,false,3170750,"(-18.374099731445312,-46.03129959106445)",Varjão de Minas,,,11,,VARJAO DE MINAS,
2406,2021-08-17 18:51:15.389,,,false,3171105,"(-19.665700912475586,-48.311798095703125)",Veríssimo,,,11,,VERISSIMO,
2411,2021-08-17 18:51:19.187,,,false,3171600,"(-16.80699920654297,-42.343101501464844)",Virgem da Lapa,,,11,,VIRGEM DA LAPA,
2416,2021-08-17 18:51:22.959,,,false,3172103,"(-21.767099380493164,-42.537498474121094)",Volta Grande,,,11,,VOLTA GRANDE,
2421,2021-08-17 18:51:26.731,,,false,1500305,"(-0.15487399697303772,-50.38610076904297)",Afuá,,,14,,AFUA,
2422,2021-08-17 18:51:27.494,,,false,1500347,"(-6.790530204772949,-50.47909927368164)",Água Azul do Norte,,,14,,AGUA AZUL DO NORTE,
2429,2021-08-17 18:51:32.773,,,false,1500909,"(-1.051086664199829,-46.61468505859375)",Augusto Corrêa,,,14,,AUGUSTO CORREA,
2435,2021-08-17 18:51:37.327,,,false,1501303,"(-1.51187002658844,-48.61949920654297)",Barcarena,,,14,,BARCARENA,
2441,2021-08-17 18:51:41.847,,,false,1501709,"(-1.0612599849700928,-46.78260040283203)",Bragança,,,14,,BRAGANCA,
2445,2021-08-17 18:51:44.873,,,false,1501808,"(-1.680359959602356,-50.47909927368164)",Breves,,,14,,BREVES,
2450,2021-08-17 18:51:48.644,,,false,1502152,"(-6.4965901374816895,-49.877601623535156)",Canaã dos Carajás,,,14,,CANAA DOS CARAJAS,
2455,2021-08-17 18:51:52.411,,,false,1502608,"(-0.9364230036735535,-48.28030014038086)",Colares,,,14,,COLARES,
2459,2021-08-17 18:51:55.464,,,false,1502772,"(-6.099649906158447,-49.6068000793457)",Curionópolis,,,14,,CURIONOPOLIS,
2464,2021-08-17 18:51:59.243,,,false,1502954,"(-6.1038899421691895,-49.35530090332031)",Eldorado dos Carajás,,,14,,ELDORADO DOS CARAJAS,
2470,2021-08-17 18:52:03.808,,,false,1503200,"(-1.1253918409347534,-47.6259880065918)",Igarapé-Açu,,,14,,IGARAPE-ACU,
2476,2021-08-17 18:52:08.332,,,false,1503705,"(-5.132719993591309,-49.33580017089844)",Itupiranga,,,14,,ITUPIRANGA,
2480,2021-08-17 18:52:11.362,,,false,1504000,"(-1.8984999656677246,-49.39030075073242)",Limoeiro do Ajuru,,,14,,LIMOEIRO DO AJURU,
2486,2021-08-17 18:52:15.884,,,false,1504422,"(-1.3600200414657593,-48.342098236083984)",Marituba,,,14,,MARITUBA,
2491,2021-08-17 18:52:19.651,,,false,1504802,"(-1.9976799488067627,-54.0723991394043)",Monte Alegre,,,14,,MONTE ALEGRE,
2493,2021-08-17 18:52:21.174,,,false,1504950,"(-2.266930103302002,-46.97309875488281)",Nova Esperança do Piriá,,,14,,NOVA ESPERANCA DO PIRIA,
2499,2021-08-17 18:52:25.728,,,false,1505205,"(-2.003580093383789,-49.86280059814453)",Oeiras do Pará,,,14,,OEIRAS DO PARA,
2504,2021-08-17 18:52:29.503,,,false,1505494,"(-5.740270137786865,-48.31809997558594)",Palestina do Pará,,,14,,PALESTINA DO PARA,
2510,2021-08-17 18:52:34.109,,,false,1505650,"(-3.8681299686431885,-54.212398529052734)",Placas,,,14,,PLACAS,
2516,2021-08-17 18:52:38.761,,,false,1506112,"(-0.8996040225028992,-47.01340103149414)",Quatipuru,,,14,,QUATIPURU,
2521,2021-08-17 18:52:48.164,,,false,1506203,"(-0.6308150291442871,-47.346500396728516)",Salinópolis,,,14,,SALINOPOLIS,
2525,2021-08-17 18:52:51.258,,,false,1506500,"(-1.2968555688858032,-48.160552978515625)",Santa Isabel do Pará,,,14,,SANTA ISABEL DO PARA,
2529,2021-08-17 18:52:54.359,,,false,1506708,"(-9.328100204467773,-50.349998474121094)",Santana do Araguaia,,,14,,SANTANA DO ARAGUAIA,
2533,2021-08-17 18:52:57.449,,,false,1507102,"(-0.7472929954528809,-48.024600982666016)",São Caetano de Odivelas,,,14,,SAO CAETANO DE ODIVELAS,
2538,2021-08-17 18:53:01.313,,,false,1507458,"(-6.394710063934326,-48.559200286865234)",São Geraldo do Araguaia,,,14,,SAO GERALDO DO ARAGUAIA,
2542,2021-08-17 18:53:04.419,,,false,1507607,"(-1.613070011138916,-47.47840118408203)",São Miguel do Guamá,,,14,,SAO MIGUEL DO GUAMA,
2548,2021-08-17 18:53:09.093,,,false,1507961,"(-1.0296299457550049,-47.90039825439453)",Terra Alta,,,14,,TERRA ALTA,
2552,2021-08-17 18:53:12.955,,,false,1508050,"(-4.573470115661621,-55.942901611328125)",Trairão,,,14,,TRAIRAO,
2558,2021-08-17 18:53:17.618,,,false,1508308,"(-1.1912399530410767,-46.13990020751953)",Viseu,,,14,,VISEU,
2559,2021-08-17 18:53:18.390,,,false,1508357,"(-2.8792200088500977,-52.0088005065918)",Vitória do Xingu,,,14,,VITORIA DO XINGU,
2565,2021-08-17 18:53:23.025,,,false,2500502,"(-6.946569919586182,-35.533199310302734)",Alagoinha,,,15,,ALAGOINHA,
2570,2021-08-17 18:53:26.892,,,false,2500775,"(-6.7846598625183105,-38.080299377441406)",Aparecida,,,15,,APARECIDA,
2575,2021-08-17 18:53:30.766,,,false,2501153,"(-7.117020130157471,-36.940399169921875)",Areia de Baraúnas,,,15,,AREIA DE BARAUNAS,
2582,2021-08-17 18:53:36.187,,,false,2501609,"(-6.718160152435303,-36.067100524902344)",Barra de Santa Rosa,,,15,,BARRA DE SANTA ROSA,
2587,2021-08-17 18:53:40.050,,,false,2502003,"(-6.185150146484375,-37.5348014831543)",Belém do Brejo do Cruz,,,15,,BELEM DO BREJO DO CRUZ,
2592,2021-08-17 18:53:43.917,,,false,2502300,"(-6.441760063171387,-37.92340087890625)",Bom Sucesso,,,15,,BOM SUCESSO,
2597,2021-08-17 18:53:47.807,,,false,2502904,"(-6.370649814605713,-37.82529830932617)",Brejo dos Santos,,,15,,BREJO DOS SANTOS,
2602,2021-08-17 18:53:51.675,,,false,2503407,"(-7.121280193328857,-37.15629959106445)",Cacimba de Areia,,,15,,CACIMBA DE AREIA,
2607,2021-08-17 18:53:55.548,,,false,2503753,"(-6.960159778594971,-37.800899505615234)",Cajazeirinhas,,,15,,CAJAZEIRINHAS,
2613,2021-08-17 18:54:00.183,,,false,2504074,"(-7.720489978790283,-36.492000579833984)",Caraúbas,,,15,,CARAUBAS,
2617,2021-08-17 18:54:03.274,,,false,2504306,"(-6.340620040893555,-37.74700164794922)",Catolé do Rocha,,,15,,CATOLE DO ROCHA,
2624,2021-08-17 18:54:08.681,,,false,2504850,"(-7.623650074005127,-36.60639953613281)",Coxixola,,,15,,COXIXOLA,
2628,2021-08-17 18:54:11.772,,,false,2505238,"(-6.912919998168945,-35.25019836425781)",Cuité de Mamanguape,,,15,,CUITE DE MAMANGUAPE,
2632,2021-08-17 18:54:14.865,,,false,2505352,"(-6.631609916687012,-35.910099029541016)",Damião,,,15,,DAMIAO,
2637,2021-08-17 18:54:19.838,,,false,2505907,"(-7.099639892578125,-37.71630096435547)",Emas,,,15,,EMAS,
2641,2021-08-17 18:54:23.505,,,false,2506251,"(-7.582789897918701,-35.78990173339844)",Gado Bravo,,,15,,GADO BRAVO,
2647,2021-08-17 18:54:28.143,,,false,2506707,"(-7.388899803161621,-37.50790023803711)",Imaculada,,,15,,IMACULADA,
2653,2021-08-17 18:54:32.781,,,false,2507309,"(-6.614530086517334,-35.28900146484375)",Jacaraú,,,15,,JACARAU,
2658,2021-08-17 18:54:36.647,,,false,2507804,"(-6.992690086364746,-36.71659851074219)",Junco do Seridó,,,15,,JUNCO DO SERIDO,
2664,2021-08-17 18:54:41.282,,,false,2508406,"(-6.506030082702637,-38.174198150634766)",Lastro,,,15,,LASTRO,
2669,2021-08-17 18:54:45.152,,,false,2508802,"(-6.897190093994141,-37.522098541259766)",Malta,,,15,,MALTA,
2674,2021-08-17 18:54:49.020,,,false,2509156,"(-6.827479839324951,-38.35279846191406)",Marizópolis,,,15,,MARIZOPOLIS,
2679,2021-08-17 18:54:52.889,,,false,2509396,"(-7.261879920959473,-37.35100173950195)",Maturéia,,,15,,MATUREIA,
2685,2021-08-17 18:54:57.531,,,false,2509909,"(-7.6351399421691895,-35.55860137939453)",Natuba,,,15,,NATUBA,
2689,2021-08-17 18:55:00.622,,,false,2510303,"(-6.671219825744629,-36.422000885009766)",Nova Palmeira,,,15,,NOVA PALMEIRA,
2695,2021-08-17 18:55:05.293,,,false,2510808,"(-7.017429828643799,-37.27470016479492)",Patos,,,15,,PATOS,
2699,2021-08-17 18:55:08.395,,,false,2511202,"(-7.3910698890686035,-35.10649871826172)",Pedras de Fogo,,,15,,PEDRAS DE FOGO,
2703,2021-08-17 18:55:11.486,,,false,2511509,"(-7.2640299797058105,-35.25230026245117)",Pilar,,,15,,PILAR,
2708,2021-08-17 18:55:15.352,,,false,2512002,"(-7.066579818725586,-36.06679916381836)",Pocinhos,,,15,,POCINHOS,
2713,2021-08-17 18:55:19.230,,,false,2512309,"(-7.731750011444092,-37.98860168457031)",Princesa Isabel,,,15,,PRINCESA ISABEL,
2719,2021-08-17 18:55:23.874,,,false,2512754,"(-7.253469944000244,-35.6693000793457)",Riachão do Bacamarte,,,15,,RIACHAO DO BACAMARTE,
2724,2021-08-17 18:55:27.747,,,false,2513000,"(-7.100979804992676,-36.84579849243164)",Salgadinho,,,15,,SALGADINHO,
2728,2021-08-17 18:55:30.845,,,false,2513307,"(-6.717599868774414,-38.6427001953125)",Santa Helena,,,15,,SANTA HELENA,
2733,2021-08-17 18:55:34.727,,,false,2513505,"(-7.5470499992370605,-38.32360076904297)",Santana de Mangueira,,,15,,SANTANA DE MANGUEIRA,
2738,2021-08-17 18:55:38.600,,,false,2513901,"(-6.485290050506592,-37.44879913330078)",São Bento,,,15,,SAO BENTO,
2742,2021-08-17 18:55:41.691,,,false,2514008,"(-7.381680011749268,-36.53450012207031)",São João do Cariri,,,15,,SAO JOAO DO CARIRI,
2746,2021-08-17 18:55:44.803,,,false,2514305,"(-7.246359825134277,-38.29890060424805)",São José de Caiana,,,15,,SAO JOSE DE CAIANA,
2750,2021-08-17 18:55:47.896,,,false,2514602,"(-7.160699844360352,-37.3036003112793)",São José do Bonfim,,,15,,SAO JOSE DO BONFIM,
2755,2021-08-17 18:55:51.761,,,false,2514909,"(-6.9238600730896,-37.095401763916016)",São Mamede,,,15,,SAO MAMEDE,
2758,2021-08-17 18:55:54.101,,,false,2515203,"(-8.1528902053833,-37.01380157470703)",São Sebastião do Umbuzeiro,,,15,,SAO SEBASTIAO DO UMBUZEIRO,
2765,2021-08-17 18:55:59.521,,,false,2515906,"(-6.815690040588379,-35.62820053100586)",Serraria,,,15,,SERRARIA,
2767,2021-08-17 18:56:01.068,,,false,2515971,"(-7.144289970397949,-35.23569869995117)",Sobrado,,,15,,SOBRADO,
2772,2021-08-17 18:56:04.958,,,false,2516300,"(-7.662059783935547,-36.88399887084961)",Sumé,,,15,,SUME,
2778,2021-08-17 18:56:09.595,,,false,2516904,"(-6.515039920806885,-38.41279983520508)",Uiraúna,,,15,,UIRAUNA,
2783,2021-08-17 18:56:13.459,,,false,2517407,"(-8.079010009765625,-37.1057014465332)",Zabelê,,,15,,ZABELE,
2962,2021-08-17 18:58:32.082,,,false,4112751,"(-24.383899688720703,-53.3848991394043)",Jesuítas,,,18,,JESUITAS,10
2988,2021-08-17 18:58:52.209,,,false,4114609,"(-24.55704689025879,-54.05714416503906)",Marechal Cândido Rondon,,,18,,MARECHAL CANDIDO RONDON,10
3000,2021-08-17 18:59:01.518,,,false,4115606,"(-25.24959945678711,-53.993499755859375)",Matelândia,,,18,,MATELANDIA,10
3005,2021-08-17 18:59:05.395,,,false,4115853,"(-24.453800201416016,-54.161800384521484)",Mercedes,,,18,,MERCEDES,10
3030,2021-08-17 18:59:24.753,,,false,4117453,"(-24.79330062866211,-53.904300689697266)",Ouro Verde do Oeste,,,18,,OURO VERDE DO OESTE,10
3041,2021-08-17 18:59:33.292,,,false,4118451,"(-24.62705421447754,-54.22645950317383)",Pato Bragado,,,18,,PATO BRAGADO,10
2816,2021-08-17 18:56:38.973,,,false,4102604,"(-26.250200271606445,-53.63240051269531)",Barracão,,,18,,BARRACAO,11
2825,2021-08-17 18:56:45.927,,,false,4103156,"(-26.19580078125,-53.59550094604492)",Bom Jesus do Sul,,,18,,BOM JESUS DO SUL,11
2849,2021-08-17 18:57:04.515,,,false,4104501,"(-25.669099807739258,-53.80550003051758)",Capanema,,,18,,CAPANEMA,11
2859,2021-08-17 18:57:12.257,,,false,4105409,"(-25.851499557495117,-52.51729965209961)",Chopinzinho,,,18,,CHOPINZINHO,11
2887,2021-08-17 18:57:34.007,,,false,4107405,"(-25.944499969482422,-53.16590118408203)",Enéas Marques,,,18,,ENEAS MARQUES,11
2898,2021-08-17 18:57:42.512,,,false,4107850,"(-26.252300262451172,-53.309200286865234)",Flor da Serra do Sul,,,18,,FLOR DA SERRA DO SUL,11
2907,2021-08-17 18:57:49.502,,,false,4108403,"(-26.08169937133789,-53.05350112915039)",Francisco Beltrão,,,18,,FRANCISCO BELTRAO,11
2995,2021-08-17 18:58:57.624,,,false,4115309,"(-26.35500144958496,-52.553165435791016)",Mariópolis,,,18,,MARIOPOLIS,11
2839,2021-08-17 18:56:56.769,,,false,4103958,"(-25.0802001953125,-51.823699951171875)",Campina do Simão,,,18,,CAMPINA DO SIMAO,12
2891,2021-08-17 18:57:37.098,,,false,4107546,"(-25.421600341796875,-52.834800720214844)",Espigão Alto do Iguaçu,,,18,,ESPIGAO ALTO DO IGUACU,12
3020,2021-08-17 18:59:17.003,,,false,4117057,"(-25.305400848388672,-52.544700622558594)",Nova Laranjeiras,,,18,,NOVA LARANJEIRAS,12
2800,2021-08-17 18:56:26.604,,,false,4101309,"(-25.98040008544922,-50.197200775146484)",Antônio Olinto,,,18,,ANTONIO OLINTO,13
2873,2021-08-17 18:57:23.155,,,false,4106803,"(-26.016599655151367,-51.34299850463867)",Cruz Machado,,,18,,CRUZ MACHADO,13
2935,2021-08-17 18:58:11.175,,,false,4110508,"(-25.023799896240234,-50.57939910888672)",Ipiranga,,,18,,IPIRANGA,13
2787,2021-08-17 18:56:16.550,,,false,4100400,"(-25.31879997253418,-49.3036994934082)",Almirante Tamandaré,,,18,,ALMIRANTE TAMANDARE,14
2806,2021-08-17 18:56:31.242,,,false,4101804,"(-25.585899353027344,-49.404701232910156)",Araucária,,,18,,ARAUCARIA,14
3184,2021-08-17 19:01:24.075,,,false,2600104,"(-7.743120193481445,-37.63100051879883)",Afogados da Ingazeira,,,16,,AFOGADOS DA INGAZEIRA,
3190,2021-08-17 19:01:28.739,,,false,2600708,"(-7.60398006439209,-35.22269821166992)",Aliança,,,16,,ALIANCA,
3195,2021-08-17 19:01:32.609,,,false,2601102,"(-7.570730209350586,-40.49399948120117)",Araripina,,,16,,ARARIPINA,
3200,2021-08-17 19:01:36.502,,,false,2601607,"(-8.750459671020508,-38.96229934692383)",Belém de São Francisco,,,16,,BELEM DE SAO FRANCISCO,
3206,2021-08-17 19:01:41.138,,,false,2602209,"(-7.796949863433838,-35.578399658203125)",Bom Jardim,,,16,,BOM JARDIM,
3212,2021-08-17 19:01:45.805,,,false,2602803,"(-8.619540214538574,-37.16059875488281)",Buíque,,,16,,BUIQUE,
3217,2021-08-17 19:01:49.669,,,false,2603306,"(-8.731080055236816,-36.33660125732422)",Calçado,,,16,,CALCADO,
3222,2021-08-17 19:01:53.533,,,false,2603702,"(-8.876520156860352,-36.197898864746094)",Canhotinho,,,16,,CANHOTINHO,
3227,2021-08-17 19:01:57.399,,,false,2604106,"(-8.284549713134766,-35.96989822387695)",Caruaru,,,16,,CARUARU,
3232,2021-08-17 19:02:01.262,,,false,2604502,"(-8.238269805908203,-35.45709991455078)",Chã Grande,,,16,,CHA GRANDE,
3238,2021-08-17 19:02:05.901,,,false,2605103,"(-8.08545970916748,-37.6442985534668)",Custódia,,,16,,CUSTODIA,
3243,2021-08-17 19:02:09.768,,,false,2605459,"(-3.839600086212158,-32.410701751708984)",Fernando de Noronha,,,16,,FERNANDO DE NORONHA,
3249,2021-08-17 19:02:14.406,,,false,2606002,"(-8.882430076599121,-36.49660110473633)",Garanhuns,,,16,,GARANHUNS,
3255,2021-08-17 19:02:19.042,,,false,2606606,"(-8.540260314941406,-37.70320129394531)",Ibimirim,,,16,,IBIMIRIM,
3259,2021-08-17 19:02:22.149,,,false,2607604,"(-7.747660160064697,-34.830299377441406)",Ilha de Itamaracá,,,16,,ILHA DE ITAMARACA,
3266,2021-08-17 19:02:27.562,,,false,2607653,"(-7.414030075073242,-35.09629821777344)",Itambé,,,16,,ITAMBE,
3270,2021-08-17 19:02:30.660,,,false,2607901,"(-8.112979888916016,-35.01499938964844)",Jaboatão dos Guararapes,,,16,,JABOATAO DOS GUARARAPES,
3277,2021-08-17 19:02:36.078,,,false,2608305,"(-8.709039688110352,-36.412601470947266)",Jupi,,,16,,JUPI,
3282,2021-08-17 19:02:39.946,,,false,2608701,"(-8.660200119018555,-35.90399932861328)",Lagoa dos Gatos,,,16,,LAGOA DOS GATOS,
3287,2021-08-17 19:02:43.809,,,false,2609105,"(-7.688270092010498,-35.51139831542969)",Machados,,,16,,MACHADOS,
3293,2021-08-17 19:02:48.459,,,false,2609501,"(-7.741489887237549,-35.21929931640625)",Nazaré da Mata,,,16,,NAZARE DA MATA,
3299,2021-08-17 19:02:53.097,,,false,2610103,"(-9.010899543762207,-36.32419967651367)",Palmeirina,,,16,,PALMEIRINA,
3304,2021-08-17 19:02:56.963,,,false,2610608,"(-7.902870178222656,-35.171600341796875)",Paudalho,,,16,,PAUDALHO,
3309,2021-08-17 19:03:00.826,,,false,2611101,"(-9.388660430908203,-40.50270080566406)",Petrolina,,,16,,PETROLINA,
3316,2021-08-17 19:03:06.235,,,false,2611705,"(-8.137419700622559,-35.86479949951172)",Riacho das Almas,,,16,,RIACHO DAS ALMAS,
3108,2021-08-17 19:00:25.231,,,false,4123501,"(-24.85849952697754,-54.33599853515625)",Santa Helena,,,18,,SANTA HELENA,10
3166,2021-08-17 19:01:10.124,,,false,4127858,"(-25.418500900268555,-53.18330001831055)",Três Barras do Paraná,,,18,,TRES BARRAS DO PARANA,10
3177,2021-08-17 19:01:18.667,,,false,4128559,"(-25.05769920349121,-53.87710189819336)",Vera Cruz do Oeste,,,18,,VERA CRUZ DO OESTE,10
3111,2021-08-17 19:00:27.554,,,false,4123808,"(-25.821699142456055,-53.480098724365234)",Santa Izabel do Oeste,,,18,,SANTA IZABEL DO OESTE,11
3122,2021-08-17 19:00:36.068,,,false,4124400,"(-26.073699951171875,-53.725101470947266)",Santo Antônio do Sudoeste,,,18,,SANTO ANTONIO DO SUDOESTE,11
3178,2021-08-17 19:01:19.439,,,false,4128609,"(-25.877199172973633,-52.90510177612305)",Verê,,,18,,VERE,11
3064,2021-08-17 18:59:51.081,,,false,4120150,"(-25.547700881958008,-52.406700134277344)",Porto Barreiro,,,18,,PORTO BARREIRO,12
3179,2021-08-17 19:01:20.211,,,false,4128658,"(-25.38290023803711,-52.198699951171875)",Virmond,,,18,,VIRMOND,12
3043,2021-08-17 18:59:34.837,,,false,4118600,"(-26.210500717163086,-50.930999755859375)",Paula Freitas,,,18,,PAULA FREITAS,13
3084,2021-08-17 19:00:06.660,,,false,4121505,"(-25.623199462890625,-50.68769836425781)",Rebouças,,,18,,REBOUCAS,13
3049,2021-08-17 18:59:39.487,,,false,4119103,"(-26.096500396728516,-49.43360137939453)",Piên,,,18,,PIEN,14
3074,2021-08-17 18:59:58.808,,,false,4120804,"(-25.367300033569336,-49.07630157470703)",Quatro Barras,,,18,,QUATRO BARRAS,14
3079,2021-08-17 19:00:02.764,,,false,4121208,"(-25.87339973449707,-49.49729919433594)",Quitandinha,,,18,,QUITANDINHA,14
3320,2021-08-17 19:03:09.326,,,false,2612109,"(-7.9268999099731445,-35.650299072265625)",Salgadinho,,,16,,SALGADINHO,
3321,2021-08-17 19:03:10.098,,,false,2612208,"(-8.07373046875,-39.124698638916016)",Salgueiro,,,16,,SALGUEIRO,
3325,2021-08-17 19:03:13.188,,,false,2612471,"(-7.813389778137207,-38.14759826660156)",Santa Cruz da Baixa Verde,,,16,,SANTA CRUZ DA BAIXA VERDE,
3330,2021-08-17 19:03:17.056,,,false,2612802,"(-7.376959800720215,-37.47869873046875)",Santa Terezinha,,,16,,SANTA TEREZINHA,
4926,2021-08-17 19:03:20.926,,,false,3519105,"(-21.88960075378418,-49.03099822998047)",Iacanga,,,26,,IACANGA,
3337,2021-08-17 19:03:23.247,,,false,2613503,"(-7.857230186462402,-38.7577018737793)",São José do Belmonte,,,16,,SAO JOSE DO BELMONTE,
3342,2021-08-17 19:03:27.113,,,false,2614006,"(-7.940410137176514,-39.295101165771484)",Serrita,,,16,,SERRITA,
3348,2021-08-17 19:03:31.757,,,false,2614709,"(-8.308670043945312,-36.29999923706055)",Tacaimbó,,,16,,TACAIMBO,
3353,2021-08-17 19:03:35.625,,,false,2615201,"(-8.222439765930176,-39.38249969482422)",Terra Nova,,,16,,TERRA NOVA,
3358,2021-08-17 19:03:39.521,,,false,2615706,"(-7.832719802856445,-38.097801208496094)",Triunfo,,,16,,TRIUNFO,
3363,2021-08-17 19:03:43.384,,,false,2616183,"(-7.770840167999268,-35.849098205566406)",Vertente do Lério,,,16,,VERTENTE DO LERIO,
3369,2021-08-17 19:03:48.023,,,false,2200103,"(-5.796760082244873,-42.66640090942383)",Agricolândia,,,17,,AGRICOLANDIA,
3372,2021-08-17 19:03:50.341,,,false,2200277,"(-7.241960048675537,-40.85660171508789)",Alegrete do Piauí,,,17,,ALEGRETE DO PIAUI,
3378,2021-08-17 19:03:54.988,,,false,2200707,"(-9.185640335083008,-43.049400329589844)",Anísio de Abreu,,,17,,ANISIO DE ABREU,
3383,2021-08-17 19:03:58.878,,,false,2201051,"(-5.864999771118164,-41.03889846801758)",Assunção do Piauí,,,17,,ASSUNCAO DO PIAUI,
3388,2021-08-17 19:04:02.766,,,false,2201309,"(-9.92959976196289,-45.47019958496094)",Barreiras do Piauí,,,17,,BARREIRAS DO PIAUI,
3392,2021-08-17 19:04:05.857,,,false,2201572,"(-7.366519927978516,-40.96879959106445)",Belém do Piauí,,,17,,BELEM DO PIAUI,
3398,2021-08-17 19:04:10.492,,,false,2201903,"(-9.071240425109863,-44.35900115966797)",Bom Jesus,,,17,,BOM JESUS,
3402,2021-08-17 19:04:13.583,,,false,2201960,"(-4.133699893951416,-41.7859001159668)",Brasileira,,,17,,BRASILEIRA,
3406,2021-08-17 19:04:16.678,,,false,2202059,"(-4.47730016708374,-42.30690002441406)",Cabeceiras do Piauí,,,17,,CABECEIRAS DO PIAUI,
3410,2021-08-17 19:04:19.771,,,false,2202109,"(-7.659299850463867,-41.877498626708984)",Campinas do Piauí,,,17,,CAMPINAS DO PIAUI,
3415,2021-08-17 19:04:23.637,,,false,2202251,"(-7.6882100105285645,-43.72330093383789)",Canavieira,,,17,,CANAVIEIRA,
3420,2021-08-17 19:04:27.503,,,false,2202539,"(-3.475250005722046,-41.842498779296875)",Caraúbas do Piauí,,,17,,CARAUBAS DO PIAUI,
3425,2021-08-17 19:04:31.375,,,false,2202711,"(-4.55709981918335,-41.95869827270508)",Cocal de Telha,,,17,,COCAL DE TELHA,
3429,2021-08-17 19:04:34.467,,,false,2202778,"(-7.226510047912598,-42.17559814453125)",Colônia do Piauí,,,17,,COLONIA DO PIAUI,
3433,2021-08-17 19:04:37.589,,,false,2203008,"(-10.64430046081543,-45.189300537109375)",Cristalândia do Piauí,,,17,,CRISTALANDIA DO PIAUI,
3440,2021-08-17 19:04:43.018,,,false,2203354,"(-9.33938980102539,-42.43479919433594)",Dirceu Arcoverde,,,17,,DIRCEU ARCOVERDE,
3444,2021-08-17 19:04:46.109,,,false,2203503,"(-6.199470043182373,-42.135501861572266)",Elesbão Veloso,,,17,,ELESBAO VELOSO,
3449,2021-08-17 19:04:49.989,,,false,2203859,"(-7.466819763183594,-41.788299560546875)",Floresta do Piauí,,,17,,FLORESTA DO PIAUI,
3454,2021-08-17 19:04:53.857,,,false,2204204,"(-6.994909763336182,-41.12879943847656)",Francisco Santos,,,17,,FRANCISCO SANTOS,
3455,2021-08-17 19:04:54.629,,,false,2204303,"(-7.081729888916016,-40.614601135253906)",Fronteiras,,,17,,FRONTEIRAS,
3457,2021-08-17 19:04:56.174,,,false,2204402,"(-9.830010414123535,-45.34230041503906)",Gilbués,,,17,,GILBUES,
3462,2021-08-17 19:05:00.038,,,false,2204709,"(-6.664999961853027,-41.7041015625)",Inhuma,,,17,,INHUMA,
3466,2021-08-17 19:05:03.239,,,false,2205102,"(-7.599890232086182,-43.024898529052734)",Itaueira,,,17,,ITAUEIRA,
3471,2021-08-17 19:05:07.153,,,false,2205300,"(-7.091279983520508,-43.503299713134766)",Jerumenha,,,17,,JERUMENHA,
3476,2021-08-17 19:05:11.022,,,false,2205516,"(-5.174590110778809,-41.697601318359375)",Juazeiro do Piauí,,,17,,JUAZEIRO DO PIAUI,
3481,2021-08-17 19:05:14.908,,,false,2205565,"(-8.476730346679688,-41.53419876098633)",Lagoa do Barro do Piauí,,,17,,LAGOA DO BARRO DO PIAUI,
3486,2021-08-17 19:05:18.769,,,false,2205706,"(-2.8843801021575928,-41.664100646972656)",Luís Correia,,,17,,LUIS CORREIA,
3492,2021-08-17 19:05:23.406,,,false,2206050,"(-7.474689960479736,-41.11029815673828)",Massapê do Piauí,,,17,,MASSAPE DO PIAUI,
3497,2021-08-17 19:05:27.274,,,false,2206407,"(-5.561999797821045,-42.60749816894531)",Monsenhor Gil,,,17,,MONSENHOR GIL,
3501,2021-08-17 19:05:30.367,,,false,2206670,"(-3.733370065689087,-42.302398681640625)",Morro do Chapéu do Piauí,,,17,,MORRO DO CHAPEU DO PIAUI,
3505,2021-08-17 19:05:33.460,,,false,2206803,"(-3.9757399559020996,-42.61840057373047)",Nossa Senhora dos Remédios,,,17,,NOSSA SENHORA DOS REMEDIOS,
3511,2021-08-17 19:05:38.096,,,false,2207207,"(-7.351009845733643,-40.89970016479492)",Padre Marcos,,,17,,PADRE MARCOS,
3516,2021-08-17 19:05:41.957,,,false,2207553,"(-7.103030204772949,-41.70000076293945)",Paquetá,,,17,,PAQUETA,
3520,2021-08-17 19:05:45.057,,,false,2207777,"(-7.672309875488281,-41.24079895019531)",Patos do Piauí,,,17,,PATOS DO PIAUI,
3523,2021-08-17 19:05:47.377,,,false,2207850,"(-7.96058988571167,-43.22840118408203)",Pavussu,,,17,,PAVUSSU,
3524,2021-08-17 19:05:48.150,,,false,2207900,"(-4.425849914550781,-41.44820022583008)",Pedro II,,,17,,PEDRO II,
3529,2021-08-17 19:05:52.013,,,false,2208304,"(-3.933350086212158,-41.70880126953125)",Piracuruca,,,17,,PIRACURUCA,
3534,2021-08-17 19:05:55.882,,,false,2208650,"(-8.570639610290527,-41.41059875488281)",Queimada Nova,,,17,,QUEIMADA NOVA,
3538,2021-08-17 19:05:58.973,,,false,2208874,"(-7.690279960632324,-42.712799072265625)",Ribeira do Piauí,,,17,,RIBEIRA DO PIAUI,
3543,2021-08-17 19:06:02.846,,,false,2209203,"(-9.112279891967773,-45.911598205566406)",Santa Filomena,,,17,,SANTA FILOMENA,
3547,2021-08-17 19:06:05.943,,,false,2209401,"(-6.986760139465332,-41.22520065307617)",Santo Antônio de Lisboa,,,17,,SANTO ANTONIO DE LISBOA,
3551,2021-08-17 19:06:09.034,,,false,2209609,"(-5.934850215911865,-42.1171989440918)",São Félix do Piauí,,,17,,SAO FELIX DO PIAUI,
3556,2021-08-17 19:06:12.907,,,false,2209856,"(-6.812029838562012,-41.34149932861328)",São João da Canabrava,,,17,,SAO JOAO DA CANABRAVA,
3560,2021-08-17 19:06:16.000,,,false,2209971,"(-3.8185999393463135,-42.445899963378906)",São João do Arraial,,,17,,SAO JOAO DO ARRAIAL,
3564,2021-08-17 19:06:19.090,,,false,2210201,"(-6.8719401359558105,-41.47309875488281)",São José do Piauí,,,17,,SAO JOSE DO PIAUI,
3568,2021-08-17 19:06:22.183,,,false,2210383,"(-5.856460094451904,-42.19340133666992)",São Miguel da Baixa Grande,,,17,,SAO MIGUEL DA BAIXA GRANDE,
3573,2021-08-17 19:06:26.052,,,false,2210623,"(-10.817000389099121,-44.83369827270508)",Sebastião Barros,,,17,,SEBASTIAO BARROS,
3578,2021-08-17 19:06:29.914,,,false,2210904,"(-7.867730140686035,-42.4921989440918)",Socorro do Piauí,,,17,,SOCORRO DO PIAUI,
3584,2021-08-17 19:06:34.557,,,false,2211209,"(-7.239439964294434,-44.557701110839844)",Uruçuí,,,17,,URUCUI,
3589,2021-08-17 19:06:38.444,,,false,2211605,"(-7.132719993591309,-40.93450164794922)",Vila Nova do Piauí,,,17,,VILA NOVA DO PIAUI,
3590,2021-08-17 19:06:39.216,,,false,2211704,"(-7.231510162353516,-41.904998779296875)",Wall Ferraz,,,17,,WALL FERRAZ,
3591,2021-08-17 19:06:39.989,,,false,3300100,"(-23.001100540161133,-44.31959915161133)",Angra dos Reis,,,19,,ANGRA DOS REIS,
3596,2021-08-17 19:06:43.853,,,false,3300258,"(-22.977399826049805,-42.02669906616211)",Arraial do Cabo,,,19,,ARRAIAL DO CABO,
3601,2021-08-17 19:06:47.723,,,false,3300605,"(-21.144899368286133,-41.68220138549805)",Bom Jesus do Itabapoana,,,19,,BOM JESUS DO ITABAPOANA,
3607,2021-08-17 19:06:52.363,,,false,3300936,"(-22.182100296020508,-41.66299819946289)",Carapebus,,,19,,CARAPEBUS,
3611,2021-08-17 19:06:55.459,,,false,3300951,"(-22.0403995513916,-43.2140007019043)",Comendador Levy Gasparian,,,19,,COMENDADOR LEVY GASPARIAN,
3616,2021-08-17 19:06:59.324,,,false,3301801,"(-22.549800872802734,-43.682701110839844)",Engenheiro Paulo de Frontin,,,19,,ENGENHEIRO PAULO DE FRONTIN,
3623,2021-08-17 19:07:04.733,,,false,3302205,"(-21.19969940185547,-41.87990188598633)",Itaperuna,,,19,,ITAPERUNA,
3629,2021-08-17 19:07:09.371,,,false,3302502,"(-22.66320037841797,-43.03150177001953)",Magé,,,19,,MAGE,
3634,2021-08-17 19:07:13.237,,,false,3302908,"(-22.457199096679688,-43.48030090332031)",Miguel Pereira,,,19,,MIGUEL PEREIRA,
3639,2021-08-17 19:07:17.100,,,false,3303401,"(-22.29319953918457,-42.53770065307617)",Nova Friburgo,,,19,,NOVA FRIBURGO,
3645,2021-08-17 19:07:21.768,,,false,3303906,"(-22.520000457763672,-43.19260025024414)",Petrópolis,,,19,,PETROPOLIS,
3650,2021-08-17 19:07:25.633,,,false,3304128,"(-22.404499053955078,-44.259700775146484)",Quatis,,,19,,QUATIS,
3655,2021-08-17 19:07:29.500,,,false,3304409,"(-22.719999313354492,-44.14189910888672)",Rio Claro,,,19,,RIO CLARO,
3660,2021-08-17 19:07:33.394,,,false,3304706,"(-21.541000366210938,-42.18320083618164)",Santo Antônio de Pádua,,,19,,SANTO ANTONIO DE PADUA,
3664,2021-08-17 19:07:36.493,,,false,3305000,"(-21.63800048828125,-41.04460144042969)",São João da Barra,,,19,,SAO JOAO DA BARRA,
3668,2021-08-17 19:07:39.587,,,false,3305208,"(-22.842899322509766,-42.10260009765625)",São Pedro da Aldeia,,,19,,SAO PEDRO DA ALDEIA,
3674,2021-08-17 19:07:44.259,,,false,3305703,"(-22.048500061035156,-42.67610168457031)",Sumidouro,,,19,,SUMIDOURO,
3679,2021-08-17 19:07:48.127,,,false,3306107,"(-22.24449920654297,-43.71289825439453)",Valença,,,19,,VALENCA,
3684,2021-08-17 19:07:56.492,,,false,2400208,"(-5.583615779876709,-36.91395568847656)",Açu,,,20,,ACU,
3689,2021-08-17 19:08:00.359,,,false,2400703,"(-5.281859874725342,-36.75)",Alto do Rodrigues,,,20,,ALTO DO RODRIGUES,
3693,2021-08-17 19:08:03.449,,,false,2401107,"(-4.952539920806885,-37.12519836425781)",Areia Branca,,,20,,AREIA BRANCA,
3699,2021-08-17 19:08:08.095,,,false,2401602,"(-5.699059963226318,-35.8129997253418)",Bento Fernandes,,,20,,BENTO FERNANDES,
3704,2021-08-17 19:08:11.984,,,false,2401909,"(-5.76540994644165,-35.99380111694336)",Caiçara do Rio do Vento,,,20,,CAICARA DO RIO DO VENTO,
3709,2021-08-17 19:08:15.848,,,false,2402402,"(-6.550149917602539,-36.58679962158203)",Carnaúba dos Dantas,,,20,,CARNAUBA DOS DANTAS,
3714,2021-08-17 19:08:19.736,,,false,2402907,"(-6.249740123748779,-38.44409942626953)",Coronel João Pessoa,,,20,,CORONEL JOAO PESSOA,
3720,2021-08-17 19:08:24.388,,,false,2403509,"(-6.335629940032959,-35.305198669433594)",Espírito Santo,,,20,,ESPIRITO SANTO,
3725,2021-08-17 19:08:28.272,,,false,2403905,"(-6.07234001159668,-38.12120056152344)",Francisco Dantas,,,20,,FRANCISCO DANTAS,
3729,2021-08-17 19:08:31.367,,,false,2404309,"(-5.4488701820373535,-37.5182991027832)",Governador Dix-Sept Rosado,,,20,,GOVERNADOR DIX-SEPT ROSADO,
3733,2021-08-17 19:08:34.464,,,false,2404705,"(-5.489840030670166,-36.850101470947266)",Ipanguaçu,,,20,,IPANGUACU,
3740,2021-08-17 19:08:39.906,,,false,2405306,"(-6.165661334991455,-35.62186813354492)",Januário Cicco,,,20,,JANUARIO CICCO,
3745,2021-08-17 19:08:43.028,,,false,2405801,"(-5.540939807891846,-35.812198638916016)",João Câmara,,,20,,JOAO CAMARA,
3751,2021-08-17 19:08:47.663,,,false,2406304,"(-6.150819778442383,-35.429901123046875)",Lagoa de Pedras,,,20,,LAGOA DE PEDRAS,
3756,2021-08-17 19:08:51.528,,,false,2406809,"(-6.149429798126221,-36.11709976196289)",Lajes Pintadas,,,20,,LAJES PINTADAS,
3762,2021-08-17 19:08:56.166,,,false,2407302,"(-6.284599781036377,-38.16419982910156)",Marcelino Vieira,,,20,,MARCELINO VIEIRA,
3767,2021-08-17 19:09:00.029,,,false,2407807,"(-6.070630073547363,-35.32529830932617)",Monte Alegre,,,20,,MONTE ALEGRE,
3773,2021-08-17 19:09:04.678,,,false,2408409,"(-5.948599815368652,-37.7047004699707)",Olho-d`Água do Borges,,,20,,OLHO-D`AGUA DO BORGES,
3779,2021-08-17 19:09:09.319,,,false,2403251,"(-5.911159992218018,-35.270999908447266)",Parnamirim,,,20,,PARNAMIRIM,
3784,2021-08-17 19:09:13.191,,,false,2409506,"(-5.1498799324035645,-35.875999450683594)",Pedra Grande,,,20,,PEDRA GRANDE,
3789,2021-08-17 19:09:17.061,,,false,2410009,"(-6.2636399269104,-38.04610061645508)",Pilões,,,20,,PILOES,
3793,2021-08-17 19:09:20.152,,,false,2410306,"(-6.104780197143555,-35.71126174926758)",Presidente Juscelino,,,20,,PRESIDENTE JUSCELINO,
3798,2021-08-17 19:09:24.015,,,false,2410801,"(-6.251389980316162,-38.31159973144531)",Riacho de Santana,,,20,,RIACHO DE SANTANA,
3800,2021-08-17 19:09:25.561,,,false,2408953,"(-5.276500225067139,-35.379398345947266)",Rio do Fogo,,,20,,RIO DO FOGO,
3801,2021-08-17 19:09:26.333,,,false,2411007,"(-5.783929824829102,-38.057899475097656)",Rodolfo Fernandes,,,20,,RODOLFO FERNANDES,
3806,2021-08-17 19:09:30.196,,,false,2411429,"(-6.766429901123047,-36.731201171875)",Santana do Seridó,,,20,,SANTANA DO SERIDO,
3811,2021-08-17 19:09:34.066,,,false,2411908,"(-5.974720001220703,-38.15190124511719)",São Francisco do Oeste,,,20,,SAO FRANCISCO DO OESTE,
3815,2021-08-17 19:09:37.160,,,false,2412302,"(-6.310870170593262,-35.70669937133789)",São José do Campestre,,,20,,SAO JOSE DO CAMPESTRE,
3820,2021-08-17 19:09:41.034,,,false,2412708,"(-5.905590057373047,-35.63169860839844)",São Pedro,,,20,,SAO PEDRO,
3824,2021-08-17 19:09:44.125,,,false,2413102,"(-6.033339977264404,-35.69779968261719)",Senador Elói de Souza,,,20,,SENADOR ELOI DE SOUZA,
3830,2021-08-17 19:09:48.780,,,false,2413557,"(-6.110869884490967,-37.95479965209961)",Serrinha dos Pintos,,,20,,SERRINHA DOS PINTOS,
3835,2021-08-17 19:09:52.642,,,false,2414001,"(-6.1964898109436035,-35.79890060424805)",Tangará,,,20,,TANGARA,
3839,2021-08-17 19:09:55.734,,,false,2414209,"(-6.191760063171387,-35.08660125732422)",Tibau do Sul,,,20,,TIBAU DO SUL,
3845,2021-08-17 19:10:00.373,,,false,2414704,"(-6.346409797668457,-35.373199462890625)",Várzea,,,20,,VARZEA,
5215,2021-08-17 19:27:37.529,,,false,3545209,"(-23.199600219726562,-47.29309844970703)",Salto,,,26,,SALTO,
4076,2021-08-17 19:12:59.062,,,false,4311205,"(-29.229900360107422,-53.67720031738281)",Júlio de Castilhos,,,23,,JULIO DE CASTILHOS,17
3870,2021-08-17 19:10:19.741,,,false,4301008,"(-29.401399612426758,-51.9556999206543)",Arroio do Meio,,,23,,ARROIO DO MEIO,18
3902,2021-08-17 19:10:44.488,,,false,4302451,"(-29.30459976196289,-52.42839813232422)",Boqueirão do Leão,,,23,,BOQUEIRAO DO LEAO,18
3910,2021-08-17 19:10:50.674,,,false,4303004,"(-30.033000946044922,-52.892799377441406)",Cachoeira do Sul,,,23,,CACHOEIRA DO SUL,18
4007,2021-08-17 19:12:05.678,,,false,4307807,"(-29.500200271606445,-51.949501037597656)",Estrela,,,23,,ESTRELA,18
4014,2021-08-17 19:12:11.088,,,false,4308078,"(-29.588499069213867,-51.82170104980469)",Fazenda Vilanova,,,23,,FAZENDA VILANOVA,18
4020,2021-08-17 19:12:15.732,,,false,4308433,"(-29.38279914855957,-52.09809875488281)",Forquetinha,,,23,,FORQUETINHA,18
4041,2021-08-17 19:12:31.965,,,false,4309571,"(-29.4552001953125,-52.65530014038086)",Herveiras,,,23,,HERVEIRAS,18
4077,2021-08-17 19:13:02.446,,,false,4311239,"(-29.493900299072266,-53.016998291015625)",Lagoa Bonita do Sul,,,23,,LAGOA BONITA DO SUL,18
3860,2021-08-17 19:10:12.003,,,false,4300570,"(-29.39189910888672,-51.31230163574219)",Alto Feliz,,,23,,ALTO FELIZ,19
3874,2021-08-17 19:10:22.834,,,false,4301107,"(-30.087499618530273,-51.727500915527344)",Arroio dos Ratos,,,23,,ARROIO DOS RATOS,19
3880,2021-08-17 19:10:27.471,,,false,4301636,"(-30.241899490356445,-50.233699798583984)",Balneário Pinhal,,,23,,BALNEARIO PINHAL,19
3937,2021-08-17 19:11:11.577,,,false,4304671,"(-30.1382999420166,-50.515201568603516)",Capivari do Sul,,,23,,CAPIVARI DO SUL,19
3938,2021-08-17 19:11:12.350,,,false,4304713,"(-29.78689956665039,-50.43159866333008)",Caraá,,,23,,CARAA,19
3957,2021-08-17 19:11:27.040,,,false,4305447,"(-30.75040054321289,-51.97370147705078)",Chuvisca,,,23,,CHUVISCA,19
4030,2021-08-17 19:12:23.462,,,false,4309050,"(-29.87980079650879,-50.773399353027344)",Glorinha,,,23,,GLORINHA,19
3850,2021-08-17 19:10:04.270,,,false,4300034,"(-31.866500854492188,-54.1614990234375)",Aceguá,,,23,,ACEGUA,20
3855,2021-08-17 19:10:08.138,,,false,4300406,"(-29.790199279785156,-55.794898986816406)",Alegrete,,,23,,ALEGRETE,20
3885,2021-08-17 19:10:31.346,,,false,4301875,"(-30.202899932861328,-57.54970169067383)",Barra do Quaraí,,,23,,BARRA DO QUARAI,20
4090,2021-08-17 19:13:12.686,,,false,4311759,"(-29.585899353027344,-55.484100341796875)",Manoel Viana,,,23,,MANOEL VIANA,20
3947,2021-08-17 19:11:19.313,,,false,4305124,"(-31.841899871826172,-52.80039978027344)",Cerrito,,,23,,CERRITO,21
4346,2021-08-17 19:16:31.794,,,false,1100015,"(-11.928299903869629,-61.99530029296875)",Alta Floresta d`Oeste,,,21,,ALTA FLORESTA D`OESTE,
4349,2021-08-17 19:16:34.118,,,false,1100346,"(-11.34630012512207,-62.284698486328125)",Alvorada d`Oeste,,,21,,ALVORADA D`OESTE,
4354,2021-08-17 19:16:37.983,,,false,1100049,"(-11.434300422668457,-61.456199645996094)",Cacoal,,,21,,CACOAL,
4358,2021-08-17 19:16:41.092,,,false,1100056,"(-13.187000274658203,-60.81679916381836)",Cerejeiras,,,21,,CEREJEIRAS,
4363,2021-08-17 19:16:44.968,,,false,1100940,"(-9.360650062561035,-62.584598541259766)",Cujubim,,,21,,CUJUBIM,
4367,2021-08-17 19:16:48.058,,,false,1101104,"(-9.196869850158691,-63.18090057373047)",Itapuã do Oeste,,,21,,ITAPUA DO OESTE,
4121,2021-08-17 19:13:36.661,,,false,4312807,"(-28.65369987487793,-51.74580001831055)",Nova Araçá,,,23,,NOVA ARACA,16
4131,2021-08-17 19:13:44.395,,,false,4313300,"(-28.77989959716797,-51.61130142211914)",Nova Prata,,,23,,NOVA PRATA,16
4233,2021-08-17 19:15:03.420,,,false,4318200,"(-29.440399169921875,-50.582801818847656)",São Francisco de Paula,,,23,,SAO FRANCISCO DE PAULA,16
4238,2021-08-17 19:15:07.292,,,false,4318440,"(-28.49839973449707,-51.70640182495117)",São Jorge,,,23,,SAO JORGE,16
4276,2021-08-17 19:15:36.786,,,false,4320404,"(-28.712600708007812,-51.93519973754883)",Serafina Corrêa,,,23,,SERAFINA CORREA,16
4126,2021-08-17 19:13:40.533,,,false,4313037,"(-29.406600952148438,-54.82929992675781)",Nova Esperança do Sul,,,23,,NOVA ESPERANCA DO SUL,17
4252,2021-08-17 19:15:18.160,,,false,4319125,"(-29.53969955444336,-53.85900115966797)",São Martinho da Serra,,,23,,SAO MARTINHO DA SERRA,17
4266,2021-08-17 19:15:29.022,,,false,4319802,"(-29.688199996948242,-54.68259811401367)",São Vicente do Sul,,,23,,SAO VICENTE DO SUL,17
4136,2021-08-17 19:13:48.264,,,false,4313391,"(-29.733800888061523,-52.94889831542969)",Novo Cabrais,,,23,,NOVO CABRAIS,18
4211,2021-08-17 19:14:46.361,,,false,4316758,"(-29.474700927734375,-52.08430099487305)",Santa Clara do Sul,,,23,,SANTA CLARA DO SUL,18
4272,2021-08-17 19:15:33.674,,,false,4320263,"(-29.3523006439209,-52.97669982910156)",Segredo,,,23,,SEGREDO,18
4284,2021-08-17 19:15:43.746,,,false,4320701,"(-29.41939926147461,-53.03260040283203)",Sobradinho,,,23,,SOBRADINHO,18
4291,2021-08-17 19:15:49.170,,,false,4321303,"(-29.794300079345703,-51.865299224853516)",Taquari,,,23,,TAQUARI,18
4296,2021-08-17 19:15:53.032,,,false,4321451,"(-29.448200225830078,-51.80440139770508)",Teutônia,,,23,,TEUTONIA,18
4328,2021-08-17 19:16:17.859,,,false,4322608,"(-29.614299774169922,-52.193199157714844)",Venâncio Aires,,,23,,VENANCIO AIRES,18
4372,2021-08-17 19:16:51.921,,,false,1101302,"(-11.029000282287598,-62.66960144042969)",Mirante da Serra,,,21,,MIRANTE DA SERRA,
4377,2021-08-17 19:16:55.791,,,false,1100502,"(-11.696100234985352,-61.99509811401367)",Novo Horizonte do Oeste,,,21,,NOVO HORIZONTE DO OESTE,
4382,2021-08-17 19:16:59.659,,,false,1100205,"(-8.760769844055176,-63.899898529052734)",Porto Velho,,,21,,PORTO VELHO,
4386,2021-08-17 19:17:02.750,,,false,1100288,"(-11.727100372314453,-61.771400451660156)",Rolim de Moura,,,21,,ROLIM DE MOURA,
4390,2021-08-17 19:17:05.850,,,false,1100320,"(-11.695300102233887,-62.719200134277344)",São Miguel do Guaporé,,,21,,SAO MIGUEL DO GUAPORE,
4396,2021-08-17 19:17:10.499,,,false,1101807,"(-10.446499824523926,-62.13520050048828)",Vale do Paraíso,,,21,,VALE DO PARAISO,
4403,2021-08-17 19:17:15.908,,,false,1400209,"(1.8276599645614624,-61.130401611328125)",Caracaraí,,,22,,CARACARAI,
4409,2021-08-17 19:17:20.553,,,false,1400472,"(0.93995600938797,-60.438899993896484)",Rorainópolis,,,22,,RORAINOPOLIS,
4414,2021-08-17 19:17:24.417,,,false,4200101,"(-26.57159996032715,-52.322898864746094)",Abelardo Luz,,,24,,ABELARDO LUZ,1
4544,2021-08-17 19:19:05.714,,,false,4208708,"(-28.9960994720459,-49.762298583984375)",Jacinto Machado,,,24,,JACINTO MACHADO,
4557,2021-08-17 19:19:15.903,,,false,4209607,"(-28.385900497436523,-49.403499603271484)",Lauro Muller,,,24,,LAURO MULLER,
4580,2021-08-17 19:19:33.938,,,false,4211256,"(-28.800600051879883,-49.72140121459961)",Morro Grande,,,24,,MORRO GRANDE,
4585,2021-08-17 19:19:37.561,,,false,4211603,"(-28.633800506591797,-49.50550079345703)",Nova Veneza,,,24,,NOVA VENEZA,
4707,2021-08-17 19:21:09.221,,,false,3500204,"(-21.232500076293945,-49.64509963989258)",Adolfo,,,26,,ADOLFO,
4711,2021-08-17 19:21:12.297,,,false,3500550,"(-22.881200790405273,-49.24209976196289)",Águas de Santa Bárbara,,,26,,AGUAS DE SANTA BARBARA,
4717,2021-08-17 19:21:16.903,,,false,3501004,"(-21.021400451660156,-47.37120056152344)",Altinópolis,,,26,,ALTINOPOLIS,
4721,2021-08-17 19:21:19.974,,,false,3501301,"(-22.076400756835938,-51.472198486328125)",Álvares Machado,,,26,,ALVARES MACHADO,
4726,2021-08-17 19:21:23.814,,,false,3501806,"(-20.298500061035156,-49.73590087890625)",Américo de Campos,,,26,,AMERICO DE CAMPOS,
4732,2021-08-17 19:21:28.407,,,false,3502408,"(-22.293399810791016,-51.38949966430664)",Anhumas,,,26,,ANHUMAS,
4737,2021-08-17 19:21:32.231,,,false,3502804,"(-21.207599639892578,-50.440101623535156)",Araçatuba,,,26,,ARACATUBA,
4743,2021-08-17 19:21:36.848,,,false,3503307,"(-22.357200622558594,-47.38420104980469)",Araras,,,26,,ARARAS,
4748,2021-08-17 19:21:40.668,,,false,3503703,"(-21.18720054626465,-48.790401458740234)",Ariranha,,,26,,ARIRANHA,
4754,2021-08-17 19:21:45.247,,,false,3504206,"(-20.6835994720459,-50.55720138549805)",Auriflama,,,26,,AURIFLAMA,
4760,2021-08-17 19:21:49.825,,,false,3504800,"(-20.734800338745117,-49.58649826049805)",Bálsamo,,,26,,BALSAMO,
4765,2021-08-17 19:21:53.647,,,false,3505302,"(-22.49090003967285,-48.55830001831055)",Barra Bonita,,,26,,BARRA BONITA,
4767,2021-08-17 19:21:55.174,,,false,3505401,"(-24.759000778198242,-48.50130081176758)",Barra do Turvo,,,26,,BARRA DO TURVO,
4768,2021-08-17 19:21:55.939,,,false,3505500,"(-20.5531005859375,-48.569801330566406)",Barretos,,,26,,BARRETOS,
4774,2021-08-17 19:22:00.524,,,false,3506102,"(-20.949100494384766,-48.47909927368164)",Bebedouro,,,26,,BEBEDOURO,
4780,2021-08-17 19:22:03.581,,,false,3506607,"(-23.569799423217773,-46.04069900512695)",Biritiba-Mirim,,,26,,BIRITIBA-MIRIM,
4785,2021-08-17 19:22:07.403,,,false,3507100,"(-23.13559913635254,-46.467498779296875)",Bom Jesus dos Perdões,,,26,,BOM JESUS DOS PERDOES,
4792,2021-08-17 19:22:12.744,,,false,3507605,"(-22.952699661254883,-46.541900634765625)",Bragança Paulista,,,26,,BRAGANCA PAULISTA,
4798,2021-08-17 19:22:17.332,,,false,3508108,"(-21.066099166870117,-50.147499084472656)",Buritama,,,26,,BURITAMA,
4802,2021-08-17 19:22:20.385,,,false,3508504,"(-23.099199295043945,-45.70759963989258)",Caçapava,,,26,,CACAPAVA,
4808,2021-08-17 19:22:24.964,,,false,3509106,"(-21.832199096679688,-51.99689865112305)",Caiuá,,,26,,CAIUA,
4813,2021-08-17 19:22:28.777,,,false,3509452,"(-23.589500427246094,-48.475799560546875)",Campina do Monte Alegre,,,26,,CAMPINA DO MONTE ALEGRE,
4818,2021-08-17 19:22:32.594,,,false,3509908,"(-25.014400482177734,-47.93410110473633)",Cananéia,,,26,,CANANEIA,
4824,2021-08-17 19:22:37.168,,,false,3510302,"(-23.4685001373291,-47.738800048828125)",Capela do Alto,,,26,,CAPELA DO ALTO,
4829,2021-08-17 19:22:40.985,,,false,3510807,"(-21.77079963684082,-47.085201263427734)",Casa Branca,,,26,,CASA BRANCA,
4834,2021-08-17 19:22:44.794,,,false,3511300,"(-20.90089988708496,-49.26639938354492)",Cedral,,,26,,CEDRAL,
4839,2021-08-17 19:22:48.609,,,false,3557204,"(-23.03660011291504,-49.709598541259766)",Chavantes,,,26,,CHAVANTES,
4843,2021-08-17 19:22:51.660,,,false,3512209,"(-22.337499618530273,-47.17290115356445)",Conchal,,,26,,CONCHAL,
4848,2021-08-17 19:22:55.485,,,false,3512704,"(-22.22130012512207,-47.621498107910156)",Corumbataí,,,26,,CORUMBATAI,
4853,2021-08-17 19:22:59.304,,,false,3513207,"(-20.403600692749023,-47.4208984375)",Cristais Paulista,,,26,,CRISTAIS PAULISTA,
4859,2021-08-17 19:23:03.886,,,false,3513801,"(-23.681299209594727,-46.62049865722656)",Diadema,,,26,,DIADEMA,
4864,2021-08-17 19:23:07.705,,,false,3514205,"(-20.124000549316406,-50.51490020751953)",Dolcinópolis,,,26,,DOLCINOPOLIS,
4870,2021-08-17 19:23:12.283,,,false,3514809,"(-24.528099060058594,-48.11410140991211)",Eldorado,,,26,,ELDORADO,
4875,2021-08-17 19:23:16.098,,,false,3515103,"(-23.829700469970703,-46.8135986328125)",Embu-Guaçu,,,26,,EMBU-GUACU,
4879,2021-08-17 19:23:19.152,,,false,3515194,"(-22.6924991607666,-49.43410110473633)",Espírito Santo do Turvo,,,26,,ESPIRITO SANTO DO TURVO,
4883,2021-08-17 19:23:22.206,,,false,3515350,"(-22.554500579833984,-52.59280014038086)",Euclides da Cunha Paulista,,,26,,EUCLIDES DA CUNHA PAULISTA,
4890,2021-08-17 19:23:27.549,,,false,3515905,"(-20.675199508666992,-50.15129852294922)",Floreal,,,26,,FLOREAL,
4895,2021-08-17 19:23:31.364,,,false,3516408,"(-23.322900772094727,-46.729000091552734)",Franco da Rocha,,,26,,FRANCO DA ROCHA,
4900,2021-08-17 19:23:35.181,,,false,3516853,"(-21.836700439453125,-48.49570083618164)",Gavião Peixoto,,,26,,GAVIAO PEIXOTO,
4907,2021-08-17 19:23:40.540,,,false,3517505,"(-20.795900344848633,-49.217201232910156)",Guapiaçu,,,26,,GUAPIACU,
4908,2021-08-17 19:23:41.304,,,false,3517604,"(-24.189199447631836,-48.52949905395508)",Guapiara,,,26,,GUAPIARA,
4912,2021-08-17 19:23:44.354,,,false,3518008,"(-20.074600219726562,-50.34109878540039)",Guarani d`Oeste,,,26,,GUARANI D`OESTE,
4917,2021-08-17 19:23:48.172,,,false,3518503,"(-23.371400833129883,-48.18370056152344)",Guareí,,,26,,GUAREI,
4922,2021-08-17 19:23:51.990,,,false,3518909,"(-20.646699905395508,-50.66450119018555)",Guzolândia,,,26,,GUZOLANDIA,
4673,2021-08-17 19:20:43.802,,,false,4217600,"(-28.595500946044922,-49.431400299072266)",Siderópolis,,,24,,SIDEROPOLIS,
4684,2021-08-17 19:20:51.771,,,false,4218350,"(-28.509700775146484,-49.463401794433594)",Treviso,,,24,,TREVISO,
4931,2021-08-17 19:23:57.331,,,false,3519501,"(-22.818500518798828,-50.07389831542969)",Ibirarema,,,26,,IBIRAREMA,
4936,2021-08-17 19:24:01.146,,,false,3520004,"(-22.509000778198242,-48.55970001220703)",Igaraçu do Tietê,,,26,,IGARACU DO TIETE,
4942,2021-08-17 19:24:05.722,,,false,3520400,"(-23.778499603271484,-45.355201721191406)",Ilhabela,,,26,,ILHABELA,
4948,2021-08-17 19:24:10.296,,,false,3521002,"(-23.351299285888672,-47.69269943237305)",Iperó,,,26,,IPERO,
4953,2021-08-17 19:24:14.113,,,false,3521408,"(-22.583200454711914,-47.52299880981445)",Iracemápolis,,,26,,IRACEMAPOLIS,
4960,2021-08-17 19:24:19.464,,,false,3522109,"(-24.173599243164062,-46.78799819946289)",Itanhaém,,,26,,ITANHAEM,
4965,2021-08-17 19:24:23.312,,,false,3522505,"(-23.548799514770508,-46.932701110839844)",Itapevi,,,26,,ITAPEVI,
4971,2021-08-17 19:24:27.892,,,false,3523008,"(-20.64189910888672,-51.50630187988281)",Itapura,,,26,,ITAPURA,
4976,2021-08-17 19:24:31.708,,,false,3523503,"(-23.104700088500977,-48.615699768066406)",Itatinga,,,26,,ITATINGA,
4981,2021-08-17 19:24:35.525,,,false,3524006,"(-23.152599334716797,-47.05929946899414)",Itupeva,,,26,,ITUPEVA,
4985,2021-08-17 19:24:38.578,,,false,3524402,"(-23.29829978942871,-45.96580123901367)",Jacareí,,,26,,JACAREI,
4991,2021-08-17 19:24:43.153,,,false,3525003,"(-23.52750015258789,-46.90230178833008)",Jandira,,,26,,JANDIRA,
4996,2021-08-17 19:24:46.968,,,false,3525508,"(-22.927000045776367,-46.27410125732422)",Joanópolis,,,26,,JOANOPOLIS,
5001,2021-08-17 19:24:50.789,,,false,3525904,"(-23.185199737548828,-46.89739990234375)",Jundiaí,,,26,,JUNDIAI,
5006,2021-08-17 19:24:54.602,,,false,3526407,"(-23.050600051879883,-47.837501525878906)",Laranjal Paulista,,,26,,LARANJAL PAULISTA,
5013,2021-08-17 19:24:59.956,,,false,3527108,"(-21.67180061340332,-49.752601623535156)",Lins,,,26,,LINS,
5018,2021-08-17 19:25:03.770,,,false,3527504,"(-22.429399490356445,-49.52199935913086)",Lucianópolis,,,26,,LUCIANOPOLIS,
5023,2021-08-17 19:25:07.587,,,false,3528007,"(-22.500200271606445,-48.710201263427734)",Macatuba,,,26,,MACATUBA,
5029,2021-08-17 19:25:12.162,,,false,3528601,"(-23.005599975585938,-49.3202018737793)",Manduri,,,26,,MANDURI,
5034,2021-08-17 19:25:15.980,,,false,3529005,"(-22.217100143432617,-49.95009994506836)",Marília,,,26,,MARILIA,
5040,2021-08-17 19:25:20.555,,,false,3529609,"(-20.357900619506836,-50.18109893798828)",Meridiano,,,26,,MERIDIANO,
5044,2021-08-17 19:25:23.611,,,false,3530003,"(-19.978900909423828,-50.138999938964844)",Mira Estrela,,,26,,MIRA ESTRELA,
5049,2021-08-17 19:25:27.432,,,false,3530409,"(-20.617900848388672,-49.461700439453125)",Mirassolândia,,,26,,MIRASSOLANDIA,
5051,2021-08-17 19:25:28.955,,,false,3530607,"(-23.52079963684082,-46.18539810180664)",Mogi das Cruzes,,,26,,MOGI DAS CRUZES,
5052,2021-08-17 19:25:29.720,,,false,3530706,"(-22.36750030517578,-46.94279861450195)",Mogi Guaçu,,,26,,MOGI GUACU,
5057,2021-08-17 19:25:33.534,,,false,3531209,"(-22.681699752807617,-46.680999755859375)",Monte Alegre do Sul,,,26,,MONTE ALEGRE DO SUL,
5062,2021-08-17 19:25:37.349,,,false,3531803,"(-22.94499969482422,-47.312198638916016)",Monte Mor,,,26,,MONTE MOR,
5067,2021-08-17 19:25:41.176,,,false,3532108,"(-20.990800857543945,-51.277400970458984)",Murutinga do Sul,,,26,,MURUTINGA DO SUL,
5072,2021-08-17 19:25:44.998,,,false,3532504,"(-20.843000411987305,-49.635799407958984)",Neves Paulista,,,26,,NEVES PAULISTA,
5078,2021-08-17 19:25:49.579,,,false,3532868,"(-20.761499404907227,-50.34769821166992)",Nova Castilho,,,26,,NOVA CASTILHO,
5082,2021-08-17 19:25:52.634,,,false,3533205,"(-21.10260009765625,-51.490501403808594)",Nova Independência,,,26,,NOVA INDEPENDENCIA,
5089,2021-08-17 19:25:57.973,,,false,3533809,"(-22.943500518798828,-49.34189987182617)",Óleo,,,26,,OLEO,
5094,2021-08-17 19:26:01.792,,,false,3534302,"(-20.716899871826172,-47.88520050048828)",Orlândia,,,26,,ORLANDIA,
5099,2021-08-17 19:26:05.602,,,false,3534807,"(-21.487199783325195,-51.70240020751953)",Ouro Verde,,,26,,OURO VERDE,
5104,2021-08-17 19:26:09.429,,,false,3535200,"(-20.4148006439209,-50.76319885253906)",Palmeira d`Oeste,,,26,,PALMEIRA D`OESTE,
5109,2021-08-17 19:26:13.244,,,false,3535705,"(-21.015899658203125,-48.776100158691406)",Paraíso,,,26,,PARAISO,
5114,2021-08-17 19:26:17.063,,,false,3536208,"(-24.71470069885254,-47.87419891357422)",Pariquera-Açu,,,26,,PARIQUERA-ACU,
5119,2021-08-17 19:26:20.880,,,false,3536570,"(-22.576799392700195,-49.40079879760742)",Paulistânia,,,26,,PAULISTANIA,
5121,2021-08-17 19:26:22.406,,,false,3536703,"(-22.35110092163086,-48.778099060058594)",Pederneiras,,,26,,PEDERNEIRAS,
5122,2021-08-17 19:26:23.170,,,false,3536802,"(-22.790199279785156,-46.445499420166016)",Pedra Bela,,,26,,PEDRA BELA,
5126,2021-08-17 19:26:26.223,,,false,3537156,"(-22.817399978637695,-50.79330062866211)",Pedrinhas Paulista,,,26,,PEDRINHAS PAULISTA,
5132,2021-08-17 19:26:30.796,,,false,3537701,"(-21.592100143432617,-50.60029983520508)",Piacatu,,,26,,PIACATU,
5137,2021-08-17 19:26:34.611,,,false,3538204,"(-22.781099319458008,-46.589698791503906)",Pinhalzinho,,,26,,PINHALZINHO,
5143,2021-08-17 19:26:39.198,,,false,3538907,"(-21.999000549316406,-49.46080017089844)",Pirajuí,,,26,,PIRAJUI,
5148,2021-08-17 19:26:43.034,,,false,3539400,"(-22.414199829101562,-49.1338996887207)",Piratininga,,,26,,PIRATININGA,
5154,2021-08-17 19:26:47.620,,,false,3540002,"(-22.10700035095215,-50.17599868774414)",Pompéia,,,26,,POMPEIA,
5159,2021-08-17 19:26:51.439,,,false,3540408,"(-19.94529914855957,-50.53799819946289)",Populina,,,26,,POPULINA,
5165,2021-08-17 19:26:56.024,,,false,3540853,"(-21.849599838256836,-51.08679962158203)",Pracinha,,,26,,PRACINHA,
5169,2021-08-17 19:26:59.077,,,false,3541109,"(-22.099899291992188,-49.4380989074707)",Presidente Alves,,,26,,PRESIDENTE ALVES,
5174,2021-08-17 19:27:02.892,,,false,3541604,"(-21.535600662231445,-49.859901428222656)",Promissão,,,26,,PROMISSAO,
5181,2021-08-17 19:27:08.231,,,false,3542206,"(-22.226900100708008,-50.893001556396484)",Rancharia,,,26,,RANCHARIA,
5185,2021-08-17 19:27:14.621,,,false,3542602,"(-24.497900009155273,-47.84489822387695)",Registro,,,26,,REGISTRO,
5190,2021-08-17 19:27:18.431,,,false,3543105,"(-20.45789909362793,-47.59040069580078)",Ribeirão Corrente,,,26,,RIBEIRAO CORRENTE,
5191,2021-08-17 19:27:19.195,,,false,3543204,"(-22.788999557495117,-49.93299865722656)",Ribeirão do Sul,,,26,,RIBEIRAO DO SUL,
5193,2021-08-17 19:27:20.721,,,false,3543253,"(-24.10110092163086,-48.36790084838867)",Ribeirão Grande,,,26,,RIBEIRAO GRANDE,
5199,2021-08-17 19:27:25.301,,,false,3543907,"(-22.398399353027344,-47.55459976196289)",Rio Claro,,,26,,RIO CLARO,
5205,2021-08-17 19:27:29.901,,,false,3544301,"(-22.893800735473633,-45.30699920654297)",Roseira,,,26,,ROSEIRA,
5210,2021-08-17 19:27:33.717,,,false,3544806,"(-21.34269905090332,-49.48970031738281)",Sales,,,26,,SALES,
5219,2021-08-17 19:27:40.579,,,false,3545605,"(-21.242700576782227,-48.80630111694336)",Santa Adélia,,,26,,SANTA ADELIA,
5223,2021-08-17 19:27:43.625,,,false,3546108,"(-20.09000015258789,-50.949100494384766)",Santa Clara d`Oeste,,,26,,SANTA CLARA D`OESTE,
5227,2021-08-17 19:27:46.679,,,false,3546405,"(-22.898799896240234,-49.635398864746094)",Santa Cruz do Rio Pardo,,,26,,SANTA CRUZ DO RIO PARDO,
5233,2021-08-17 19:27:51.252,,,false,3547007,"(-22.566099166870117,-48.1593017578125)",Santa Maria da Serra,,,26,,SANTA MARIA DA SERRA,
5237,2021-08-17 19:27:54.306,,,false,3547601,"(-21.47760009765625,-47.36220169067383)",Santa Rosa de Viterbo,,,26,,SANTA ROSA DE VITERBO,
5243,2021-08-17 19:27:58.904,,,false,3547908,"(-21.08639907836914,-47.146400451660156)",Santo Antônio da Alegria,,,26,,SANTO ANTONIO DA ALEGRIA,
5246,2021-08-17 19:28:01.222,,,false,3548104,"(-22.11210060119629,-46.68450164794922)",Santo Antônio do Jardim,,,26,,SANTO ANTONIO DO JARDIM,
5252,2021-08-17 19:28:05.805,,,false,3548708,"(-23.6914005279541,-46.56460189819336)",São Bernardo do Campo,,,26,,SAO BERNARDO DO CAMPO,
5256,2021-08-17 19:28:08.867,,,false,3549102,"(-21.970699310302734,-46.79439926147461)",São João da Boa Vista,,,26,,SAO JOAO DA BOA VISTA,
5258,2021-08-17 19:28:10.394,,,false,3549250,"(-20.51110076904297,-50.35609817504883)",São João de Iracema,,,26,,SAO JOAO DE IRACEMA,
5260,2021-08-17 19:28:11.921,,,false,3549409,"(-20.581199645996094,-47.85929870605469)",São Joaquim da Barra,,,26,,SAO JOAQUIM DA BARRA,
5265,2021-08-17 19:28:15.738,,,false,3549904,"(-23.189599990844727,-45.88410186767578)",São José dos Campos,,,26,,SAO JOSE DOS CAMPOS,
5269,2021-08-17 19:28:18.809,,,false,3550209,"(-23.87820053100586,-47.993499755859375)",São Miguel Arcanjo,,,26,,SAO MIGUEL ARCANJO,
5275,2021-08-17 19:28:23.418,,,false,3550803,"(-21.704099655151367,-46.82080078125)",São Sebastião da Grama,,,26,,SAO SEBASTIAO DA GRAMA,
5280,2021-08-17 19:28:27.232,,,false,3551306,"(-20.652299880981445,-49.92499923706055)",Sebastianópolis do Sul,,,26,,SEBASTIANOPOLIS DO SUL,
5286,2021-08-17 19:28:31.807,,,false,3551900,"(-20.810800552368164,-48.80540084838867)",Severínia,,,26,,SEVERINIA,
5292,2021-08-17 19:28:36.387,,,false,3552551,"(-20.49810028076172,-51.026798248291016)",Suzanápolis,,,26,,SUZANAPOLIS,
5298,2021-08-17 19:28:40.971,,,false,3553005,"(-23.445199966430664,-49.402400970458984)",Taguaí,,,26,,TAGUAI,
5304,2021-08-17 19:28:45.561,,,false,3553609,"(-21.47130012512207,-46.74480056762695)",Tapiratiba,,,26,,TAPIRATIBA,
5309,2021-08-17 19:28:49.379,,,false,3553906,"(-22.301599502563477,-51.56209945678711)",Tarabai,,,26,,TARABAI,
5315,2021-08-17 19:28:53.961,,,false,3554409,"(-20.78700065612793,-48.33140182495117)",Terra Roxa,,,26,,TERRA ROXA,
5321,2021-08-17 19:28:58.566,,,false,3554805,"(-22.95709991455078,-45.54750061035156)",Tremembé,,,26,,TREMEMBE,
5327,2021-08-17 19:29:03.146,,,false,3555307,"(-20.048599243164062,-50.47919845581055)",Turmalina,,,26,,TURMALINA,
5331,2021-08-17 19:29:06.202,,,false,3555604,"(-20.951099395751953,-49.17129898071289)",Uchoa,,,26,,UCHOA,
5336,2021-08-17 19:29:10.022,,,false,3556107,"(-20.42169952392578,-50.08890151977539)",Valentim Gentil,,,26,,VALENTIM GENTIL,
5341,2021-08-17 19:29:13.852,,,false,3556453,"(-23.599300384521484,-47.02199935913086)",Vargem Grande Paulista,,,26,,VARGEM GRANDE PAULISTA,
5346,2021-08-17 19:29:17.690,,,false,3556909,"(-21.169200897216797,-48.62839889526367)",Vista Alegre do Alto,,,26,,VISTA ALEGRE DO ALTO,
5351,2021-08-17 19:29:21.507,,,false,2800100,"(-10.13479995727539,-36.935001373291016)",Amparo de São Francisco,,,25,,AMPARO DE SAO FRANCISCO,
5358,2021-08-17 19:29:26.853,,,false,2800704,"(-10.429699897766113,-36.46110153198242)",Brejo Grande,,,25,,BREJO GRANDE,
5363,2021-08-17 19:29:30.669,,,false,2801405,"(-10.352399826049805,-37.700199127197266)",Carira,,,25,,CARIRA,
5368,2021-08-17 19:29:34.480,,,false,2802007,"(-10.678199768066406,-37.15060043334961)",Divina Pastora,,,25,,DIVINA PASTORA,
5373,2021-08-17 19:29:38.298,,,false,2802502,"(-10.683500289916992,-36.98379898071289)",General Maynard,,,25,,GENERAL MAYNARD,
5379,2021-08-17 19:29:42.887,,,false,2803104,"(-10.124799728393555,-37.10559844970703)",Itabi,,,25,,ITABI,
5384,2021-08-17 19:29:46.705,,,false,2803609,"(-10.798100471496582,-37.173099517822266)",Laranjeiras,,,25,,LARANJEIRAS,
5389,2021-08-17 19:29:50.522,,,false,2804102,"(-10.576899528503418,-37.351200103759766)",Moita Bonita,,,25,,MOITA BONITA,
5393,2021-08-17 19:29:53.574,,,false,2804458,"(-10.394399642944336,-37.451698303222656)",Nossa Senhora Aparecida,,,25,,NOSSA SENHORA APARECIDA,
5396,2021-08-17 19:29:55.865,,,false,2804706,"(-10.077199935913086,-37.061500549316406)",Nossa Senhora de Lourdes,,,25,,NOSSA SENHORA DE LOURDES,
5400,2021-08-17 19:29:58.924,,,false,2805109,"(-11.190199851989746,-37.6775016784668)",Pedrinhas,,,25,,PEDRINHAS,
5406,2021-08-17 19:30:03.560,,,false,2805703,"(-10.213800430297852,-36.844200134277344)",Propriá,,,25,,PROPRIA,
5410,2021-08-17 19:30:06.615,,,false,2806107,"(-10.690400123596191,-37.035701751708984)",Rosário do Catete,,,25,,ROSARIO DO CATETE,
5414,2021-08-17 19:30:09.676,,,false,2806404,"(-10.292200088500977,-36.61050033569336)",Santana do São Francisco,,,25,,SANTANA DO SAO FRANCISCO,
5421,2021-08-17 19:30:15.016,,,false,2807204,"(-10.596500396728516,-37.11309814453125)",Siriri,,,25,,SIRIRI,
5426,2021-08-17 19:30:18.853,,,false,1700251,"(-9.621009826660156,-49.151798248291016)",Abreulândia,,,27,,ABREULANDIA,
5431,2021-08-17 19:30:22.667,,,false,1701002,"(-6.364369869232178,-48.07350158691406)",Ananás,,,27,,ANANAS,
5436,2021-08-17 19:30:26.481,,,false,1702000,"(-12.928899765014648,-49.82310104370117)",Araguaçu,,,27,,ARAGUACU,
5441,2021-08-17 19:30:30.309,,,false,1702406,"(-12.92870044708252,-46.9359016418457)",Arraias,,,27,,ARRAIAS,
5444,2021-08-17 19:30:32.616,,,false,1702901,"(-5.612750053405762,-47.77009963989258)",Axixá do Tocantins,,,27,,AXIXA DO TOCANTINS,
5450,2021-08-17 19:30:37.192,,,false,1703305,"(-8.96306037902832,-48.165000915527344)",Bom Jesus do Tocantins,,,27,,BOM JESUS DO TOCANTINS,
5454,2021-08-17 19:30:40.247,,,false,1703826,"(-6.115600109100342,-47.92340087890625)",Cachoeirinha,,,27,,CACHOEIRINHA,
5459,2021-08-17 19:30:44.050,,,false,1703909,"(-9.27612018585205,-49.95209884643555)",Caseara,,,27,,CASEARA,
5462,2021-08-17 19:30:46.339,,,false,1704600,"(-10.141900062561035,-49.14030075073242)",Chapada de Areia,,,27,,CHAPADA DE AREIA,
5464,2021-08-17 19:30:47.864,,,false,1716703,"(-8.724630355834961,-48.76380157470703)",Colméia,,,27,,COLMEIA,
5468,2021-08-17 19:30:50.920,,,false,1706100,"(-10.59850025177002,-49.19419860839844)",Cristalândia,,,27,,CRISTALANDIA,
5472,2021-08-17 19:30:53.978,,,false,1707108,"(-9.800180435180664,-49.21689987182617)",Divinópolis do Tocantins,,,27,,DIVINOPOLIS DO TOCANTINS,
5478,2021-08-17 19:30:58.555,,,false,1707702,"(-7.335010051727295,-47.495399475097656)",Filadélfia,,,27,,FILADELFIA,
5483,2021-08-17 19:31:02.370,,,false,1709302,"(-8.835430145263672,-48.51139831542969)",Guaraí,,,27,,GUARAI,
5488,2021-08-17 19:31:06.187,,,false,1710904,"(-8.379819869995117,-48.107200622558594)",Itapiratins,,,27,,ITAPIRATINS,
5492,2021-08-17 19:31:09.240,,,false,1711902,"(-10.790599822998047,-49.61989974975586)",Lagoa da Confusão,,,27,,LAGOA DA CONFUSAO,
5498,2021-08-17 19:31:13.824,,,false,1712504,"(-9.793769836425781,-49.65530014038086)",Marianópolis do Tocantins,,,27,,MARIANOPOLIS DO TOCANTINS,
5503,2021-08-17 19:31:17.653,,,false,1713601,"(-10.761099815368652,-48.11140060424805)",Monte do Carmo,,,27,,MONTE DO CARMO,
5508,2021-08-17 19:31:21.472,,,false,1714880,"(-7.631710052490234,-48.425201416015625)",Nova Olinda,,,27,,NOVA OLINDA,
5513,2021-08-17 19:31:25.293,,,false,1715507,"(-10.706999778747559,-48.908599853515625)",Oliveira de Fátima,,,27,,OLIVEIRA DE FATIMA,
2789,2021-08-17 18:56:18.095,,,false,4128625,"(-26.114585876464844,-52.74687576293945)",Alto Paraíso,,,18,,ALTO PARAISO,5
2790,2021-08-17 18:56:18.868,,,false,4100608,"(-23.131200790405273,-52.31890106201172)",Alto Paraná,,,18,,ALTO PARANA,5
2791,2021-08-17 18:56:19.640,,,false,4100707,"(-24.02239990234375,-53.439998626708984)",Alto Piquiri,,,18,,ALTO PIQUIRI,5
2792,2021-08-17 18:56:20.412,,,false,4100509,"(-23.875900268554688,-53.89580154418945)",Altônia,,,18,,ALTONIA,5
2794,2021-08-17 18:56:21.958,,,false,4100905,"(-23.09429931640625,-52.786598205566406)",Amaporã,,,18,,AMAPORA,5
2830,2021-08-17 18:56:49.810,,,false,4103370,"(-24.197799682617188,-53.52750015258789)",Brasilândia do Sul,,,18,,BRASILANDIA DO SUL,5
2833,2021-08-17 18:56:52.131,,,false,4103479,"(-23.90049934387207,-53.51240158081055)",Cafezal do Sul,,,18,,CAFEZAL DO SUL,5
2860,2021-08-17 18:57:13.029,,,false,4105508,"(-23.659900665283203,-52.60540008544922)",Cianorte,,,18,,CIANORTE,5
2861,2021-08-17 18:57:13.802,,,false,4105607,"(-23.377199172973633,-52.943599700927734)",Cidade Gaúcha,,,18,,CIDADE GAUCHA,5
2875,2021-08-17 18:57:24.701,,,false,4106605,"(-23.77989959716797,-53.07740020751953)",Cruzeiro do Oeste,,,18,,CRUZEIRO DO OESTE,5
2876,2021-08-17 18:57:25.472,,,false,4106704,"(-22.962400436401367,-52.162200927734375)",Cruzeiro do Sul,,,18,,CRUZEIRO DO SUL,5
2881,2021-08-17 18:57:29.334,,,false,4107108,"(-22.655000686645508,-52.861698150634766)",Diamante do Norte,,,18,,DIAMANTE DO NORTE,5
2884,2021-08-17 18:57:31.660,,,false,4107256,"(-23.380699157714844,-53.29180145263672)",Douradina,,,18,,DOURADINA,5
2890,2021-08-17 18:57:36.325,,,false,4107520,"(-23.723800659179688,-53.81100082397461)",Esperança Nova,,,18,,ESPERANCA NOVA,5
2906,2021-08-17 18:57:48.731,,,false,4108320,"(-24.066699981689453,-53.846099853515625)",Francisco Alves,,,18,,FRANCISCO ALVES,5
2914,2021-08-17 18:57:54.916,,,false,4108908,"(-22.93199920654297,-52.69060134887695)",Guairaçá,,,18,,GUAIRACA,5
2917,2021-08-17 18:57:57.234,,,false,4109104,"(-23.340200424194336,-52.77859878540039)",Guaporema,,,18,,GUAPOREMA,5
2927,2021-08-17 18:58:04.986,,,false,4109906,"(-23.394399642944336,-53.6150016784668)",Icaraíma,,,18,,ICARAIMA,5
2933,2021-08-17 18:58:09.628,,,false,4110300,"(-22.750900268554688,-52.199501037597656)",Inajá,,,18,,INAJA,5
2934,2021-08-17 18:58:10.402,,,false,4110409,"(-23.476200103759766,-52.69889831542969)",Indianópolis,,,18,,INDIANOPOLIS,5
2936,2021-08-17 18:58:11.949,,,false,4110607,"(-24.00830078125,-53.70600128173828)",Iporã,,,18,,IPORA,5
2946,2021-08-17 18:58:19.706,,,false,4111308,"(-22.728900909423828,-52.88740158081055)",Itaúna do Sul,,,18,,ITAUNA DO SUL,5
2949,2021-08-17 18:58:22.026,,,false,4111555,"(-23.40719985961914,-53.36869812011719)",Ivaté,,,18,,IVATE,5
2958,2021-08-17 18:58:28.982,,,false,4112405,"(-23.46929931640625,-52.55569839477539)",Japurá,,,18,,JAPURA,5
2960,2021-08-17 18:58:30.528,,,false,4112603,"(-22.55229949951172,-52.05030059814453)",Jardim Olinda,,,18,,JARDIM OLINDA,5
2966,2021-08-17 18:58:35.173,,,false,4113007,"(-23.62190055847168,-52.46929931640625)",Jussara,,,18,,JUSSARA,5
2974,2021-08-17 18:58:41.354,,,false,4113502,"(-22.923200607299805,-53.136199951171875)",Loanda,,,18,,LOANDA,5
2989,2021-08-17 18:58:52.984,,,false,4114708,"(-23.615800857543945,-53.205299377441406)",Maria Helena,,,18,,MARIA HELENA,5
2992,2021-08-17 18:58:55.303,,,false,4115002,"(-22.733600616455078,-53.040199279785156)",Marilena,,,18,,MARILENA,5
2993,2021-08-17 18:58:56.079,,,false,4115101,"(-24.008899688720703,-53.1431999206543)",Mariluz,,,18,,MARILUZ,5
3006,2021-08-17 18:59:06.167,,,false,4115903,"(-23.2549991607666,-52.776100158691406)",Mirador,,,18,,MIRADOR,5
3013,2021-08-17 18:59:11.585,,,false,4116505,"(-23.176300048828125,-52.60319900512695)",Nova Aliança do Ivaí,,,18,,NOVA ALIANCA DO IVAI,5
3021,2021-08-17 18:59:17.776,,,false,4117107,"(-22.763900756835938,-52.98680114746094)",Nova Londrina,,,18,,NOVA LONDRINA,5
3022,2021-08-17 18:59:18.553,,,false,4117206,"(-23.470300674438477,-53.08980178833008)",Nova Olímpia,,,18,,NOVA OLIMPIA,5
3036,2021-08-17 18:59:29.411,,,false,4118006,"(-23.282400131225586,-52.60540008544922)",Paraíso do Norte,,,18,,PARAISO DO NORTE,5
3037,2021-08-17 18:59:30.186,,,false,4118105,"(-22.92970085144043,-52.15489959716797)",Paranacity,,,18,,PARANACITY,5
3039,2021-08-17 18:59:31.735,,,false,4118303,"(-22.641199111938477,-52.09049987792969)",Paranapoema,,,18,,PARANAPOEMA,5
3040,2021-08-17 18:59:32.508,,,false,4118402,"(-23.081600189208984,-52.461700439453125)",Paranavaí,,,18,,PARANAVAI,5
3046,2021-08-17 18:59:37.164,,,false,4118857,"(-23.894899368286133,-53.4098014831543)",Perobal,,,18,,PEROBAL,5
3047,2021-08-17 18:59:37.939,,,false,4118907,"(-23.80389976501465,-53.68339920043945)",Pérola,,,18,,PEROLA,5
3058,2021-08-17 18:59:46.446,,,false,4119707,"(-23.010099411010742,-52.91619873046875)",Planaltina do Paraná,,,18,,PLANALTINA DO PARANA,5
3065,2021-08-17 18:59:51.854,,,false,4120200,"(-22.774700164794922,-53.2677001953125)",Porto Rico,,,18,,PORTO RICO,5
3077,2021-08-17 19:00:01.139,,,false,4121000,"(-23.083799362182617,-53.483001708984375)",Querência do Norte,,,18,,QUERENCIA DO NORTE,5
3098,2021-08-17 19:00:17.499,,,false,4122602,"(-23.41200065612793,-52.765899658203125)",Rondon,,,18,,RONDON,5
3106,2021-08-17 19:00:23.682,,,false,4123303,"(-22.958202362060547,-53.294857025146484)",Santa Cruz de Monte Castelo,,,18,,SANTA CRUZ DE MONTE CASTELO,5
3110,2021-08-17 19:00:26.777,,,false,4123709,"(-23.002500534057617,-53.19889831542969)",Santa Isabel do Ivaí,,,18,,SANTA ISABEL DO IVAI,5
3115,2021-08-17 19:00:30.656,,,false,4123956,"(-23.107999801635742,-53.11029815673828)",Santa Mônica,,,18,,SANTA MONICA,5
3120,2021-08-17 19:00:34.520,,,false,4124202,"(-22.73509979248047,-52.34400177001953)",Santo Antônio do Caiuá,,,18,,SANTO ANTONIO DO CAIUA,5
3124,2021-08-17 19:00:37.627,,,false,4124608,"(-23.315799713134766,-52.47610092163086)",São Carlos do Ivaí,,,18,,SAO CARLOS DO IVAI,5
3127,2021-08-17 19:00:39.961,,,false,4124905,"(-22.853500366210938,-52.34109878540039)",São João do Caiuá,,,18,,SAO JOAO DO CAIUA,5
3132,2021-08-17 19:00:43.826,,,false,4125357,"(-23.764699935913086,-53.882301330566406)",São Jorge do Patrocínio,,,18,,SAO JORGE DO PATROCINIO,5
3136,2021-08-17 19:00:46.922,,,false,4125555,"(-23.394100189208984,-52.64540100097656)",São Manoel do Paraná,,,18,,SAO MANOEL DO PARANA,5
3141,2021-08-17 19:00:50.785,,,false,4125902,"(-22.82390022277832,-53.224098205566406)",São Pedro do Paraná,,,18,,SAO PEDRO DO PARANA,5
3143,2021-08-17 19:00:52.333,,,false,4126108,"(-23.534900665283203,-52.5900993347168)",São Tomé,,,18,,SAO TOME,5
3154,2021-08-17 19:01:00.843,,,false,4126702,"(-23.20359992980957,-52.474300384521484)",Tamboara,,,18,,TAMBOARA,5
3155,2021-08-17 19:01:01.617,,,false,4126801,"(-23.73150062561035,-52.87350082397461)",Tapejara,,,18,,TAPEJARA,5
3156,2021-08-17 19:01:02.389,,,false,4126900,"(-23.319299697875977,-53.06840133666992)",Tapira,,,18,,TAPIRA,5
3160,2021-08-17 19:01:05.482,,,false,4127304,"(-22.71109962463379,-52.61880111694336)",Terra Rica,,,18,,TERRA RICA,5
3168,2021-08-17 19:01:11.674,,,false,4127908,"(-23.86479949951172,-52.87689971923828)",Tuneiras do Oeste,,,18,,TUNEIRAS DO OESTE,5
3172,2021-08-17 19:01:14.794,,,false,4128104,"(-23.765600204467773,-53.320098876953125)",Umuarama,,,18,,UMUARAMA,5
3182,2021-08-17 19:01:22.530,,,false,4128807,"(-23.736400604248047,-53.488399505615234)",Xambrê,,,18,,XAMBRE,5
2788,2021-08-17 18:56:17.322,,,false,4100459,"(-24.79829978942871,-52.712799072265625)",Altamira do Paraná,,,18,,ALTAMIRA DO PARANA,6
2805,2021-08-17 18:56:30.469,,,false,4101705,"(-23.931499481201172,-52.50210189819336)",Araruna,,,18,,ARARUNA,6
2814,2021-08-17 18:56:37.426,,,false,4102505,"(-24.03339958190918,-52.00400161743164)",Barbosa Ferraz,,,18,,BARBOSA FERRAZ,6
2820,2021-08-17 18:56:42.063,,,false,4103008,"(-24.246700286865234,-52.787601470947266)",Boa Esperança,,,18,,BOA ESPERANCA,6
2838,2021-08-17 18:56:55.997,,,false,4103909,"(-24.58930015563965,-52.79759979248047)",Campina da Lagoa,,,18,,CAMPINA DA LAGOA,6
2845,2021-08-17 18:57:01.420,,,false,4104303,"(-24.046300888061523,-52.37799835205078)",Campo Mourão,,,18,,CAMPO MOURAO,6
2872,2021-08-17 18:57:22.378,,,false,4106555,"(-24.10099983215332,-52.117698669433594)",Corumbataí do Sul,,,18,,CORUMBATAI DO SUL,6
2888,2021-08-17 18:57:34.781,,,false,4107504,"(-23.797000885009766,-52.265899658203125)",Engenheiro Beltrão,,,18,,ENGENHEIRO BELTRAO,6
2892,2021-08-17 18:57:37.874,,,false,4107553,"(-24.095800399780273,-52.621700286865234)",Farol,,,18,,FAROL,6
2895,2021-08-17 18:57:40.194,,,false,4107702,"(-23.91349983215332,-51.980499267578125)",Fênix,,,18,,FENIX,6
2910,2021-08-17 18:57:51.821,,,false,4108601,"(-24.183500289916992,-53.02479934692383)",Goioerê,,,18,,GOIOERE,6
2939,2021-08-17 18:58:14.267,,,false,4110805,"(-24.42530059814453,-52.101200103759766)",Iretama,,,18,,IRETAMA,6
2956,2021-08-17 18:58:27.437,,,false,4112207,"(-24.140100479125977,-52.77840042114258)",Janiópolis,,,18,,JANIOPOLIS,6
2965,2021-08-17 18:58:34.401,,,false,4112959,"(-24.420900344848633,-52.84130096435547)",Juranda,,,18,,JURANDA,6
2977,2021-08-17 18:58:43.679,,,false,4113734,"(-24.28529930114746,-52.26900100708008)",Luiziana,,,18,,LUIZIANA,6
2981,2021-08-17 18:58:46.767,,,false,4114005,"(-24.316999435424805,-52.527099609375)",Mamborê,,,18,,MAMBORE,6
3009,2021-08-17 18:59:08.486,,,false,4116109,"(-24.050941467285156,-53.01017379760742)",Moreira Sales,,,18,,MOREIRA SALES,6
3016,2021-08-17 18:59:13.909,,,false,4116802,"(-24.672300338745117,-52.56610107421875)",Nova Cantu,,,18,,NOVA CANTU,6
3045,2021-08-17 18:59:36.392,,,false,4118808,"(-23.913999557495117,-52.343101501464844)",Peabiru,,,18,,PEABIRU,6
3072,2021-08-17 18:59:57.262,,,false,4120655,"(-24.27750015258789,-53.07590103149414)",Quarto Centenário,,,18,,QUARTO CENTENARIO,6
3078,2021-08-17 19:00:01.965,,,false,4121109,"(-23.853300094604492,-52.13090133666992)",Quinta do Sol,,,18,,QUINTA DO SOL,6
3082,2021-08-17 19:00:05.108,,,false,4121356,"(-24.306520462036133,-52.955177307128906)",Rancho Alegre d`Oeste,,,18,,RANCHO ALEGRE D`OESTE,6
3097,2021-08-17 19:00:16.719,,,false,4122503,"(-24.595800399780273,-52.27159881591797)",Roncador,,,18,,RONCADOR,6
3159,2021-08-17 19:01:04.709,,,false,4127205,"(-23.768299102783203,-52.446998596191406)",Terra Boa,,,18,,TERRA BOA,6
3171,2021-08-17 19:01:13.995,,,false,4128005,"(-24.5393009185791,-52.98649978637695)",Ubiratã,,,18,,UBIRATA,6
2793,2021-08-17 18:56:21.185,,,false,4100806,"(-22.781299591064453,-51.229698181152344)",Alvorada do Sul,,,18,,ALVORADA DO SUL,7
2798,2021-08-17 18:56:25.048,,,false,4101150,"(-23.194599151611328,-51.915401458740234)",Ângulo,,,18,,ANGULO,7
2801,2021-08-17 18:56:27.378,,,false,4101408,"(-23.549999237060547,-51.4635009765625)",Apucarana,,,18,,APUCARANA,7
2802,2021-08-17 18:56:28.151,,,false,4101507,"(-23.415300369262695,-51.425899505615234)",Arapongas,,,18,,ARAPONGAS,7
2804,2021-08-17 18:56:29.696,,,false,4101655,"(-24.313199996948242,-51.78559875488281)",Arapuã,,,18,,ARAPUA,7
2807,2021-08-17 18:56:32.014,,,false,4101853,"(-24.385700225830078,-51.583900451660156)",Ariranha do Ivaí,,,18,,ARIRANHA DO IVAI,7
2810,2021-08-17 18:56:34.333,,,false,4102109,"(-23.231800079345703,-51.66680145263672)",Astorga,,,18,,ASTORGA,7
2811,2021-08-17 18:56:35.107,,,false,4102208,"(-23.15169906616211,-52.05509948730469)",Atalaia,,,18,,ATALAIA,7
2818,2021-08-17 18:56:40.518,,,false,4102802,"(-22.99370002746582,-51.19269943237305)",Bela Vista do Paraíso,,,18,,BELA VISTA DO PARAISO,7
2826,2021-08-17 18:56:46.701,,,false,4103206,"(-23.706300735473633,-51.7671012878418)",Bom Sucesso,,,18,,BOM SUCESSO,7
2828,2021-08-17 18:56:48.259,,,false,4103305,"(-23.936599731445312,-51.587501525878906)",Borrazópolis,,,18,,BORRAZOPOLIS,7
2831,2021-08-17 18:56:50.583,,,false,4103404,"(-22.788999557495117,-51.71419906616211)",Cafeara,,,18,,CAFEARA,7
2834,2021-08-17 18:56:52.903,,,false,4103503,"(-23.656600952148438,-51.357398986816406)",Califórnia,,,18,,CALIFORNIA,7
2836,2021-08-17 18:56:54.449,,,false,4103701,"(-23.276599884033203,-51.27980041503906)",Cambé,,,18,,CAMBE,7
2837,2021-08-17 18:56:55.224,,,false,4103800,"(-23.589000701904297,-51.579200744628906)",Cambira,,,18,,CAMBIRA,7
2846,2021-08-17 18:57:02.192,,,false,4104402,"(-24.564899444580078,-51.33720016479492)",Cândido de Abreu,,,18,,CANDIDO DE ABREU,7
2856,2021-08-17 18:57:09.921,,,false,4105102,"(-22.81879997253418,-51.5973014831543)",Centenário do Sul,,,18,,CENTENARIO DO SUL,7
2864,2021-08-17 18:57:16.124,,,false,4105904,"(-22.837400436401367,-51.974300384521484)",Colorado,,,18,,COLORADO,7
2877,2021-08-17 18:57:26.244,,,false,4106852,"(-24.013200759887695,-51.456298828125)",Cruzmaltina,,,18,,CRUZMALTINA,7
2885,2021-08-17 18:57:32.461,,,false,4107306,"(-23.55820083618164,-52.21780014038086)",Doutor Camargo,,,18,,DOUTOR CAMARGO,7
2893,2021-08-17 18:57:38.649,,,false,4107603,"(-24.007699966430664,-51.32270050048828)",Faxinal,,,18,,FAXINAL,7
2899,2021-08-17 18:57:43.282,,,false,4107801,"(-23.317800521850586,-52.30289840698242)",Floraí,,,18,,FLORAI,7
2900,2021-08-17 18:57:44.092,,,false,4107900,"(-23.603099822998047,-52.0806999206543)",Floresta,,,18,,FLORESTA,7
2901,2021-08-17 18:57:44.864,,,false,4108007,"(-22.862300872802734,-51.38819885253906)",Florestópolis,,,18,,FLORESTOPOLIS,7
2902,2021-08-17 18:57:45.640,,,false,4108106,"(-23.084699630737305,-51.9546012878418)",Flórida,,,18,,FLORIDA,7
2909,2021-08-17 18:57:51.048,,,false,4108551,"(-24.17300033569336,-51.924598693847656)",Godoy Moreira,,,18,,GODOY MOREIRA,7
2912,2021-08-17 18:57:53.366,,,false,4108700,"(-24.1466007232666,-51.5093994140625)",Grandes Rios,,,18,,GRANDES RIOS,7
2918,2021-08-17 18:57:58.006,,,false,4109203,"(-22.96940040588379,-51.65039825439453)",Guaraci,,,18,,GUARACI,7
2926,2021-08-17 18:58:04.214,,,false,4109807,"(-23.265899658203125,-51.05220031738281)",Ibiporã,,,18,,IBIPORA,7
2928,2021-08-17 18:58:05.761,,,false,4110003,"(-23.194900512695312,-51.825599670410156)",Iguaraçu,,,18,,IGUARACU,7
2940,2021-08-17 18:58:15.039,,,false,4110904,"(-22.618282318115234,-51.967350006103516)",Itaguajé,,,18,,ITAGUAJE,7
2943,2021-08-17 18:58:17.358,,,false,4111100,"(-23.66010093688965,-51.9911994934082)",Itambé,,,18,,ITAMBE,7
2948,2021-08-17 18:58:21.251,,,false,4111506,"(-24.24850082397461,-51.67539978027344)",Ivaiporã,,,18,,IVAIPORA,7
2950,2021-08-17 18:58:22.799,,,false,4111605,"(-23.61870002746582,-52.220298767089844)",Ivatuba,,,18,,IVATUBA,7
2953,2021-08-17 18:58:25.117,,,false,4111902,"(-23.11039924621582,-51.53419876098633)",Jaguapitã,,,18,,JAGUAPITA,7
2955,2021-08-17 18:58:26.662,,,false,4112108,"(-23.60110092163086,-51.644798278808594)",Jandaia do Sul,,,18,,JANDAIA DO SUL,7
2959,2021-08-17 18:58:29.755,,,false,4112504,"(-24.18090057373047,-51.69020080566406)",Jardim Alegre,,,18,,JARDIM ALEGRE,7
2967,2021-08-17 18:58:35.945,,,false,4113106,"(-23.81879997253418,-51.668701171875)",Kaloré,,,18,,KALORE,7
2972,2021-08-17 18:58:39.809,,,false,4113429,"(-24.110000610351562,-51.65060043334961)",Lidianópolis,,,18,,LIDIANOPOLIS,7
2975,2021-08-17 18:58:42.127,,,false,4113601,"(-23.005800247192383,-51.95240020751953)",Lobato,,,18,,LOBATO,7
2976,2021-08-17 18:58:42.899,,,false,4113700,"(-23.304000854492188,-51.16910171508789)",Londrina,,,18,,LONDRINA,7
2978,2021-08-17 18:58:44.450,,,false,4113759,"(-24.08209991455078,-51.73680114746094)",Lunardelli,,,18,,LUNARDELLI,7
2979,2021-08-17 18:58:45.222,,,false,4113809,"(-22.7549991607666,-51.660099029541016)",Lupionópolis,,,18,,LUPIONOPOLIS,7
2982,2021-08-17 18:58:47.540,,,false,4114104,"(-23.345800399780273,-52.094398498535156)",Mandaguaçu,,,18,,MANDAGUACU,7
2983,2021-08-17 18:58:48.315,,,false,4114203,"(-23.544599533081055,-51.67100143432617)",Mandaguari,,,18,,MANDAGUARI,7
2987,2021-08-17 18:58:51.436,,,false,4114500,"(-24.514400482177734,-51.66579818725586)",Manoel Ribas,,,18,,MANOEL RIBAS,7
2990,2021-08-17 18:58:53.758,,,false,4114807,"(-23.48430061340332,-51.79280090332031)",Marialva,,,18,,MARIALVA,7
2991,2021-08-17 18:58:54.532,,,false,4114906,"(-23.74250030517578,-51.31370162963867)",Marilândia do Sul,,,18,,MARILANDIA DO SUL,7
2994,2021-08-17 18:58:56.852,,,false,4115200,"(-23.420499801635742,-51.93330001831055)",Maringá,,,18,,MARINGA,7
2999,2021-08-17 18:59:00.719,,,false,4115507,"(-23.705799102783203,-51.64039993286133)",Marumbi,,,18,,MARUMBI,7
3003,2021-08-17 18:59:03.848,,,false,4115754,"(-23.898799896240234,-51.227699279785156)",Mauá da Serra,,,18,,MAUA DA SERRA,7
3007,2021-08-17 18:59:06.941,,,false,4116000,"(-22.965700149536133,-51.48460006713867)",Miraselva,,,18,,MIRASELVA,7
3011,2021-08-17 18:59:10.030,,,false,4116307,"(-23.148658752441406,-51.77373123168945)",Munhoz de Melo,,,18,,MUNHOZ DE MELO,7
3012,2021-08-17 18:59:10.805,,,false,4116406,"(-22.912900924682617,-51.79779815673828)",Nossa Senhora das Graças,,,18,,NOSSA SENHORA DAS GRACAS,7
3017,2021-08-17 18:59:14.680,,,false,4116901,"(-23.18199920654297,-52.20309829711914)",Nova Esperança,,,18,,NOVA ESPERANCA,7
3026,2021-08-17 18:59:21.648,,,false,4117271,"(-24.437999725341797,-51.94540023803711)",Nova Tebas,,,18,,NOVA TEBAS,7
3027,2021-08-17 18:59:22.427,,,false,4117297,"(-23.763099670410156,-51.50790023803711)",Novo Itacolomi,,,18,,NOVO ITACOLOMI,7
3029,2021-08-17 18:59:23.980,,,false,4117404,"(-23.40530014038086,-52.1963996887207)",Ourizona,,,18,,OURIZONA,7
3031,2021-08-17 18:59:25.538,,,false,4117503,"(-23.45549964904785,-52.04600143432617)",Paiçandu,,,18,,PAICANDU,7
3057,2021-08-17 18:59:45.673,,,false,4119657,"(-23.228099822998047,-51.58729934692383)",Pitangueiras,,,18,,PITANGUEIRAS,7
3062,2021-08-17 18:59:49.536,,,false,4120002,"(-22.753700256347656,-51.37950134277344)",Porecatu,,,18,,PORECATU,7
3067,2021-08-17 18:59:53.400,,,false,4120333,"(-23.03569984436035,-51.442901611328125)",Prado Ferreira,,,18,,PRADO FERREIRA,7
3069,2021-08-17 18:59:54.945,,,false,4120408,"(-23.278200149536133,-52.15359878540039)",Presidente Castelo Branco,,,18,,PRESIDENTE CASTELO BRANCO,7
3070,2021-08-17 18:59:55.718,,,false,4120507,"(-22.851699829101562,-51.029300689697266)",Primeiro de Maio,,,18,,PRIMEIRO DE MAIO,7
3091,2021-08-17 19:00:12.080,,,false,4122107,"(-23.76059913635254,-51.412200927734375)",Rio Bom,,,18,,RIO BOM,7
3093,2021-08-17 19:00:13.626,,,false,4122172,"(-24.324399948120117,-51.31869888305664)",Rio Branco do Ivaí,,,18,,RIO BRANCO DO IVAI,7
3096,2021-08-17 19:00:15.947,,,false,4122404,"(-23.310100555419922,-51.36589813232422)",Rolândia,,,18,,ROLANDIA,7
3099,2021-08-17 19:00:18.273,,,false,4122651,"(-24.268199920654297,-51.27199935913086)",Rosário do Ivaí,,,18,,ROSARIO DO IVAI,7
3100,2021-08-17 19:00:19.046,,,false,4122701,"(-23.315500259399414,-51.55500030517578)",Sabáudia,,,18,,SABAUDIA,7
3107,2021-08-17 19:00:24.454,,,false,4123402,"(-23.040000915527344,-51.80799865722656)",Santa Fé,,,18,,SANTA FE,7
3109,2021-08-17 19:00:26.004,,,false,4123600,"(-22.63759994506836,-51.902400970458984)",Santa Inês,,,18,,SANTA INES,7
3123,2021-08-17 19:00:36.841,,,false,4124509,"(-22.69569969177246,-51.79690170288086)",Santo Inácio,,,18,,SANTO INACIO,7
3128,2021-08-17 19:00:40.734,,,false,4125001,"(-23.983299255371094,-51.82149887084961)",São João do Ivaí,,,18,,SAO JOAO DO IVAI,7
3131,2021-08-17 19:00:43.054,,,false,4125308,"(-23.4335994720459,-52.29290008544922)",São Jorge do Ivaí,,,18,,SAO JORGE DO IVAI,7
3140,2021-08-17 19:00:50.012,,,false,4125803,"(-23.863399505615234,-51.8568000793457)",São Pedro do Ivaí,,,18,,SAO PEDRO DO IVAI,7
3145,2021-08-17 19:00:53.880,,,false,4126256,"(-23.44409942626953,-51.875999450683594)",Sarandi,,,18,,SARANDI,7
3150,2021-08-17 19:00:57.746,,,false,4126504,"(-23.057100296020508,-51.03990173339844)",Sertanópolis,,,18,,SERTANOPOLIS,7
3153,2021-08-17 19:01:00.069,,,false,4126678,"(-23.720399856567383,-51.099098205566406)",Tamarana,,,18,,TAMARANA,7
3174,2021-08-17 19:01:16.339,,,false,4128302,"(-23.08679962158203,-52.15729904174805)",Uniflor,,,18,,UNIFLOR,7
2784,2021-08-17 18:56:14.231,,,false,4100103,"(-23.304899215698242,-50.31330108642578)",Abatiá,,,18,,ABATIA,8
2797,2021-08-17 18:56:24.276,,,false,4101101,"(-23.053300857543945,-50.23040008544922)",Andirá,,,18,,ANDIRA,8
2808,2021-08-17 18:56:32.787,,,false,4101903,"(-23.369699478149414,-50.84590148925781)",Assaí,,,18,,ASSAI,8
2813,2021-08-17 18:56:36.654,,,false,4102406,"(-23.107799530029297,-50.370399475097656)",Bandeirantes,,,18,,BANDEIRANTES,8
2815,2021-08-17 18:56:38.200,,,false,4102703,"(-23.115999221801758,-50.184200286865234)",Barra do Jacaré,,,18,,BARRA DO JACARE,8
2835,2021-08-17 18:56:53.677,,,false,4103602,"(-23.042299270629883,-50.07529830932617)",Cambará,,,18,,CAMBARA,8
2852,2021-08-17 18:57:06.832,,,false,4104709,"(-23.42690086364746,-49.7234992980957)",Carlópolis,,,18,,CARLOPOLIS,8
2865,2021-08-17 18:57:16.917,,,false,4106001,"(-23.549299240112305,-50.55690002441406)",Congonhinhas,,,18,,CONGONHINHAS,8
2866,2021-08-17 18:57:17.694,,,false,4106100,"(-23.622997283935547,-50.170677185058594)",Conselheiro Mairinck,,,18,,CONSELHEIRO MAIRINCK,8
2869,2021-08-17 18:57:20.023,,,false,4106407,"(-23.182899475097656,-50.64979934692383)",Cornélio Procópio,,,18,,CORNELIO PROCOPIO,8
2879,2021-08-17 18:57:27.788,,,false,4107009,"(-24.03619956970215,-50.45759963989258)",Curiúva,,,18,,CURIUVA,8
2897,2021-08-17 18:57:41.739,,,false,4107751,"(-23.845500946044922,-50.403099060058594)",Figueira,,,18,,FIGUEIRA,8
2916,2021-08-17 18:57:56.462,,,false,4109005,"(-23.520299911499023,-50.04069900512695)",Guapirama,,,18,,GUAPIRAMA,8
2924,2021-08-17 18:58:02.658,,,false,4109708,"(-23.84779930114746,-50.193199157714844)",Ibaiti,,,18,,IBAITI,8
2942,2021-08-17 18:58:16.585,,,false,4111001,"(-23.01810073852539,-50.409698486328125)",Itambaracá,,,18,,ITAMBARACA,8
2951,2021-08-17 18:58:23.571,,,false,4111704,"(-23.743499755859375,-50.072898864746094)",Jaboti,,,18,,JABOTI,8
2952,2021-08-17 18:58:24.344,,,false,4111803,"(-23.159099578857422,-49.973899841308594)",Jacarezinho,,,18,,JACAREZINHO,8
2957,2021-08-17 18:58:28.211,,,false,4112306,"(-23.814199447631836,-50.1422004699707)",Japira,,,18,,JAPIRA,8
2961,2021-08-17 18:58:31.308,,,false,4112702,"(-23.25779914855957,-50.977699279785156)",Jataizinho,,,18,,JATAIZINHO,8
2963,2021-08-17 18:58:32.855,,,false,4112801,"(-23.498699188232422,-49.909000396728516)",Joaquim Távora,,,18,,JOAQUIM TAVORA,8
2964,2021-08-17 18:58:33.628,,,false,4112900,"(-23.435699462890625,-50.24959945678711)",Jundiaí do Sul,,,18,,JUNDIAI DO SUL,8
2971,2021-08-17 18:58:39.037,,,false,4113403,"(-23.08180046081543,-50.7510986328125)",Leópolis,,,18,,LEOPOLIS,8
3014,2021-08-17 18:59:12.358,,,false,4116604,"(-23.330799102783203,-50.716800689697266)",Nova América da Colina,,,18,,NOVA AMERICA DA COLINA,8
3019,2021-08-17 18:59:16.226,,,false,4117008,"(-23.43239974975586,-50.56650161743164)",Nova Fátima,,,18,,NOVA FATIMA,8
3024,2021-08-17 18:59:20.101,,,false,4117214,"(-23.58650016784668,-50.75979995727539)",Nova Santa Bárbara,,,18,,NOVA SANTA BARBARA,8
3052,2021-08-17 18:59:41.809,,,false,4119202,"(-23.798200607299805,-50.0536003112793)",Pinhalão,,,18,,PINHALAO,8
3073,2021-08-17 18:59:58.035,,,false,4120705,"(-23.567100524902344,-49.91600036621094)",Quatiguá,,,18,,QUATIGUA,8
3081,2021-08-17 19:00:04.335,,,false,4121307,"(-23.06760025024414,-50.91450119018555)",Rancho Alegre,,,18,,RANCHO ALEGRE,8
3088,2021-08-17 19:00:09.762,,,false,4121802,"(-23.19409942626953,-49.759700775146484)",Ribeirão Claro,,,18,,RIBEIRAO CLARO,8
3089,2021-08-17 19:00:10.535,,,false,4121901,"(-23.409099578857422,-50.36009979248047)",Ribeirão do Pinhal,,,18,,RIBEIRAO DO PINHAL,8
3102,2021-08-17 19:00:20.591,,,false,4122909,"(-23.60740089416504,-49.635398864746094)",Salto do Itararé,,,18,,SALTO DO ITARARE,8
3104,2021-08-17 19:00:22.137,,,false,4123105,"(-23.265399932861328,-50.42879867553711)",Santa Amélia,,,18,,SANTA AMELIA,8
3105,2021-08-17 19:00:22.909,,,false,4123204,"(-23.520099639892578,-50.78350067138672)",Santa Cecília do Pavão,,,18,,SANTA CECILIA DO PAVAO,8
3114,2021-08-17 19:00:29.882,,,false,4123907,"(-23.146499633789062,-50.516700744628906)",Santa Mariana,,,18,,SANTA MARIANA,8
3118,2021-08-17 19:00:32.975,,,false,4124004,"(-23.758699417114258,-49.62929916381836)",Santana do Itararé,,,18,,SANTANA DO ITARARE,8
3119,2021-08-17 19:00:33.747,,,false,4124103,"(-23.295900344848633,-50.08150100708008)",Santo Antônio da Platina,,,18,,SANTO ANTONIO DA PLATINA,8
3121,2021-08-17 19:00:35.293,,,false,4124301,"(-23.49690055847168,-50.64550018310547)",Santo Antônio do Paraíso,,,18,,SANTO ANTONIO DO PARAISO,8
3125,2021-08-17 19:00:38.400,,,false,4124707,"(-23.721799850463867,-50.747501373291016)",São Jerônimo da Serra,,,18,,SAO JERONIMO DA SERRA,8
3133,2021-08-17 19:00:44.600,,,false,4125407,"(-23.912200927734375,-49.65769958496094)",São José da Boa Vista,,,18,,SAO JOSE DA BOA VISTA,8
3142,2021-08-17 19:00:51.560,,,false,4126009,"(-23.465599060058594,-50.76250076293945)",São Sebastião da Amoreira,,,18,,SAO SEBASTIAO DA AMOREIRA,8
3144,2021-08-17 19:00:53.108,,,false,4126207,"(-23.907800674438477,-50.580101013183594)",Sapopema,,,18,,SAPOPEMA,8
3149,2021-08-17 19:00:56.973,,,false,4126405,"(-23.036100387573242,-50.83169937133789)",Sertaneja,,,18,,SERTANEJA,8
3151,2021-08-17 19:00:58.519,,,false,4126603,"(-23.6875,-49.83039855957031)",Siqueira Campos,,,18,,SIQUEIRA CAMPOS,8
3165,2021-08-17 19:01:09.352,,,false,4127809,"(-23.779600143432617,-49.94990158081055)",Tomazina,,,18,,TOMAZINA,8
3175,2021-08-17 19:01:17.111,,,false,4128401,"(-23.200000762939453,-50.79389953613281)",Uraí,,,18,,URAI,8
3181,2021-08-17 19:01:21.755,,,false,4128500,"(-23.87420082092285,-49.803199768066406)",Wenceslau Braz,,,18,,WENCESLAU BRAZ,8
2803,2021-08-17 18:56:28.923,,,false,4101606,"(-24.154800415039062,-49.82849884033203)",Arapoti,,,18,,ARAPOTI,9
2851,2021-08-17 18:57:06.059,,,false,4104659,"(-24.915199279785156,-50.09859848022461)",Carambeí,,,18,,CARAMBEI,9
2854,2021-08-17 18:57:08.378,,,false,4104907,"(-24.789100646972656,-50.010799407958984)",Castro,,,18,,CASTRO,9
2930,2021-08-17 18:58:07.306,,,false,4110078,"(-24.447999954223633,-50.753299713134766)",Imbaú,,,18,,IMBAU,9
2954,2021-08-17 18:58:25.889,,,false,4112009,"(-24.243900299072266,-49.706600189208984)",Jaguariaíva,,,18,,JAGUARIAIVA,9
3028,2021-08-17 18:59:23.207,,,false,4117305,"(-24.205799102783203,-50.91849899291992)",Ortigueira,,,18,,ORTIGUEIRA,9
3033,2021-08-17 18:59:27.090,,,false,4117701,"(-25.42569923400879,-50.00699996948242)",Palmeira,,,18,,PALMEIRA,9
3054,2021-08-17 18:59:43.355,,,false,4119400,"(-24.53059959411621,-49.94329833984375)",Piraí do Sul,,,18,,PIRAI DO SUL,9
3060,2021-08-17 18:59:47.991,,,false,4119905,"(-25.09160041809082,-50.16680145263672)",Ponta Grossa,,,18,,PONTA GROSSA,9
3086,2021-08-17 19:00:08.216,,,false,4121703,"(-24.649200439453125,-50.84659957885742)",Reserva,,,18,,RESERVA,9
3147,2021-08-17 19:00:55.425,,,false,4126306,"(-24.112899780273438,-49.46160125732422)",Sengés,,,18,,SENGES,9
3158,2021-08-17 19:01:03.936,,,false,4127106,"(-24.324499130249023,-50.61759948730469)",Telêmaco Borba,,,18,,TELEMACO BORBA,9
3162,2021-08-17 19:01:07.030,,,false,4127502,"(-24.515300750732422,-50.417598724365234)",Tibagi,,,18,,TIBAGI,9
3176,2021-08-17 19:01:17.884,,,false,4128534,"(-24.245800018310547,-50.23759841918945)",Ventania,,,18,,VENTANIA,9
2796,2021-08-17 18:56:23.503,,,false,4101051,"(-24.644899368286133,-53.133201599121094)",Anahy,,,18,,ANAHY,10
2809,2021-08-17 18:56:33.559,,,false,4102000,"(-24.416799545288086,-53.52130126953125)",Assis Chateaubriand,,,18,,ASSIS CHATEAUBRIAND,10
2823,2021-08-17 18:56:44.381,,,false,4103057,"(-25.43079948425293,-53.41170120239258)",Boa Vista da Aparecida,,,18,,BOA VISTA DA APARECIDA,10
2829,2021-08-17 18:56:49.036,,,false,4103354,"(-24.81730079650879,-53.12179946899414)",Braganey,,,18,,BRAGANEY,10
2832,2021-08-17 18:56:51.358,,,false,4103453,"(-24.618900299072266,-53.320701599121094)",Cafelândia,,,18,,CAFELANDIA,10
2841,2021-08-17 18:56:58.315,,,false,4104055,"(-25.029399871826172,-52.993900299072266)",Campo Bonito,,,18,,CAMPO BONITO,10
2850,2021-08-17 18:57:05.286,,,false,4104600,"(-25.481645584106445,-53.611236572265625)",Capitão Leônidas Marques,,,18,,CAPITAO LEONIDAS MARQUES,10
2853,2021-08-17 18:57:07.605,,,false,4104808,"(-24.957300186157227,-53.45899963378906)",Cascavel,,,18,,CASCAVEL,10
2855,2021-08-17 18:57:09.147,,,false,4105003,"(-25.20439910888672,-53.15480041503906)",Catanduvas,,,18,,CATANDUVAS,10
2858,2021-08-17 18:57:11.484,,,false,4105300,"(-25.14889907836914,-53.84149932861328)",Céu Azul,,,18,,CEU AZUL,10
2868,2021-08-17 18:57:19.251,,,false,4106308,"(-24.797100067138672,-53.30059814453125)",Corbélia,,,18,,CORBELIA,10
2882,2021-08-17 18:57:30.107,,,false,4107124,"(-25.03499984741211,-52.67679977416992)",Diamante do Sul,,,18,,DIAMANTE DO SUL,10
2880,2021-08-17 18:57:28.562,,,false,4107157,"(-24.9419002532959,-54.105201721191406)",Diamante d`Oeste,,,18,,DIAMANTE D`OESTE,10
2889,2021-08-17 18:57:35.554,,,false,4107538,"(-24.704200744628906,-54.23849868774414)",Entre Rios do Oeste,,,18,,ENTRE RIOS DO OESTE,10
2903,2021-08-17 18:57:46.412,,,false,4108205,"(-24.29509925842285,-53.3114013671875)",Formosa do Oeste,,,18,,FORMOSA DO OESTE,10
2904,2021-08-17 18:57:47.185,,,false,4108304,"(-25.542699813842773,-54.582698822021484)",Foz do Iguaçu,,,18,,FOZ DO IGUACU,10
2913,2021-08-17 18:57:54.143,,,false,4108809,"(-24.084999084472656,-54.257301330566406)",Guaíra,,,18,,GUAIRA,10
2919,2021-08-17 18:57:58.779,,,false,4109302,"(-25.096799850463867,-52.8754997253418)",Guaraniaçu,,,18,,GUARANIACU,10
2925,2021-08-17 18:58:03.440,,,false,4109757,"(-25.119291305541992,-53.00719451904297)",Ibema,,,18,,IBEMA,10
2929,2021-08-17 18:58:06.534,,,false,4110052,"(-24.715299606323242,-53.082698822021484)",Iguatu,,,18,,IGUATU,10
2812,2021-08-17 18:56:35.880,,,false,4102307,"(-25.580400466918945,-49.62910079956055)",Balsa Nova,,,18,,BALSA NOVA,14
2844,2021-08-17 18:57:00.646,,,false,4104253,"(-25.36870002746582,-49.45009994506836)",Campo Magro,,,18,,CAMPO MAGRO,14
2878,2021-08-17 18:57:27.017,,,false,4106902,"(-25.41950035095215,-49.26459884643555)",Curitiba,,,18,,CURITIBA,14
2945,2021-08-17 18:58:18.928,,,false,4111258,"(-25.21929931640625,-49.345401763916016)",Itaperuçu,,,18,,ITAPERUCU,14
2968,2021-08-17 18:58:36.719,,,false,4113205,"(-25.767099380493164,-49.716800689697266)",Lapa,,,18,,LAPA,14
2984,2021-08-17 18:58:49.088,,,false,4114302,"(-25.777000427246094,-49.32820129394531)",Mandirituba,,,18,,MANDIRITUBA,14
3851,2021-08-17 19:10:05.044,,,false,4300059,"(-28.167200088500977,-52.03099822998047)",Água Santa,,,23,,AGUA SANTA,15
3853,2021-08-17 19:10:06.593,,,false,4300208,"(-28.23419952392578,-53.775699615478516)",Ajuricaba,,,23,,AJURICABA,15
3854,2021-08-17 19:10:07.365,,,false,4300307,"(-27.657899856567383,-54.76490020751953)",Alecrim,,,23,,ALECRIM,15
3856,2021-08-17 19:10:08.911,,,false,4300455,"(-27.83449935913086,-54.05569839477539)",Alegria,,,23,,ALEGRIA,15
3857,2021-08-17 19:10:09.685,,,false,4300471,"(-28.114900588989258,-52.91419982910156)",Almirante Tamandaré do Sul,,,23,,ALMIRANTE TAMANDARE DO SUL,15
3858,2021-08-17 19:10:10.458,,,false,4300505,"(-27.250200271606445,-53.03409957885742)",Alpestre,,,23,,ALPESTRE,15
3859,2021-08-17 19:10:11.231,,,false,4300554,"(-28.776899337768555,-52.98929977416992)",Alto Alegre,,,23,,ALTO ALEGRE,15
3863,2021-08-17 19:10:14.324,,,false,4300646,"(-27.360700607299805,-53.18299865722656)",Ametista do Sul,,,23,,AMETISTA DO SUL,15
3869,2021-08-17 19:10:18.967,,,false,4300901,"(-27.39780044555664,-52.29750061035156)",Aratiba,,,23,,ARATIBA,15
3877,2021-08-17 19:10:25.153,,,false,4301503,"(-28.517200469970703,-53.98830032348633)",Augusto Pestana,,,23,,AUGUSTO PESTANA,15
3878,2021-08-17 19:10:25.925,,,false,4301552,"(-27.693599700927734,-52.050498962402344)",Áurea,,,23,,AUREA,15
3882,2021-08-17 19:10:29.028,,,false,4301701,"(-27.620800018310547,-52.379798889160156)",Barão de Cotegipe,,,23,,BARAO DE COTEGIPE,15
3884,2021-08-17 19:10:30.573,,,false,4301859,"(-27.192699432373047,-53.710899353027344)",Barra do Guarita,,,23,,BARRA DO GUARITA,15
3887,2021-08-17 19:10:32.891,,,false,4301925,"(-27.40690040588379,-52.40840148925781)",Barra do Rio Azul,,,23,,BARRA DO RIO AZUL,15
3888,2021-08-17 19:10:33.663,,,false,4301958,"(-27.920499801635742,-53.039100646972656)",Barra Funda,,,23,,BARRA FUNDA,15
3889,2021-08-17 19:10:34.436,,,false,4301800,"(-27.673900604248047,-51.458499908447266)",Barracão,,,23,,BARRACAO,15
3890,2021-08-17 19:10:35.209,,,false,4302006,"(-29.09469985961914,-52.58359909057617)",Barros Cassal,,,23,,BARROS CASSAL,15
3891,2021-08-17 19:10:35.981,,,false,4302055,"(-27.50860023498535,-52.5994987487793)",Benjamin Constant do Sul,,,23,,BENJAMIN CONSTANT DO SUL,15
3893,2021-08-17 19:10:37.529,,,false,4302154,"(-27.66710090637207,-53.31019973754883)",Boa Vista das Missões,,,23,,BOA VISTA DAS MISSOES,15
3894,2021-08-17 19:10:38.306,,,false,4302204,"(-27.669300079345703,-54.10820007324219)",Boa Vista do Buricá,,,23,,BOA VISTA DO BURICA,15
3895,2021-08-17 19:10:39.079,,,false,4302220,"(-28.579099655151367,-53.81079864501953)",Boa Vista do Cadeado,,,23,,BOA VISTA DO CADEADO,15
3896,2021-08-17 19:10:39.852,,,false,4302238,"(-28.818500518798828,-53.39099884033203)",Boa Vista do Incra,,,23,,BOA VISTA DO INCRA,15
3900,2021-08-17 19:10:42.942,,,false,4302378,"(-27.539899826049805,-53.87160110473633)",Bom Progresso,,,23,,BOM PROGRESSO,15
3903,2021-08-17 19:10:45.265,,,false,4302501,"(-28.72909927368164,-54.903499603271484)",Bossoroca,,,23,,BOSSOROCA,15
3904,2021-08-17 19:10:46.039,,,false,4302584,"(-28.36590003967285,-53.77199935913086)",Bozano,,,23,,BOZANO,15
3905,2021-08-17 19:10:46.811,,,false,4302600,"(-27.617300033569336,-53.740501403808594)",Braga,,,23,,BRAGA,15
3912,2021-08-17 19:10:52.223,,,false,4303202,"(-27.767000198364258,-51.659698486328125)",Cacique Doble,,,23,,CACIQUE DOBLE,15
3913,2021-08-17 19:10:52.996,,,false,4303301,"(-28.29050064086914,-54.64540100097656)",Caibaté,,,23,,CAIBATE,15
3914,2021-08-17 19:10:53.768,,,false,4303400,"(-27.27910041809082,-53.42570114135742)",Caiçara,,,23,,CAICARA,15
3916,2021-08-17 19:10:55.312,,,false,4303558,"(-28.58799934387207,-52.20029830932617)",Camargo,,,23,,CAMARGO,15
3919,2021-08-17 19:10:57.629,,,false,4303707,"(-27.988800048828125,-54.84159851074219)",Campina das Missões,,,23,,CAMPINA DAS MISSOES,15
3920,2021-08-17 19:10:58.403,,,false,4303806,"(-27.71739959716797,-52.62480163574219)",Campinas do Sul,,,23,,CAMPINAS DO SUL,15
3922,2021-08-17 19:10:59.952,,,false,4304002,"(-27.67919921875,-53.805198669433594)",Campo Novo,,,23,,CAMPO NOVO,15
3923,2021-08-17 19:11:00.725,,,false,4304101,"(-28.887100219726562,-53.00080108642578)",Campos Borges,,,23,,CAMPOS BORGES,15
3925,2021-08-17 19:11:02.270,,,false,4304309,"(-27.951499938964844,-54.75170135498047)",Cândido Godói,,,23,,CANDIDO GODOI,15
3939,2021-08-17 19:11:13.122,,,false,4304705,"(-28.295799255371094,-52.79330062866211)",Carazinho,,,23,,CARAZINHO,15
3941,2021-08-17 19:11:14.672,,,false,4304853,"(-27.716699600219727,-51.91210174560547)",Carlos Gomes,,,23,,CARLOS GOMES,15
3942,2021-08-17 19:11:15.444,,,false,4304903,"(-28.56049919128418,-51.98149871826172)",Casca,,,23,,CASCA,15
3943,2021-08-17 19:11:16.217,,,false,4304952,"(-28.25819969177246,-51.686100006103516)",Caseiros,,,23,,CASEIROS,15
3944,2021-08-17 19:11:16.991,,,false,4305009,"(-28.255399703979492,-54.01319885253906)",Catuípe,,,23,,CATUIPE,15
3946,2021-08-17 19:11:18.538,,,false,4305116,"(-27.761499404907227,-51.9984016418457)",Centenário,,,23,,CENTENARIO,15
3949,2021-08-17 19:11:20.858,,,false,4305157,"(-27.610599517822266,-53.167198181152344)",Cerro Grande,,,23,,CERRO GRANDE,15
3951,2021-08-17 19:11:22.403,,,false,4305207,"(-28.146299362182617,-54.742801666259766)",Cerro Largo,,,23,,CERRO LARGO,15
3952,2021-08-17 19:11:23.176,,,false,4305306,"(-28.05590057373047,-53.06650161743164)",Chapada,,,23,,CHAPADA,15
3954,2021-08-17 19:11:24.721,,,false,4305371,"(-27.94930076599121,-52.01499938964844)",Charrua,,,23,,CHARRUA,15
3955,2021-08-17 19:11:25.494,,,false,4305405,"(-27.92300033569336,-53.941898345947266)",Chiapetta,,,23,,CHIAPETTA,15
3959,2021-08-17 19:11:28.585,,,false,4305504,"(-28.341899871826172,-51.87409973144531)",Ciríaco,,,23,,CIRIACO,15
3961,2021-08-17 19:11:30.128,,,false,4305603,"(-28.525800704956055,-52.992801666259766)",Colorado,,,23,,COLORADO,15
3962,2021-08-17 19:11:30.901,,,false,4305702,"(-28.207500457763672,-53.490501403808594)",Condor,,,23,,CONDOR,15
3963,2021-08-17 19:11:31.673,,,false,4305801,"(-27.73200035095215,-52.99380111694336)",Constantina,,,23,,CONSTANTINA,15
3965,2021-08-17 19:11:33.218,,,false,4305850,"(-28.119400024414062,-52.78419876098633)",Coqueiros do Sul,,,23,,COQUEIROS DO SUL,15
3966,2021-08-17 19:11:33.991,,,false,4305871,"(-28.392099380493164,-54.068599700927734)",Coronel Barros,,,23,,CORONEL BARROS,15
3967,2021-08-17 19:11:34.763,,,false,4305900,"(-27.71969985961914,-53.70220184326172)",Coronel Bicaco,,,23,,CORONEL BICACO,15
3970,2021-08-17 19:11:37.084,,,false,4305975,"(-28.128000259399414,-52.30229949951172)",Coxilha,,,23,,COXILHA,15
3971,2021-08-17 19:11:37.857,,,false,4306007,"(-27.499900817871094,-54.09939956665039)",Crissiumal,,,23,,CRISSIUMAL,15
3973,2021-08-17 19:11:39.400,,,false,4306072,"(-27.45199966430664,-53.2421989440918)",Cristal do Sul,,,23,,CRISTAL DO SUL,15
3974,2021-08-17 19:11:40.172,,,false,4306106,"(-28.645000457763672,-53.604801177978516)",Cruz Alta,,,23,,CRUZ ALTA,15
3975,2021-08-17 19:11:40.949,,,false,4306130,"(-27.667200088500977,-52.652198791503906)",Cruzaltense,,,23,,CRUZALTENSE,15
3977,2021-08-17 19:11:42.495,,,false,4306304,"(-28.384899139404297,-51.848201751708984)",David Canabarro,,,23,,DAVID CANABARRO,15
3978,2021-08-17 19:11:43.264,,,false,4306320,"(-27.26420021057129,-53.864498138427734)",Derrubadas,,,23,,DERRUBADAS,15
3979,2021-08-17 19:11:44.038,,,false,4306353,"(-28.2189998626709,-55.06169891357422)",Dezesseis de Novembro,,,23,,DEZESSEIS DE NOVEMBRO,15
3982,2021-08-17 19:11:46.355,,,false,4306429,"(-27.662099838256836,-53.530399322509766)",Dois Irmãos das Missões,,,23,,DOIS IRMAOS DAS MISSOES,15
3988,2021-08-17 19:11:50.991,,,false,4306734,"(-27.510299682617188,-54.35770034790039)",Doutor Maurício Cardoso,,,23,,DOUTOR MAURICIO CARDOSO,15
3993,2021-08-17 19:11:54.852,,,false,4306924,"(-27.70599937438965,-52.91450119018555)",Engenho Velho,,,23,,ENGENHO VELHO,15
3994,2021-08-17 19:11:55.625,,,false,4306957,"(-27.529800415039062,-52.73469924926758)",Entre Rios do Sul,,,23,,ENTRE RIOS DO SUL,15
3995,2021-08-17 19:11:56.398,,,false,4306932,"(-28.368600845336914,-54.26860046386719)",Entre-Ijuís,,,23,,ENTRE-IJUIS,15
3996,2021-08-17 19:11:57.175,,,false,4306973,"(-27.854400634765625,-52.300498962402344)",Erebango,,,23,,EREBANGO,15
3997,2021-08-17 19:11:57.952,,,false,4307005,"(-27.63640022277832,-52.26969909667969)",Erechim,,,23,,ERECHIM,15
3998,2021-08-17 19:11:58.725,,,false,4307054,"(-28.497699737548828,-52.58359909057617)",Ernestina,,,23,,ERNESTINA,15
3999,2021-08-17 19:11:59.498,,,false,4307203,"(-27.39259910583496,-52.57400131225586)",Erval Grande,,,23,,ERVAL GRANDE,15
4000,2021-08-17 19:12:00.270,,,false,4307302,"(-27.544300079345703,-53.5004997253418)",Erval Seco,,,23,,ERVAL SECO,15
4002,2021-08-17 19:12:01.816,,,false,4307450,"(-27.360300064086914,-53.98910140991211)",Esperança do Sul,,,23,,ESPERANCA DO SUL,15
4003,2021-08-17 19:12:02.588,,,false,4307500,"(-28.728599548339844,-52.846099853515625)",Espumoso,,,23,,ESPUMOSO,15
4004,2021-08-17 19:12:03.362,,,false,4307559,"(-27.91349983215332,-52.26350021362305)",Estação,,,23,,ESTACAO,15
4009,2021-08-17 19:12:07.224,,,false,4307831,"(-28.5314998626709,-54.15060043334961)",Eugênio de Castro,,,23,,EUGENIO DE CASTRO,15
4013,2021-08-17 19:12:10.314,,,false,4308052,"(-27.423799514770508,-52.67890167236328)",Faxinalzinho,,,23,,FAXINALZINHO,15
4017,2021-08-17 19:12:13.412,,,false,4308250,"(-27.861400604248047,-52.08380126953125)",Floriano Peixoto,,,23,,FLORIANO PEIXOTO,15
4018,2021-08-17 19:12:14.187,,,false,4308300,"(-28.981700897216797,-52.34450149536133)",Fontoura Xavier,,,23,,FONTOURA XAVIER,15
4021,2021-08-17 19:12:16.506,,,false,4308458,"(-28.798599243164062,-53.22489929199219)",Fortaleza dos Valos,,,23,,FORTALEZA DOS VALOS,15
4022,2021-08-17 19:12:17.278,,,false,4308508,"(-27.358600616455078,-53.39580154418945)",Frederico Westphalen,,,23,,FREDERICO WESTPHALEN,15
4025,2021-08-17 19:12:19.596,,,false,4308706,"(-27.585599899291992,-52.09149932861328)",Gaurama,,,23,,GAURAMA,15
4027,2021-08-17 19:12:21.144,,,false,4308854,"(-28.43160057067871,-52.03369903564453)",Gentil,,,23,,GENTIL,15
4028,2021-08-17 19:12:21.917,,,false,4308904,"(-27.89109992980957,-52.229400634765625)",Getúlio Vargas,,,23,,GETULIO VARGAS,15
4029,2021-08-17 19:12:22.689,,,false,4309001,"(-28.029699325561523,-54.35169982910156)",Giruá,,,23,,GIRUA,15
4032,2021-08-17 19:12:25.007,,,false,4309126,"(-27.442899703979492,-52.91490173339844)",Gramado dos Loureiros,,,23,,GRAMADO DOS LOUREIROS,15
4038,2021-08-17 19:12:29.647,,,false,4309506,"(-28.149099349975586,-54.56290054321289)",Guarani das Missões,,,23,,GUARANI DAS MISSOES,15
4042,2021-08-17 19:12:32.738,,,false,4309605,"(-27.62820053100586,-54.305301666259766)",Horizontina,,,23,,HORIZONTINA,15
4044,2021-08-17 19:12:34.286,,,false,4309704,"(-27.56909942626953,-53.96950149536133)",Humaitá,,,23,,HUMAITA,15
4046,2021-08-17 19:12:35.830,,,false,4309803,"(-28.05660057067871,-51.859901428222656)",Ibiaçá,,,23,,IBIACA,15
4047,2021-08-17 19:12:36.604,,,false,4309902,"(-28.374099731445312,-51.637699127197266)",Ibiraiaras,,,23,,IBIRAIARAS,15
4048,2021-08-17 19:12:37.376,,,false,4309951,"(-28.62470054626465,-52.51580047607422)",Ibirapuitã,,,23,,IBIRAPUITA,15
4049,2021-08-17 19:12:38.151,,,false,4310009,"(-28.630199432373047,-53.096099853515625)",Ibirubá,,,23,,IBIRUBA,15
4051,2021-08-17 19:12:39.708,,,false,4310207,"(-28.38800048828125,-53.91999816894531)",Ijuí,,,23,,IJUI,15
4055,2021-08-17 19:12:42.799,,,false,4310405,"(-27.835399627685547,-54.1885986328125)",Independência,,,23,,INDEPENDENCIA,15
4056,2021-08-17 19:12:43.583,,,false,4310413,"(-27.875200271606445,-54.01499938964844)",Inhacorá,,,23,,INHACORA,15
4058,2021-08-17 19:12:45.128,,,false,4310462,"(-27.940399169921875,-52.427101135253906)",Ipiranga do Sul,,,23,,IPIRANGA DO SUL,15
4059,2021-08-17 19:12:45.903,,,false,4310504,"(-27.195100784301758,-53.25429916381836)",Iraí,,,23,,IRAI,15
4065,2021-08-17 19:12:50.546,,,false,4310702,"(-27.384599685668945,-52.453800201416016)",Itatiba do Sul,,,23,,ITATIBA DO SUL,15
4068,2021-08-17 19:12:52.864,,,false,4310850,"(-27.634700775146484,-53.27619934082031)",Jaboticaba,,,23,,JABOTICABA,15
4069,2021-08-17 19:12:53.637,,,false,4310876,"(-29.04010009765625,-53.06570053100586)",Jacuizinho,,,23,,JACUIZINHO,15
4070,2021-08-17 19:12:54.412,,,false,4310900,"(-27.72909927368164,-52.537200927734375)",Jacutinga,,,23,,JACUTINGA,15
4075,2021-08-17 19:12:58.284,,,false,4311155,"(-28.64349937438965,-54.11410140991211)",Jóia,,,23,,JOIA,15
4078,2021-08-17 19:13:03.411,,,false,4311270,"(-28.56760025024414,-52.86180114746094)",Lagoa dos Três Cantos,,,23,,LAGOA DOS TRES CANTOS,15
4080,2021-08-17 19:13:04.957,,,false,4311254,"(-29.234800338745117,-52.79970169067383)",Lagoão,,,23,,LAGOAO,15
4082,2021-08-17 19:13:06.502,,,false,4311429,"(-27.691299438476562,-53.181800842285156)",Lajeado do Bugre,,,23,,LAJEADO DO BUGRE,15
4084,2021-08-17 19:13:08.047,,,false,4311601,"(-27.60099983215332,-53.07529830932617)",Liberato Salzano,,,23,,LIBERATO SALZANO,15
4088,2021-08-17 19:13:11.140,,,false,4311700,"(-27.566699981689453,-51.66680145263672)",Machadinho,,,23,,MACHADINHO,15
4093,2021-08-17 19:13:15.007,,,false,4311809,"(-28.449800491333008,-52.19860076904297)",Marau,,,23,,MARAU,15
4094,2021-08-17 19:13:15.781,,,false,4311908,"(-27.467599868774414,-51.90950012207031)",Marcelino Ramos,,,23,,MARCELINO RAMOS,15
4096,2021-08-17 19:13:17.328,,,false,4312005,"(-27.356800079345703,-52.14670181274414)",Mariano Moro,,,23,,MARIANO MORO,15
4099,2021-08-17 19:13:19.646,,,false,4312138,"(-28.280000686645508,-52.193199157714844)",Mato Castelhano,,,23,,MATO CASTELHANO,15
4101,2021-08-17 19:13:21.193,,,false,4312179,"(-28.25200080871582,-54.61589813232422)",Mato Queimado,,,23,,MATO QUEIMADO,15
4102,2021-08-17 19:13:21.971,,,false,4312203,"(-27.63249969482422,-51.801998138427734)",Maximiliano de Almeida,,,23,,MAXIMILIANO DE ALMEIDA,15
4104,2021-08-17 19:13:23.517,,,false,4312302,"(-27.496999740600586,-53.6890983581543)",Miraguaí,,,23,,MIRAGUAI,15
4109,2021-08-17 19:13:27.387,,,false,4312427,"(-28.696800231933594,-52.69990158081055)",Mormaço,,,23,,MORMACO,15
4116,2021-08-17 19:13:32.798,,,false,4312625,"(-28.325300216674805,-51.76969909667969)",Muliterno,,,23,,MULITERNO,15
4117,2021-08-17 19:13:33.570,,,false,4312658,"(-28.45479965209961,-52.818199157714844)",Não-Me-Toque,,,23,,NAO-ME-TOQUE,15
4118,2021-08-17 19:13:34.343,,,false,4312674,"(-28.529800415039062,-52.46760177612305)",Nicolau Vergueiro,,,23,,NICOLAU VERGUEIRO,15
4119,2021-08-17 19:13:35.116,,,false,4312708,"(-27.368900299072266,-52.77560043334961)",Nonoai,,,23,,NONOAI,15
4123,2021-08-17 19:13:38.206,,,false,4312955,"(-27.992599487304688,-52.97840118408203)",Nova Boa Vista,,,23,,NOVA BOA VISTA,15
4125,2021-08-17 19:13:39.761,,,false,4313011,"(-27.61370086669922,-54.107398986816406)",Nova Candelária,,,23,,NOVA CANDELARIA,15
4132,2021-08-17 19:13:45.167,,,false,4313334,"(-28.066699981689453,-53.69919967651367)",Nova Ramada,,,23,,NOVA RAMADA,15
4135,2021-08-17 19:13:47.487,,,false,4313490,"(-27.907699584960938,-53.11029815673828)",Novo Barreiro,,,23,,NOVO BARREIRO,15
4138,2021-08-17 19:13:49.812,,,false,4313425,"(-27.576499938964844,-54.50360107421875)",Novo Machado,,,23,,NOVO MACHADO,15
4139,2021-08-17 19:13:50.589,,,false,4313441,"(-27.564899444580078,-53.18370056152344)",Novo Tiradentes,,,23,,NOVO TIRADENTES,15
4140,2021-08-17 19:13:51.363,,,false,4313466,"(-27.749000549316406,-53.063899993896484)",Novo Xingu,,,23,,NOVO XINGU,15
4142,2021-08-17 19:13:52.908,,,false,4313607,"(-27.707500457763672,-51.76300048828125)",Paim Filho,,,23,,PAIM FILHO,15
4144,2021-08-17 19:13:54.453,,,false,4313706,"(-27.900699615478516,-53.31340026855469)",Palmeira das Missões,,,23,,PALMEIRA DAS MISSOES,15
4145,2021-08-17 19:13:55.226,,,false,4313805,"(-27.359600067138672,-53.55799865722656)",Palmitinho,,,23,,PALMITINHO,15
4146,2021-08-17 19:13:55.996,,,false,4313904,"(-28.283300399780273,-53.50230026245117)",Panambi,,,23,,PANAMBI,15
4154,2021-08-17 19:14:02.201,,,false,4314100,"(-28.257600784301758,-52.40909957885742)",Passo Fundo,,,23,,PASSO FUNDO,15
4155,2021-08-17 19:14:02.973,,,false,4314134,"(-27.70509910583496,-52.416900634765625)",Paulo Bento,,,23,,PAULO BENTO,15
4159,2021-08-17 19:14:06.064,,,false,4314308,"(-28.428300857543945,-53.657901763916016)",Pejuçara,,,23,,PEJUCARA,15
4162,2021-08-17 19:14:08.382,,,false,4314456,"(-27.507999420166016,-53.20819854736328)",Pinhal,,,23,,PINHAL,15
4165,2021-08-17 19:14:10.705,,,false,4314498,"(-27.210899353027344,-53.608001708984375)",Pinheirinho do Vale,,,23,,PINHEIRINHO DO VALE,15
4167,2021-08-17 19:14:12.254,,,false,4314555,"(-28.043899536132812,-55.20009994506836)",Pirapó,,,23,,PIRAPO,15
4169,2021-08-17 19:14:13.807,,,false,4314704,"(-27.329700469970703,-53.057498931884766)",Planalto,,,23,,PLANALTO,15
4171,2021-08-17 19:14:15.352,,,false,4314779,"(-28.058500289916992,-52.679100036621094)",Pontão,,,23,,PONTAO,15
4172,2021-08-17 19:14:16.125,,,false,4314787,"(-27.658700942993164,-52.484798431396484)",Ponte Preta,,,23,,PONTE PRETA,15
4175,2021-08-17 19:14:18.447,,,false,4315008,"(-27.85689926147461,-55.0099983215332)",Porto Lucena,,,23,,PORTO LUCENA,15
4176,2021-08-17 19:14:19.221,,,false,4315057,"(-27.579599380493164,-54.66569900512695)",Porto Mauá,,,23,,PORTO MAUA,15
4177,2021-08-17 19:14:19.994,,,false,4315073,"(-27.74049949645996,-54.89939880371094)",Porto Vera Cruz,,,23,,PORTO VERA CRUZ,15
4178,2021-08-17 19:14:20.767,,,false,4315107,"(-27.908199310302734,-55.137901306152344)",Porto Xavier,,,23,,PORTO XAVIER,15
4185,2021-08-17 19:14:26.185,,,false,4315313,"(-27.825700759887695,-52.44240188598633)",Quatro Irmãos,,,23,,QUATRO IRMAOS,15
4187,2021-08-17 19:14:27.733,,,false,4315354,"(-28.746599197387695,-53.10110092163086)",Quinze de Novembro,,,23,,QUINZE DE NOVEMBRO,15
4188,2021-08-17 19:14:28.506,,,false,4315404,"(-27.663999557495117,-53.64070129394531)",Redentora,,,23,,REDENTORA,15
4191,2021-08-17 19:14:30.824,,,false,4315552,"(-27.297300338745117,-52.84170150756836)",Rio dos Índios,,,23,,RIO DOS INDIOS,15
4196,2021-08-17 19:14:34.722,,,false,4315909,"(-27.474199295043945,-53.17060089111328)",Rodeio Bonito,,,23,,RODEIO BONITO,15
4197,2021-08-17 19:14:35.494,,,false,4315958,"(-28.25659942626953,-54.818599700927734)",Rolador,,,23,,ROLADOR,15
4199,2021-08-17 19:14:37.044,,,false,4316105,"(-27.775800704956055,-52.805599212646484)",Ronda Alta,,,23,,RONDA ALTA,15
4200,2021-08-17 19:14:37.817,,,false,4316204,"(-27.831499099731445,-52.90810012817383)",Rondinha,,,23,,RONDINHA,15
4201,2021-08-17 19:14:38.593,,,false,4316303,"(-28.12969970703125,-55.0265998840332)",Roque Gonzales,,,23,,ROQUE GONZALES,15
4203,2021-08-17 19:14:40.144,,,false,4316428,"(-27.708499908447266,-53.135101318359375)",Sagrada Família,,,23,,SAGRADA FAMILIA,15
4204,2021-08-17 19:14:40.917,,,false,4316436,"(-28.394100189208984,-53.09700012207031)",Saldanha Marinho,,,23,,SALDANHA MARINHO,15
4205,2021-08-17 19:14:41.690,,,false,4316451,"(-29.09510040283203,-53.21329879760742)",Salto do Jacuí,,,23,,SALTO DO JACUI,15
4206,2021-08-17 19:14:42.462,,,false,4316477,"(-28.123300552368164,-54.83729934692383)",Salvador das Missões,,,23,,SALVADOR DAS MISSOES,15
4208,2021-08-17 19:14:44.007,,,false,4316600,"(-27.94700050354004,-51.807899475097656)",Sananduva,,,23,,SANANDUVA,15
4209,2021-08-17 19:14:44.809,,,false,4316709,"(-28.365299224853516,-53.250999450683594)",Santa Bárbara do Sul,,,23,,SANTA BARBARA DO SUL,15
4210,2021-08-17 19:14:45.583,,,false,4316733,"(-28.160900115966797,-51.92789840698242)",Santa Cecília do Sul,,,23,,SANTA CECILIA DO SUL,15
4216,2021-08-17 19:14:50.226,,,false,4317202,"(-27.87019920349121,-54.47959899902344)",Santa Rosa,,,23,,SANTA ROSA,15
4222,2021-08-17 19:14:54.881,,,false,4317509,"(-28.300100326538086,-54.26679992675781)",Santo Ângelo,,,23,,SANTO ANGELO,15
4224,2021-08-17 19:14:56.442,,,false,4317707,"(-28.513999938964844,-55.225101470947266)",Santo Antônio das Missões,,,23,,SANTO ANTONIO DAS MISSOES,15
4225,2021-08-17 19:14:57.215,,,false,4317558,"(-28.4955997467041,-52.02669906616211)",Santo Antônio do Palma,,,23,,SANTO ANTONIO DO PALMA,15
4226,2021-08-17 19:14:57.990,,,false,4317756,"(-28.402999877929688,-52.69919967651367)",Santo Antônio do Planalto,,,23,,SANTO ANTONIO DO PLANALTO,15
4227,2021-08-17 19:14:58.762,,,false,4317806,"(-27.85260009765625,-53.7775993347168)",Santo Augusto,,,23,,SANTO AUGUSTO,15
4228,2021-08-17 19:14:59.535,,,false,4317905,"(-27.8262996673584,-54.6619987487793)",Santo Cristo,,,23,,SANTO CRISTO,15
4229,2021-08-17 19:15:00.307,,,false,4317954,"(-27.907400131225586,-51.64339828491211)",Santo Expedito do Sul,,,23,,SANTO EXPEDITO DO SUL,15
4231,2021-08-17 19:15:01.862,,,false,4318051,"(-28.531200408935547,-51.88600158691406)",São Domingos do Sul,,,23,,SAO DOMINGOS DO SUL,15
4236,2021-08-17 19:15:05.741,,,false,4318424,"(-27.819499969482422,-51.82569885253906)",São João da Urtiga,,,23,,SAO JOAO DA URTIGA,15
4239,2021-08-17 19:15:08.064,,,false,4318457,"(-27.778900146484375,-53.12260055541992)",São José das Missões,,,23,,SAO JOSE DAS MISSOES,15
4240,2021-08-17 19:15:08.861,,,false,4318465,"(-29.052000045776367,-52.29499816894531)",São José do Herval,,,23,,SAO JOSE DO HERVAL,15
4242,2021-08-17 19:15:10.408,,,false,4318499,"(-27.725099563598633,-54.127498626708984)",São José do Inhacorá,,,23,,SAO JOSE DO INHACORA,15
4244,2021-08-17 19:15:11.956,,,false,4318606,"(-27.770700454711914,-51.59659957885742)",São José do Ouro,,,23,,SAO JOSE DO OURO,15
4249,2021-08-17 19:15:15.816,,,false,4318903,"(-28.41200065612793,-54.95589828491211)",São Luiz Gonzaga,,,23,,SAO LUIZ GONZAGA,15
4251,2021-08-17 19:15:17.385,,,false,4319109,"(-27.711200714111328,-53.96989822387695)",São Martinho,,,23,,SAO MARTINHO,15
4253,2021-08-17 19:15:18.936,,,false,4319158,"(-28.555999755859375,-54.55590057373047)",São Miguel das Missões,,,23,,SAO MIGUEL DAS MISSOES,15
4254,2021-08-17 19:15:19.716,,,false,4319208,"(-28.183399200439453,-55.26539993286133)",São Nicolau,,,23,,SAO NICOLAU,15
4255,2021-08-17 19:15:20.490,,,false,4319307,"(-28.019500732421875,-54.940399169921875)",São Paulo das Missões,,,23,,SAO PAULO DAS MISSOES,15
4257,2021-08-17 19:15:22.040,,,false,4319364,"(-27.770599365234375,-53.25130081176758)",São Pedro das Missões,,,23,,SAO PEDRO DAS MISSOES,15
4258,2021-08-17 19:15:22.812,,,false,4319372,"(-28.124300003051758,-54.892601013183594)",São Pedro do Butiá,,,23,,SAO PEDRO DO BUTIA,15
4262,2021-08-17 19:15:25.905,,,false,4319703,"(-27.558300018310547,-52.52370071411133)",São Valentim,,,23,,SAO VALENTIM,15
4264,2021-08-17 19:15:27.450,,,false,4319737,"(-27.790599822998047,-53.936798095703125)",São Valério do Sul,,,23,,SAO VALERIO DO SUL,15
4269,2021-08-17 19:15:31.354,,,false,4320107,"(-27.941999435424805,-52.923099517822266)",Sarandi,,,23,,SARANDI,15
4270,2021-08-17 19:15:32.126,,,false,4320206,"(-27.482900619506836,-53.4025993347168)",Seberi,,,23,,SEBERI,15
4271,2021-08-17 19:15:32.901,,,false,4320230,"(-27.636699676513672,-53.94929885864258)",Sede Nova,,,23,,SEDE NOVA,15
4273,2021-08-17 19:15:34.456,,,false,4320305,"(-28.6294002532959,-52.949798583984375)",Selbach,,,23,,SELBACH,15
4274,2021-08-17 19:15:35.228,,,false,4320321,"(-28.024999618530273,-54.55070114135742)",Senador Salgado Filho,,,23,,SENADOR SALGADO FILHO,15
4278,2021-08-17 19:15:38.328,,,false,4320503,"(-27.979799270629883,-52.2588005065918)",Sertão,,,23,,SERTAO,15
4280,2021-08-17 19:15:40.653,,,false,4320578,"(-28.136199951171875,-54.46369934082031)",Sete de Setembro,,,23,,SETE DE SETEMBRO,15
4281,2021-08-17 19:15:41.426,,,false,4320602,"(-27.436199188232422,-52.121700286865234)",Severiano de Almeida,,,23,,SEVERIANO DE ALMEIDA,15
4285,2021-08-17 19:15:44.521,,,false,4320800,"(-28.83060073852539,-52.513099670410156)",Soledade,,,23,,SOLEDADE,15
4287,2021-08-17 19:15:46.067,,,false,4320909,"(-28.065200805664062,-52.009700775146484)",Tapejara,,,23,,TAPEJARA,15
4288,2021-08-17 19:15:46.839,,,false,4321006,"(-28.627700805664062,-52.86130142211914)",Tapera,,,23,,TAPERA,15
4292,2021-08-17 19:15:49.943,,,false,4321329,"(-27.40049934387207,-53.47019958496094)",Taquaruçu do Sul,,,23,,TAQUARUCU DO SUL,15
4294,2021-08-17 19:15:51.487,,,false,4321402,"(-27.3710994720459,-53.75849914550781)",Tenente Portela,,,23,,TENENTE PORTELA,15
4297,2021-08-17 19:15:53.816,,,false,4321469,"(-28.571199417114258,-52.59550094604492)",Tio Hugo,,,23,,TIO HUGO,15
4298,2021-08-17 19:15:54.611,,,false,4321477,"(-27.40220069885254,-54.08140182495117)",Tiradentes do Sul,,,23,,TIRADENTES DO SUL,15
4303,2021-08-17 19:15:58.492,,,false,4321634,"(-27.50029945373535,-52.144798278808594)",Três Arroios,,,23,,TRES ARROIOS,15
4306,2021-08-17 19:16:00.809,,,false,4321808,"(-27.780000686645508,-54.23569869995117)",Três de Maio,,,23,,TRES DE MAIO,15
4308,2021-08-17 19:16:02.356,,,false,4321857,"(-27.61389923095703,-52.84370040893555)",Três Palmeiras,,,23,,TRES PALMEIRAS,15
4309,2021-08-17 19:16:03.128,,,false,4321907,"(-27.45549964904785,-53.92959976196289)",Três Passos,,,23,,TRES PASSOS,15
4310,2021-08-17 19:16:03.903,,,false,4321956,"(-27.52389907836914,-52.895599365234375)",Trindade do Sul,,,23,,TRINDADE DO SUL,15
4312,2021-08-17 19:16:05.447,,,false,4322103,"(-27.65730094909668,-54.44390106201172)",Tucunduva,,,23,,TUCUNDUVA,15
4313,2021-08-17 19:16:06.221,,,false,4322152,"(-29.103900909423828,-52.953800201416016)",Tunas,,,23,,TUNAS,15
4314,2021-08-17 19:16:06.994,,,false,4322186,"(-27.924100875854492,-51.538299560546875)",Tupanci do Sul,,,23,,TUPANCI DO SUL,15
4317,2021-08-17 19:16:09.318,,,false,4322301,"(-27.75979995727539,-54.48139953613281)",Tuparendi,,,23,,TUPARENDI,15
4319,2021-08-17 19:16:10.885,,,false,4322343,"(-28.0403995513916,-54.68600082397461)",Ubiretama,,,23,,UBIRETAMA,15
4327,2021-08-17 19:16:17.086,,,false,4322558,"(-28.475799560546875,-51.84469985961914)",Vanini,,,23,,VANINI,15
4332,2021-08-17 19:16:20.965,,,false,4322905,"(-27.57159996032715,-52.02109909057617)",Viadutos,,,23,,VIADUTOS,15
4334,2021-08-17 19:16:22.514,,,false,4323101,"(-27.16069984436035,-53.402198791503906)",Vicente Dutra,,,23,,VICENTE DUTRA,15
4335,2021-08-17 19:16:23.288,,,false,4323200,"(-28.563199996948242,-52.7495002746582)",Victor Graeff,,,23,,VICTOR GRAEFF,15
4337,2021-08-17 19:16:24.834,,,false,4323358,"(-28.106199264526367,-52.143798828125)",Vila Lângaro,,,23,,VILA LANGARO,15
4338,2021-08-17 19:16:25.607,,,false,4323408,"(-28.535900115966797,-52.14860153198242)",Vila Maria,,,23,,VILA MARIA,15
4340,2021-08-17 19:16:27.154,,,false,4323507,"(-27.368600845336914,-53.49190139770508)",Vista Alegre,,,23,,VISTA ALEGRE,15
4342,2021-08-17 19:16:28.702,,,false,4323705,"(-27.290199279785156,-53.6973991394043)",Vista Gaúcha,,,23,,VISTA GAUCHA,15
4343,2021-08-17 19:16:29.477,,,false,4323754,"(-28.351600646972656,-54.50400161743164)",Vitória das Missões,,,23,,VITORIA DAS MISSOES,15
3864,2021-08-17 19:10:15.097,,,false,4300661,"(-28.628299713134766,-51.5797004699707)",André da Rocha,,,23,,ANDRE DA ROCHA,16
3865,2021-08-17 19:10:15.869,,,false,4300703,"(-28.96980094909668,-52.01020050048828)",Anta Gorda,,,23,,ANTA GORDA,16
3866,2021-08-17 19:10:16.645,,,false,4300802,"(-28.85650062561035,-51.288299560546875)",Antônio Prado,,,23,,ANTONIO PRADO,16
3876,2021-08-17 19:10:24.380,,,false,4301404,"(-28.873699188232422,-52.1781005859375)",Arvorezinha,,,23,,ARVOREZINHA,16
3892,2021-08-17 19:10:36.754,,,false,4302105,"(-29.166200637817383,-51.51649856567383)",Bento Gonçalves,,,23,,BENTO GONCALVES,16
3897,2021-08-17 19:10:40.624,,,false,4302253,"(-29.354400634765625,-51.668701171875)",Boa Vista do Sul,,,23,,BOA VISTA DO SUL,16
3898,2021-08-17 19:10:41.397,,,false,4302303,"(-28.669700622558594,-50.429500579833984)",Bom Jesus,,,23,,BOM JESUS,16
3917,2021-08-17 19:10:56.085,,,false,4303608,"(-29.047399520874023,-50.14649963378906)",Cambará do Sul,,,23,,CAMBARA DO SUL,16
3918,2021-08-17 19:10:56.857,,,false,4303673,"(-28.792600631713867,-51.09410095214844)",Campestre da Serra,,,23,,CAMPESTRE DA SERRA,16
3931,2021-08-17 19:11:06.939,,,false,4304622,"(-28.12540054321289,-51.39609909057617)",Capão Bonito do Sul,,,23,,CAPAO BONITO DO SUL,16
3940,2021-08-17 19:11:13.899,,,false,4304804,"(-29.296899795532227,-51.50279998779297)",Carlos Barbosa,,,23,,CARLOS BARBOSA,16
3945,2021-08-17 19:11:17.763,,,false,4305108,"(-29.162900924682617,-51.17919921875)",Caxias do Sul,,,23,,CAXIAS DO SUL,16
3968,2021-08-17 19:11:35.539,,,false,4305934,"(-29.269500732421875,-51.68470001220703)",Coronel Pilar,,,23,,CORONEL PILAR,16
3969,2021-08-17 19:11:36.311,,,false,4305959,"(-28.989099502563477,-51.69710159301758)",Cotiporã,,,23,,COTIPORA,16
3983,2021-08-17 19:11:47.128,,,false,4306452,"(-28.982999801635742,-51.839599609375)",Dois Lajeados,,,23,,DOIS LAJEADOS,16
4001,2021-08-17 19:12:01.043,,,false,4307401,"(-28.051799774169922,-51.19329833984375)",Esmeralda,,,23,,ESMERALDA,16
4010,2021-08-17 19:12:07.997,,,false,4307864,"(-28.8794002532959,-51.70140075683594)",Fagundes Varela,,,23,,FAGUNDES VARELA,16
4011,2021-08-17 19:12:08.770,,,false,4307906,"(-29.222700119018555,-51.34189987182617)",Farroupilha,,,23,,FARROUPILHA,16
4016,2021-08-17 19:12:12.638,,,false,4308201,"(-29.026100158691406,-51.1875)",Flores da Cunha,,,23,,FLORES DA CUNHA,16
4023,2021-08-17 19:12:18.051,,,false,4308607,"(-29.259000778198242,-51.53519821166992)",Garibaldi,,,23,,GARIBALDI,16
4035,2021-08-17 19:12:27.330,,,false,4309258,"(-28.54210090637207,-51.694801330566406)",Guabiju,,,23,,GUABIJU,16
4037,2021-08-17 19:12:28.875,,,false,4309407,"(-28.83989906311035,-51.88949966430664)",Guaporé,,,23,,GUAPORE,16
4052,2021-08-17 19:12:40.481,,,false,4310306,"(-28.928199768066406,-52.12580108642578)",Ilópolis,,,23,,ILOPOLIS,16
4057,2021-08-17 19:12:44.355,,,false,4310439,"(-28.817100524902344,-51.2859001159668)",Ipê,,,23,,IPE,16
4062,2021-08-17 19:12:48.222,,,false,4310579,"(-28.77680015563965,-52.1693000793457)",Itapuca,,,23,,ITAPUCA,16
4073,2021-08-17 19:12:56.739,,,false,4311122,"(-28.881099700927734,-50.36370086669922)",Jaquirana,,,23,,JAQUIRANA,16
4079,2021-08-17 19:13:04.184,,,false,4311304,"(-28.209299087524414,-51.52479934692383)",Lagoa Vermelha,,,23,,LAGOA VERMELHA,16
4105,2021-08-17 19:13:24.295,,,false,4312351,"(-28.64620018005371,-52.076698303222656)",Montauri,,,23,,MONTAURI,16
4106,2021-08-17 19:13:25.069,,,false,4312377,"(-28.680500030517578,-50.78340148925781)",Monte Alegre dos Campos,,,23,,MONTE ALEGRE DOS CAMPOS,16
4107,2021-08-17 19:13:25.842,,,false,4312385,"(-29.16069984436035,-51.63330078125)",Monte Belo do Sul,,,23,,MONTE BELO DO SUL,16
4115,2021-08-17 19:13:32.025,,,false,4312617,"(-28.313199996948242,-51.18360137939453)",Muitos Capões,,,23,,MUITOS CAPOES,16
4120,2021-08-17 19:13:35.888,,,false,4312757,"(-28.682199478149414,-52.16310119628906)",Nova Alvorada,,,23,,NOVA ALVORADA,16
5607,2021-08-17 19:32:06.556,,,false,4314548,"(-29.09749984741211,-51.45029830932617)",Pinto Bandeira,,,23,,PINTO BANDEIRA,16
4095,2021-08-17 19:13:16.556,,,false,4311981,"(-30.35300064086914,-51.580299377441406)",Mariana Pimentel,,,23,,MARIANA PIMENTEL,19
4134,2021-08-17 19:13:46.713,,,false,4313375,"(-29.852500915527344,-51.28369903564453)",Nova Santa Rita,,,23,,NOVA SANTA RITA,19
4137,2021-08-17 19:13:49.040,,,false,4313409,"(-29.6875,-51.1328010559082)",Novo Hamburgo,,,23,,NOVO HAMBURGO,19
4141,2021-08-17 19:13:52.135,,,false,4313508,"(-29.888099670410156,-50.266700744628906)",Osório,,,23,,OSORIO,19
4143,2021-08-17 19:13:53.681,,,false,4313656,"(-30.25349998474121,-50.51029968261719)",Palmares do Sul,,,23,,PALMARES DO SUL,19
4150,2021-08-17 19:13:59.094,,,false,4314035,"(-29.636499404907227,-51.39739990234375)",Pareci Novo,,,23,,PARECI NOVO,19
4151,2021-08-17 19:13:59.870,,,false,4314050,"(-29.624300003051758,-50.831199645996094)",Parobé,,,23,,PAROBE,19
4161,2021-08-17 19:14:07.609,,,false,4314423,"(-29.446399688720703,-51.13669967651367)",Picada Café,,,23,,PICADA CAFE,19
4170,2021-08-17 19:14:14.580,,,false,4314753,"(-29.44809913635254,-51.67190170288086)",Poço das Antas,,,23,,POCO DAS ANTAS,19
4173,2021-08-17 19:14:16.898,,,false,4314803,"(-29.701499938964844,-51.24290084838867)",Portão,,,23,,PORTAO,19
4174,2021-08-17 19:14:17.674,,,false,4314902,"(-30.03179931640625,-51.20650100708008)",Porto Alegre,,,23,,PORTO ALEGRE,19
4180,2021-08-17 19:14:22.320,,,false,4315149,"(-29.517499923706055,-51.1797981262207)",Presidente Lucena,,,23,,PRESIDENTE LUCENA,19
4194,2021-08-17 19:14:33.175,,,false,4315750,"(-29.638999938964844,-50.44879913330078)",Riozinho,,,23,,RIOZINHO,19
4198,2021-08-17 19:14:36.267,,,false,4316006,"(-29.64620018005371,-50.58190155029297)",Rolante,,,23,,ROLANTE,19
4207,2021-08-17 19:14:43.235,,,false,4316501,"(-29.438600540161133,-51.5077018737793)",Salvador do Sul,,,23,,SALVADOR DO SUL,19
4215,2021-08-17 19:14:49.453,,,false,4316956,"(-29.49020004272461,-50.99190139770508)",Santa Maria do Herval,,,23,,SANTA MARIA DO HERVAL,19
4223,2021-08-17 19:14:55.665,,,false,4317608,"(-29.826799392700195,-50.51750183105469)",Santo Antônio da Patrulha,,,23,,SANTO ANTONIO DA PATRULHA,19
4247,2021-08-17 19:15:14.272,,,false,4318705,"(-29.754499435424805,-51.14979934692383)",São Leopoldo,,,23,,SAO LEOPOLDO,19
4256,2021-08-17 19:15:21.262,,,false,4319356,"(-29.419300079345703,-51.51340103149414)",São Pedro da Serra,,,23,,SAO PEDRO DA SERRA,19
4260,2021-08-17 19:15:24.360,,,false,4319505,"(-29.588499069213867,-51.374900817871094)",São Sebastião do Caí,,,23,,SAO SEBASTIAO DO CAI,19
4301,2021-08-17 19:15:56.944,,,false,4321600,"(-29.984100341796875,-50.132198333740234)",Tramandaí,,,23,,TRAMANDAI,19
4304,2021-08-17 19:15:59.265,,,false,4321667,"(-29.448699951171875,-49.9275016784668)",Três Cachoeiras,,,23,,TRES CACHOEIRAS,19
4305,2021-08-17 19:16:00.037,,,false,4321709,"(-29.513700485229492,-50.77389907836914)",Três Coroas,,,23,,TRES COROAS,19
4307,2021-08-17 19:16:01.582,,,false,4321832,"(-29.538400650024414,-50.07080078125)",Três Forquilhas,,,23,,TRES FORQUILHAS,19
4311,2021-08-17 19:16:04.675,,,false,4322004,"(-29.929100036621094,-51.70750045776367)",Triunfo,,,23,,TRIUNFO,19
4316,2021-08-17 19:16:08.542,,,false,4322251,"(-29.47719955444336,-51.41740036010742)",Tupandi,,,23,,TUPANDI,19
4325,2021-08-17 19:16:15.541,,,false,4322541,"(-29.39189910888672,-51.25590133666992)",Vale Real,,,23,,VALE REAL,19
4326,2021-08-17 19:16:16.314,,,false,4322525,"(-29.786399841308594,-52.185699462890625)",Vale Verde,,,23,,VALE VERDE,19
4333,2021-08-17 19:16:21.734,,,false,4323002,"(-30.081899642944336,-51.01940155029297)",Viamão,,,23,,VIAMAO,19
4345,2021-08-17 19:16:31.022,,,false,4323804,"(-29.806499481201172,-50.05189895629883)",Xangri-lá,,,23,,XANGRI-LA,19
4083,2021-08-17 19:13:07.275,,,false,4311502,"(-30.807100296020508,-53.89310073852539)",Lavras do Sul,,,23,,LAVRAS DO SUL,20
4087,2021-08-17 19:13:10.366,,,false,4311718,"(-29.144500732421875,-56.06740188598633)",Maçambara,,,23,,MACAMBARA,20
4184,2021-08-17 19:14:25.412,,,false,4315305,"(-30.384000778198242,-56.448299407958984)",Quaraí,,,23,,QUARAI,20
4202,2021-08-17 19:14:39.369,,,false,4316402,"(-30.25149917602539,-54.92210006713867)",Rosário do Sul,,,23,,ROSARIO DO SUL,20
4322,2021-08-17 19:16:13.221,,,false,4322400,"(-29.76140022277832,-57.08530044555664)",Uruguaiana,,,23,,URUGUAIANA,20
4071,2021-08-17 19:12:55.184,,,false,4311007,"(-32.56039810180664,-53.37699890136719)",Jaguarão,,,23,,JAGUARAO,21
4111,2021-08-17 19:13:28.932,,,false,4312450,"(-31.588699340820312,-52.6260986328125)",Morro Redondo,,,23,,MORRO REDONDO,21
4157,2021-08-17 19:14:04.518,,,false,4314175,"(-31.736499786376953,-53.58140182495117)",Pedras Altas,,,23,,PEDRAS ALTAS,21
4158,2021-08-17 19:14:05.291,,,false,4314209,"(-31.864200592041016,-52.81840133666992)",Pedro Osório,,,23,,PEDRO OSORIO,21
4160,2021-08-17 19:14:06.836,,,false,4314407,"(-31.76490020751953,-52.337100982666016)",Pelotas,,,23,,PELOTAS,21
4166,2021-08-17 19:14:11.482,,,false,4314506,"(-31.57939910888672,-53.379798889160156)",Pinheiro Machado,,,23,,PINHEIRO MACHADO,21
4168,2021-08-17 19:14:13.029,,,false,4314605,"(-31.44729995727539,-53.0973014831543)",Piratini,,,23,,PIRATINI,21
4192,2021-08-17 19:14:31.599,,,false,4315602,"(-32.0349006652832,-52.10710144042969)",Rio Grande,,,23,,RIO GRANDE,21
4219,2021-08-17 19:14:52.555,,,false,4317004,"(-30.869699478149414,-53.11000061035156)",Santana da Boa Vista,,,23,,SANTANA DA BOA VISTA,21
4318,2021-08-17 19:16:10.091,,,false,4322327,"(-31.417299270629883,-52.17060089111328)",Turuçu,,,23,,TURUCU,21
4417,2021-08-17 19:17:26.738,,,false,4200408,"(-26.99850082397461,-51.552799224853516)",Água Doce,,,24,,AGUA DOCE,1
4418,2021-08-17 19:17:27.510,,,false,4200507,"(-27.07539939880371,-52.98080062866211)",Águas de Chapecó,,,24,,AGUAS DE CHAPECO,1
4423,2021-08-17 19:17:31.373,,,false,4200804,"(-26.53820037841797,-53.33190155029297)",Anchieta,,,24,,ANCHIETA,1
4429,2021-08-17 19:17:36.015,,,false,4201273,"(-27.158700942993164,-52.14229965209961)",Arabutã,,,24,,ARABUTA,1
4433,2021-08-17 19:17:39.114,,,false,4201604,"(-26.92569923400879,-51.3406982421875)",Arroio Trinta,,,24,,ARROIO TRINTA,1
4434,2021-08-17 19:17:39.886,,,false,4201653,"(-27.074800491333008,-52.45429992675781)",Arvoredo,,,24,,ARVOREDO,1
4442,2021-08-17 19:17:46.070,,,false,4202081,"(-26.77050018310547,-53.641300201416016)",Bandeirante,,,24,,BANDEIRANTE,1
4443,2021-08-17 19:17:46.842,,,false,4202099,"(-26.65399932861328,-53.439998626708984)",Barra Bonita,,,24,,BARRA BONITA,1
4446,2021-08-17 19:17:49.162,,,false,4202156,"(-26.843000411987305,-53.575801849365234)",Belmonte,,,24,,BELMONTE,1
4452,2021-08-17 19:17:53.803,,,false,4202537,"(-26.73259925842285,-52.39189910888672)",Bom Jesus,,,24,,BOM JESUS,1
4453,2021-08-17 19:17:54.575,,,false,4202578,"(-26.692699432373047,-53.09669876098633)",Bom Jesus do Oeste,,,24,,BOM JESUS DO OESTE,1
4461,2021-08-17 19:18:00.761,,,false,4203006,"(-26.775699615478516,-51.012001037597656)",Caçador,,,24,,CACADOR,1
4462,2021-08-17 19:18:01.532,,,false,4203105,"(-27.074100494384766,-53.24580001831055)",Caibi,,,24,,CAIBI,1
4463,2021-08-17 19:18:02.304,,,false,4203154,"(-26.594200134277344,-51.095001220703125)",Calmon,,,24,,CALMON,1
4467,2021-08-17 19:18:05.393,,,false,4203501,"(-26.39310073852539,-53.085601806640625)",Campo Erê,,,24,,CAMPO ERE,1
4472,2021-08-17 19:18:09.257,,,false,4203907,"(-27.347299575805664,-51.6057014465332)",Capinzal,,,24,,CAPINZAL,1
4474,2021-08-17 19:18:10.806,,,false,4204004,"(-27.069000244140625,-51.66019821166992)",Catanduvas,,,24,,CATANDUVAS,1
4475,2021-08-17 19:18:11.583,,,false,4204103,"(-27.162399291992188,-52.880699157714844)",Caxambu do Sul,,,24,,CAXAMBU DO SUL,1
4479,2021-08-17 19:18:14.674,,,false,4204202,"(-27.100400924682617,-52.61520004272461)",Chapecó,,,24,,CHAPECO,1
4481,2021-08-17 19:18:16.219,,,false,4204301,"(-27.23349952697754,-52.0260009765625)",Concórdia,,,24,,CONCORDIA,1
4482,2021-08-17 19:18:16.992,,,false,4204350,"(-26.984399795532227,-52.60559844970703)",Cordilheira Alta,,,24,,CORDILHEIRA ALTA,1
4483,2021-08-17 19:18:17.765,,,false,4204400,"(-26.90570068359375,-52.70109939575195)",Coronel Freitas,,,24,,CORONEL FREITAS,1
4484,2021-08-17 19:18:18.537,,,false,4204459,"(-26.51099967956543,-52.66939926147461)",Coronel Martins,,,24,,CORONEL MARTINS,1
4488,2021-08-17 19:18:21.631,,,false,4204707,"(-26.895000457763672,-53.16619873046875)",Cunha Porã,,,24,,CUNHA PORA,1
4489,2021-08-17 19:18:22.403,,,false,4204756,"(-26.97089958190918,-53.089500427246094)",Cunhataí,,,24,,CUNHATAI,1
4491,2021-08-17 19:18:23.950,,,false,4204905,"(-26.82699966430664,-53.50339889526367)",Descanso,,,24,,DESCANSO,1
4492,2021-08-17 19:18:24.723,,,false,4205001,"(-26.264799118041992,-53.635101318359375)",Dionísio Cerqueira,,,24,,DIONISIO CERQUEIRA,1
4495,2021-08-17 19:18:27.041,,,false,4205175,"(-26.72249984741211,-52.55849838256836)",Entre Rios,,,24,,ENTRE RIOS,1
4497,2021-08-17 19:18:28.586,,,false,4205209,"(-27.27429962158203,-51.44300079345703)",Erval Velho,,,24,,ERVAL VELHO,1
4498,2021-08-17 19:18:29.362,,,false,4205308,"(-26.84510040283203,-52.25960159301758)",Faxinal dos Guedes,,,24,,FAXINAL DOS GUEDES,1
4499,2021-08-17 19:18:30.134,,,false,4205357,"(-26.781099319458008,-53.35049819946289)",Flor do Sertão,,,24,,FLOR DO SERTAO,1
4501,2021-08-17 19:18:31.680,,,false,4205431,"(-26.645299911499023,-52.79460144042969)",Formosa do Sul,,,24,,FORMOSA DO SUL,1
4503,2021-08-17 19:18:33.225,,,false,4205506,"(-27.023300170898438,-50.91999816894531)",Fraiburgo,,,24,,FRAIBURGO,1
4505,2021-08-17 19:18:34.770,,,false,4205605,"(-26.45490074157715,-52.6875)",Galvão,,,24,,GALVAO,1
4513,2021-08-17 19:18:41.278,,,false,4206405,"(-26.60420036315918,-53.52429962158203)",Guaraciaba,,,24,,GUARACIABA,1
4515,2021-08-17 19:18:42.822,,,false,4206603,"(-26.385799407958984,-53.529598236083984)",Guarujá do Sul,,,24,,GUARUJA DO SUL,1
4516,2021-08-17 19:18:43.595,,,false,4206652,"(-27.13409996032715,-52.788700103759766)",Guatambú,,,24,,GUATAMBU,1
4517,2021-08-17 19:18:44.370,,,false,4206702,"(-27.19029998779297,-51.49169921875)",Herval d`Oeste,,,24,,HERVAL D`OESTE,1
4518,2021-08-17 19:18:45.143,,,false,4206751,"(-27.18470001220703,-51.235198974609375)",Ibiam,,,24,,IBIAM,1
4519,2021-08-17 19:18:46.126,,,false,4206801,"(-27.08810043334961,-51.368099212646484)",Ibicaré,,,24,,IBICARE,1
4527,2021-08-17 19:18:52.402,,,false,4207577,"(-27.00189971923828,-51.24420166015625)",Iomerê,,,24,,IOMERE,1
4528,2021-08-17 19:18:53.186,,,false,4207601,"(-27.403799057006836,-51.77579879760742)",Ipira,,,24,,IPIRA,1
4529,2021-08-17 19:18:53.971,,,false,4207650,"(-26.98539924621582,-53.535499572753906)",Iporã do Oeste,,,24,,IPORA DO OESTE,1
4530,2021-08-17 19:18:54.752,,,false,4207684,"(-26.634986877441406,-52.45559310913086)",Ipuaçu,,,24,,IPUACU,1
4531,2021-08-17 19:18:55.535,,,false,4207700,"(-27.077199935913086,-52.12889862060547)",Ipumirim,,,24,,IPUMIRIM,1
4532,2021-08-17 19:18:56.318,,,false,4207759,"(-26.821500778198242,-53.27669906616211)",Iraceminha,,,24,,IRACEMINHA,1
4533,2021-08-17 19:18:57.101,,,false,4207809,"(-27.02869987487793,-51.90119934082031)",Irani,,,24,,IRANI,1
4534,2021-08-17 19:18:57.885,,,false,4207858,"(-26.653900146484375,-52.89550018310547)",Irati,,,24,,IRATI,1
4536,2021-08-17 19:18:59.449,,,false,4208005,"(-27.290700912475586,-52.32120132446289)",Itá,,,24,,ITA,1
4540,2021-08-17 19:19:02.579,,,false,4208401,"(-27.1658992767334,-53.71659851074219)",Itapiranga,,,24,,ITAPIRANGA,1
4543,2021-08-17 19:19:04.931,,,false,4208609,"(-27.178199768066406,-51.727901458740234)",Jaborá,,,24,,JABORA,1
4547,2021-08-17 19:19:08.060,,,false,4208955,"(-26.719100952148438,-52.86249923706055)",Jardinópolis,,,24,,JARDINOPOLIS,1
4548,2021-08-17 19:19:08.844,,,false,4209003,"(-27.172100067138672,-51.510799407958984)",Joaçaba,,,24,,JOACABA,1
4551,2021-08-17 19:19:11.200,,,false,4209177,"(-26.395000457763672,-52.729801177978516)",Jupiá,,,24,,JUPIA,1
4552,2021-08-17 19:19:11.983,,,false,4209201,"(-27.25790023803711,-51.557701110839844)",Lacerdópolis,,,24,,LACERDOPOLIS,1
4555,2021-08-17 19:19:14.336,,,false,4209458,"(-26.85759925842285,-52.56480026245117)",Lajeado Grande,,,24,,LAJEADO GRANDE,1
4558,2021-08-17 19:19:16.689,,,false,4209706,"(-26.92799949645996,-50.692100524902344)",Lebon Régis,,,24,,LEBON REGIS,1
4563,2021-08-17 19:19:20.616,,,false,4210035,"(-27.130399703979492,-51.46820068359375)",Luzerna,,,24,,LUZERNA,1
4564,2021-08-17 19:19:21.402,,,false,4210050,"(-26.855199813842773,-51.37049865722656)",Macieira,,,24,,MACIEIRA,1
4569,2021-08-17 19:19:25.418,,,false,4210506,"(-26.76650047302246,-53.17369842529297)",Maravilha,,,24,,MARAVILHA,1
4570,2021-08-17 19:19:26.182,,,false,4210555,"(-26.802400588989258,-52.626399993896484)",Marema,,,24,,MAREMA,1
4572,2021-08-17 19:19:27.709,,,false,4210704,"(-26.47089958190918,-51.15010070800781)",Matos Costa,,,24,,MATOS COSTA,1
4575,2021-08-17 19:19:29.998,,,false,4210902,"(-26.772899627685547,-53.040000915527344)",Modelo,,,24,,MODELO,1
4576,2021-08-17 19:19:30.762,,,false,4211009,"(-27.100799560546875,-53.4031982421875)",Mondaí,,,24,,MONDAI,1
4582,2021-08-17 19:19:35.393,,,false,4211405,"(-26.8981990814209,-52.90660095214844)",Nova Erechim,,,24,,NOVA ERECHIM,1
4583,2021-08-17 19:19:36.117,,,false,4211454,"(-26.942800521850586,-52.8140983581543)",Nova Itaberaba,,,24,,NOVA ITABERABA,1
4586,2021-08-17 19:19:38.288,,,false,4211652,"(-26.44420051574707,-52.82809829711914)",Novo Horizonte,,,24,,NOVO HORIZONTE,1
4589,2021-08-17 19:19:40.471,,,false,4211801,"(-27.337900161743164,-51.61940002441406)",Ouro,,,24,,OURO,1
4590,2021-08-17 19:19:41.193,,,false,4211850,"(-26.691999435424805,-52.31079864501953)",Ouro Verde,,,24,,OURO VERDE,1
4591,2021-08-17 19:19:41.916,,,false,4211876,"(-27.254100799560547,-52.497501373291016)",Paial,,,24,,PAIAL,1
4594,2021-08-17 19:19:47.117,,,false,4212007,"(-26.34709930419922,-53.277099609375)",Palma Sola,,,24,,PALMA SOLA,1
4596,2021-08-17 19:19:48.760,,,false,4212106,"(-27.070199966430664,-53.158599853515625)",Palmitos,,,24,,PALMITOS,1
4598,2021-08-17 19:19:50.210,,,false,4212239,"(-26.6200008392334,-53.671600341796875)",Paraíso,,,24,,PARAISO,1
4600,2021-08-17 19:19:51.662,,,false,4212270,"(-26.782899856567383,-52.056800842285156)",Passos Maia,,,24,,PASSOS MAIA,1
4604,2021-08-17 19:19:54.561,,,false,4212601,"(-27.37540054321289,-51.901798248291016)",Peritiba,,,24,,PERITIBA,1
4607,2021-08-17 19:19:56.731,,,false,4212908,"(-26.84950065612793,-52.99129867553711)",Pinhalzinho,,,24,,PINHALZINHO,1
4608,2021-08-17 19:19:57.453,,,false,4213005,"(-27.04829978942871,-51.224300384521484)",Pinheiro Preto,,,24,,PINHEIRO PRETO,1
4609,2021-08-17 19:19:58.178,,,false,4213104,"(-27.4242000579834,-51.76679992675781)",Piratuba,,,24,,PIRATUBA,1
4610,2021-08-17 19:19:58.900,,,false,4213153,"(-27.07040023803711,-52.867000579833984)",Planalto Alegre,,,24,,PLANALTO ALEGRE,1
4614,2021-08-17 19:20:01.814,,,false,4213401,"(-26.873300552368164,-52.011199951171875)",Ponte Serrada,,,24,,PONTE SERRADA,1
4622,2021-08-17 19:20:06.913,,,false,4214151,"(-26.44409942626953,-53.59939956665039)",Princesa,,,24,,PRINCESA,1
4623,2021-08-17 19:20:07.636,,,false,4214201,"(-26.72640037536621,-52.7239990234375)",Quilombo,,,24,,QUILOMBO,1
4625,2021-08-17 19:20:09.081,,,false,4214409,"(-26.89459991455078,-51.06740188598633)",Rio das Antas,,,24,,RIO DAS ANTAS,1
4633,2021-08-17 19:20:14.873,,,false,4215075,"(-27.06529998779297,-53.326499938964844)",Riqueza,,,24,,RIQUEZA,1
4637,2021-08-17 19:20:17.760,,,false,4215356,"(-26.604900360107422,-53.05780029296875)",Saltinho,,,24,,SALTINHO,1
4638,2021-08-17 19:20:18.506,,,false,4215406,"(-26.902999877929688,-51.404300689697266)",Salto Veloso,,,24,,SALTO VELOSO,1
4641,2021-08-17 19:20:20.701,,,false,4215554,"(-26.937000274658203,-53.62139892578125)",Santa Helena,,,24,,SANTA HELENA,1
4645,2021-08-17 19:20:23.585,,,false,4215687,"(-26.6387996673584,-52.679901123046875)",Santa Terezinha do Progresso,,,24,,SANTA TEREZINHA DO PROGRESSO,1
4646,2021-08-17 19:20:24.312,,,false,4215695,"(-26.624000549316406,-53.19969940185547)",Santiago do Sul,,,24,,SANTIAGO DO SUL,1
4649,2021-08-17 19:20:26.475,,,false,4215752,"(-26.473899841308594,-52.96870040893555)",São Bernardino,,,24,,SAO BERNARDINO,1
4651,2021-08-17 19:20:27.914,,,false,4216008,"(-27.07979965209961,-53.003700256347656)",São Carlos,,,24,,SAO CARLOS,1
4653,2021-08-17 19:20:29.359,,,false,4216107,"(-26.554800033569336,-52.53129959106445)",São Domingos,,,24,,SAO DOMINGOS,1
4657,2021-08-17 19:20:32.246,,,false,4216255,"(-27.098400115966797,-53.59769821166992)",São João do Oeste,,,24,,SAO JOAO DO OESTE,1
4661,2021-08-17 19:20:35.138,,,false,4216701,"(-26.456100463867188,-53.49549865722656)",São José do Cedro,,,24,,SAO JOSE DO CEDRO,1
4663,2021-08-17 19:20:36.578,,,false,4216909,"(-26.35565948486328,-52.84983825683594)",São Lourenço do Oeste,,,24,,SAO LOURENCO DO OESTE,1
4666,2021-08-17 19:20:38.750,,,false,4217154,"(-26.687000274658203,-53.2510986328125)",São Miguel da Boa Vista,,,24,,SAO MIGUEL DA BOA VISTA,1
4667,2021-08-17 19:20:39.474,,,false,4217204,"(-26.724199295043945,-53.516300201416016)",São Miguel do Oeste,,,24,,SAO MIGUEL DO OESTE,1
4669,2021-08-17 19:20:40.916,,,false,4217303,"(-26.931699752807617,-53.00210189819336)",Saudades,,,24,,SAUDADES,1
4671,2021-08-17 19:20:42.357,,,false,4217501,"(-27.156400680541992,-52.29899978637695)",Seara,,,24,,SEARA,1
4672,2021-08-17 19:20:43.078,,,false,4217550,"(-26.722900390625,-53.04090118408203)",Serra Alta,,,24,,SERRA ALTA,1
4675,2021-08-17 19:20:45.253,,,false,4217758,"(-26.73509979248047,-52.9640007019043)",Sul Brasil,,,24,,SUL BRASIL,1
4677,2021-08-17 19:20:46.697,,,false,4217907,"(-27.099599838256836,-51.24729919433594)",Tangará,,,24,,TANGARA,1
4678,2021-08-17 19:20:47.416,,,false,4217956,"(-26.687599182128906,-53.15449905395508)",Tigrinhos,,,24,,TIGRINHOS,1
4686,2021-08-17 19:20:53.213,,,false,4218509,"(-27.002599716186523,-51.40840148925781)",Treze Tílias,,,24,,TREZE TILIAS,1
4689,2021-08-17 19:20:55.385,,,false,4218756,"(-26.96809959411621,-53.641700744628906)",Tunápolis,,,24,,TUNAPOLIS,1
4691,2021-08-17 19:20:56.833,,,false,4218855,"(-26.761999130249023,-52.85409927368164)",União do Oeste,,,24,,UNIAO DO OESTE,1
4695,2021-08-17 19:20:59.716,,,false,4219101,"(-26.86210060119629,-52.15489959716797)",Vargeão,,,24,,VARGEAO,1
4697,2021-08-17 19:21:01.161,,,false,4219176,"(-27.00550079345703,-51.74020004272461)",Vargem Bonita,,,24,,VARGEM BONITA,1
4699,2021-08-17 19:21:03.072,,,false,4219309,"(-27.00860023498535,-51.154300689697266)",Videira,,,24,,VIDEIRA,1
4702,2021-08-17 19:21:05.376,,,false,4219507,"(-26.87470054626465,-52.40359878540039)",Xanxerê,,,24,,XANXERE,1
4703,2021-08-17 19:21:06.146,,,false,4219606,"(-27.066699981689453,-52.34299850463867)",Xavantina,,,24,,XAVANTINA,1
4704,2021-08-17 19:21:06.916,,,false,4219705,"(-26.9596004486084,-52.53739929199219)",Xaxim,,,24,,XAXIM,1
4413,2021-08-17 19:17:23.644,,,false,4200051,"(-27.612600326538086,-51.02330017089844)",Abdon Batista,,,24,,ABDON BATISTA,2
4425,2021-08-17 19:17:32.926,,,false,4201000,"(-27.689699172973633,-51.12710189819336)",Anita Garibaldi,,,24,,ANITA GARIBALDI,2
4450,2021-08-17 19:17:52.258,,,false,4202438,"(-27.745500564575195,-49.942298889160156)",Bocaina do Sul,,,24,,BOCAINA DO SUL,2
4451,2021-08-17 19:17:53.030,,,false,4202503,"(-28.33769989013672,-49.637298583984375)",Bom Jardim da Serra,,,24,,BOM JARDIM DA SERRA,2
4454,2021-08-17 19:17:55.351,,,false,4202602,"(-27.798999786376953,-49.48699951171875)",Bom Retiro,,,24,,BOM RETIRO,2
4459,2021-08-17 19:17:59.216,,,false,4202875,"(-27.30579948425293,-50.86840057373047)",Brunópolis,,,24,,BRUNOPOLIS,2
4466,2021-08-17 19:18:04.620,,,false,4203402,"(-27.897499084472656,-50.759498596191406)",Campo Belo do Sul,,,24,,CAMPO BELO DO SUL,2
4468,2021-08-17 19:18:06.166,,,false,4203600,"(-27.40019989013672,-51.22760009765625)",Campos Novos,,,24,,CAMPOS NOVOS,2
4471,2021-08-17 19:18:08.484,,,false,4203253,"(-27.938899993896484,-50.50979995727539)",Capão Alto,,,24,,CAPAO ALTO,2
4476,2021-08-17 19:18:12.356,,,false,4204152,"(-27.632699966430664,-51.334999084472656)",Celso Ramos,,,24,,CELSO RAMOS,2
4477,2021-08-17 19:18:13.128,,,false,4204178,"(-27.794200897216797,-50.8672981262207)",Cerro Negro,,,24,,CERRO NEGRO,2
4485,2021-08-17 19:18:19.310,,,false,4204558,"(-27.58769989013672,-50.36140060424805)",Correia Pinto,,,24,,CORREIA PINTO,2
4490,2021-08-17 19:18:23.176,,,false,4204806,"(-27.282400131225586,-50.581600189208984)",Curitibanos,,,24,,CURITIBANOS,2
4504,2021-08-17 19:18:33.997,,,false,4205555,"(-27.174999237060547,-50.80759811401367)",Frei Rogério,,,24,,FREI ROGERIO,2
4553,2021-08-17 19:19:12.768,,,false,4209300,"(-27.815000534057617,-50.32590103149414)",Lages,,,24,,LAGES,2
4577,2021-08-17 19:19:31.539,,,false,4211058,"(-27.223899841308594,-50.98080062866211)",Monte Carlo,,,24,,MONTE CARLO,2
4588,2021-08-17 19:19:39.747,,,false,4211751,"(-27.478900909423828,-50.12310028076172)",Otacílio Costa,,,24,,OTACILIO COSTA,2
4592,2021-08-17 19:19:42.639,,,false,4211892,"(-27.92340087890625,-50.097198486328125)",Painel,,,24,,PAINEL,2
4595,2021-08-17 19:19:48.020,,,false,4212056,"(-27.58300018310547,-50.15769958496094)",Palmeira,,,24,,PALMEIRA,2
4612,2021-08-17 19:20:00.352,,,false,4213302,"(-27.48349952697754,-50.376399993896484)",Ponte Alta,,,24,,PONTE ALTA,2
4613,2021-08-17 19:20:01.083,,,false,4213351,"(-27.159099578857422,-50.46590042114258)",Ponte Alta do Norte,,,24,,PONTE ALTA DO NORTE,2
4632,2021-08-17 19:20:14.146,,,false,4215059,"(-27.85919952392578,-49.77539825439453)",Rio Rufino,,,24,,RIO RUFINO,2
4640,2021-08-17 19:20:19.976,,,false,4215505,"(-26.959199905395508,-50.425201416015625)",Santa Cecília,,,24,,SANTA CECILIA,2
4652,2021-08-17 19:20:28.633,,,false,4216057,"(-27.266599655151367,-50.43880081176758)",São Cristovão do Sul,,,24,,SAO CRISTOVAO DO SUL,2
4659,2021-08-17 19:20:33.692,,,false,4216503,"(-28.288700103759766,-49.945701599121094)",São Joaquim,,,24,,SAO JOAQUIM,2
4662,2021-08-17 19:20:35.859,,,false,4216800,"(-27.660200119018555,-50.573299407958984)",São José do Cerrito,,,24,,SAO JOSE DO CERRITO,2
4692,2021-08-17 19:20:57.554,,,false,4218905,"(-28.01569938659668,-49.592498779296875)",Urubici,,,24,,URUBICI,2
4693,2021-08-17 19:20:58.276,,,false,4218954,"(-27.955699920654297,-49.87289810180664)",Urupema,,,24,,URUPEMA,2
4696,2021-08-17 19:21:00.439,,,false,4219150,"(-27.4867000579834,-50.9724006652832)",Vargem,,,24,,VARGEM,2
4705,2021-08-17 19:21:07.687,,,false,4219853,"(-27.45210075378418,-51.551998138427734)",Zortéa,,,24,,ZORTEA,2
4415,2021-08-17 19:17:25.191,,,false,4200200,"(-27.408700942993164,-49.821998596191406)",Agrolândia,,,24,,AGROLANDIA,4
4416,2021-08-17 19:17:25.964,,,false,4200309,"(-27.266199111938477,-49.70800018310547)",Agronômica,,,24,,AGRONOMICA,4
4428,2021-08-17 19:17:35.243,,,false,4201257,"(-27.037500381469727,-49.38850021362305)",Apiúna,,,24,,APIUNA,4
4435,2021-08-17 19:17:40.658,,,false,4201703,"(-26.95479965209961,-49.378299713134766)",Ascurra,,,24,,ASCURRA,4
4436,2021-08-17 19:17:41.431,,,false,4201802,"(-27.421899795532227,-49.778900146484375)",Atalanta,,,24,,ATALANTA,4
4437,2021-08-17 19:17:42.206,,,false,4201901,"(-27.309799194335938,-49.62950134277344)",Aurora,,,24,,AURORA,4
4440,2021-08-17 19:17:44.524,,,false,4202008,"(-26.992599487304688,-48.63520050048828)",Balneário Camboriú,,,24,,BALNEARIO CAMBORIU,4
4606,2021-08-17 19:19:56.007,,,false,4212809,"(-26.76388931274414,-48.67166519165039)",Balneário Piçarras,,,24,,BALNEARIO PICARRAS,4
4444,2021-08-17 19:17:47.617,,,false,4202107,"(-26.636999130249023,-48.69329833984375)",Barra Velha,,,24,,BARRA VELHA,4
4447,2021-08-17 19:17:49.935,,,false,4202206,"(-26.7810001373291,-49.35929870605469)",Benedito Novo,,,24,,BENEDITO NOVO,4
4449,2021-08-17 19:17:51.482,,,false,4202404,"(-26.91550064086914,-49.070899963378906)",Blumenau,,,24,,BLUMENAU,4
4455,2021-08-17 19:17:56.123,,,false,4202453,"(-27.138200759887695,-48.51459884643555)",Bombinhas,,,24,,BOMBINHAS,4
4456,2021-08-17 19:17:56.896,,,false,4202701,"(-27.200700759887695,-49.06890106201172)",Botuverá,,,24,,BOTUVERA,4
4458,2021-08-17 19:17:58.444,,,false,4202859,"(-27.358600616455078,-49.88209915161133)",Braço do Trombudo,,,24,,BRACO DO TROMBUDO,4
4460,2021-08-17 19:17:59.989,,,false,4202909,"(-27.097700119018555,-48.910701751708984)",Brusque,,,24,,BRUSQUE,4
4464,2021-08-17 19:18:03.075,,,false,4203204,"(-27.024099349975586,-48.650299072265625)",Camboriú,,,24,,CAMBORIU,4
4478,2021-08-17 19:18:13.902,,,false,4204194,"(-27.590499877929688,-49.55390167236328)",Chapadão do Lageado,,,24,,CHAPADAO DO LAGEADO,4
4493,2021-08-17 19:18:25.497,,,false,4205100,"(-26.981000900268555,-49.72610092163086)",Dona Emma,,,24,,DONA EMMA,4
4494,2021-08-17 19:18:26.268,,,false,4205159,"(-26.71739959716797,-49.47949981689453)",Doutor Pedrinho,,,24,,DOUTOR PEDRINHO,4
4508,2021-08-17 19:18:37.208,,,false,4205902,"(-26.9335994720459,-48.953399658203125)",Gaspar,,,24,,GASPAR,4
4512,2021-08-17 19:18:40.505,,,false,4206306,"(-27.080799102783203,-48.98040008544922)",Guabiruba,,,24,,GUABIRUBA,4
4520,2021-08-17 19:18:46.918,,,false,4206900,"(-27.05470085144043,-49.5192985534668)",Ibirama,,,24,,IBIRAMA,4
4522,2021-08-17 19:18:48.486,,,false,4207106,"(-26.902299880981445,-48.82509994506836)",Ilhota,,,24,,ILHOTA,4
4525,2021-08-17 19:18:50.835,,,false,4207403,"(-27.490800857543945,-49.42179870605469)",Imbuia,,,24,,IMBUIA,4
4526,2021-08-17 19:18:51.617,,,false,4207502,"(-26.899200439453125,-49.23540115356445)",Indaial,,,24,,INDAIAL,4
4538,2021-08-17 19:19:01.013,,,false,4208203,"(-26.91010093688965,-48.670501708984375)",Itajaí,,,24,,ITAJAI,4
4539,2021-08-17 19:19:01.797,,,false,4208302,"(-27.08609962463379,-48.61600112915039)",Itapema,,,24,,ITAPEMA,4
4542,2021-08-17 19:19:04.145,,,false,4208500,"(-27.41010093688965,-49.59629821777344)",Ituporanga,,,24,,ITUPORANGA,4
4550,2021-08-17 19:19:10.408,,,false,4209151,"(-26.956600189208984,-49.62860107421875)",José Boiteux,,,24,,JOSE BOITEUX,4
4556,2021-08-17 19:19:15.118,,,false,4209508,"(-27.217300415039062,-49.73310089111328)",Laurentino,,,24,,LAURENTINO,4
4561,2021-08-17 19:19:19.045,,,false,4209904,"(-27.168399810791016,-49.53499984741211)",Lontras,,,24,,LONTRAS,4
4562,2021-08-17 19:19:19.830,,,false,4210001,"(-26.715099334716797,-48.93220138549805)",Luiz Alves,,,24,,LUIZ ALVES,4
4574,2021-08-17 19:19:29.235,,,false,4210852,"(-27.19700050354004,-50.0786018371582)",Mirim Doce,,,24,,MIRIM DOCE,4
4581,2021-08-17 19:19:34.666,,,false,4211306,"(-26.89430046081543,-48.654598236083984)",Navegantes,,,24,,NAVEGANTES,4
4603,2021-08-17 19:19:53.839,,,false,4212502,"(-26.775400161743164,-48.64649963378906)",Penha,,,24,,PENHA,4
4605,2021-08-17 19:19:55.281,,,false,4212700,"(-27.53459930419922,-49.69369888305664)",Petrolândia,,,24,,PETROLANDIA,4
4611,2021-08-17 19:19:59.631,,,false,4213203,"(-26.738399505615234,-49.17850112915039)",Pomerode,,,24,,POMERODE,4
4615,2021-08-17 19:20:02.562,,,false,4213500,"(-27.158599853515625,-48.54690170288086)",Porto Belo,,,24,,PORTO BELO,4
4617,2021-08-17 19:20:04.015,,,false,4213708,"(-27.25670051574707,-49.93009948730469)",Pouso Redondo,,,24,,POUSO REDONDO,4
4620,2021-08-17 19:20:05.460,,,false,4214003,"(-27.047399520874023,-49.62459945678711)",Presidente Getúlio,,,24,,PRESIDENTE GETULIO,4
4621,2021-08-17 19:20:06.185,,,false,4214102,"(-27.27680015563965,-49.38890075683594)",Presidente Nereu,,,24,,PRESIDENTE NEREU,4
4626,2021-08-17 19:20:09.809,,,false,4214508,"(-26.945199966430664,-50.13600158691406)",Rio do Campo,,,24,,RIO DO CAMPO,4
4627,2021-08-17 19:20:10.531,,,false,4214607,"(-27.195199966430664,-49.79890060424805)",Rio do Oeste,,,24,,RIO DO OESTE,4
4628,2021-08-17 19:20:11.255,,,false,4214805,"(-27.215599060058594,-49.643001556396484)",Rio do Sul,,,24,,RIO DO SUL,4
4629,2021-08-17 19:20:11.980,,,false,4214706,"(-26.73979949951172,-49.27180099487305)",Rio dos Cedros,,,24,,RIO DOS CEDROS,4
4634,2021-08-17 19:20:15.596,,,false,4215109,"(-26.924299240112305,-49.364898681640625)",Rodeio,,,24,,RODEIO,4
4636,2021-08-17 19:20:17.036,,,false,4215307,"(-26.979799270629883,-49.99879837036133)",Salete,,,24,,SALETE,4
4656,2021-08-17 19:20:31.522,,,false,4216354,"(-26.621299743652344,-48.7682991027832)",São João do Itaperiú,,,24,,SAO JOAO DO ITAPERIU,4
4676,2021-08-17 19:20:45.976,,,false,4217808,"(-27.121000289916992,-49.99420166015625)",Taió,,,24,,TAIO,4
4681,2021-08-17 19:20:49.589,,,false,4218202,"(-26.824600219726562,-49.26900100708008)",Timbó,,,24,,TIMBO,4
4687,2021-08-17 19:20:53.938,,,false,4218608,"(-27.303300857543945,-49.792999267578125)",Trombudo Central,,,24,,TROMBUDO CENTRAL,4
4698,2021-08-17 19:21:02.304,,,false,4219200,"(-27.388599395751953,-49.35929870605469)",Vidal Ramos,,,24,,VIDAL RAMOS,4
4700,2021-08-17 19:21:03.840,,,false,4219358,"(-26.87820053100586,-49.832801818847656)",Vitor Meireles,,,24,,VITOR MEIRELES,4
4701,2021-08-17 19:21:04.608,,,false,4219408,"(-26.927499771118164,-49.794700622558594)",Witmarsum,,,24,,WITMARSUM,4
4420,2021-08-17 19:17:29.055,,,false,4200606,"(-27.696300506591797,-48.82429885864258)",Águas Mornas,,,24,,AGUAS MORNAS,3
4421,2021-08-17 19:17:29.827,,,false,4200705,"(-27.70009994506836,-49.327301025390625)",Alfredo Wagner,,,24,,ALFREDO WAGNER,3
4424,2021-08-17 19:17:32.149,,,false,4200903,"(-27.57040023803711,-48.98789978027344)",Angelina,,,24,,ANGELINA,3
4426,2021-08-17 19:17:33.698,,,false,4201109,"(-27.901199340820312,-49.13159942626953)",Anitápolis,,,24,,ANITAPOLIS,3
4427,2021-08-17 19:17:34.471,,,false,4201208,"(-27.519100189208984,-48.76599884033203)",Antônio Carlos,,,24,,ANTONIO CARLOS,3
4448,2021-08-17 19:17:50.710,,,false,4202305,"(-27.496000289916992,-48.6598014831543)",Biguaçu,,,24,,BIGUACU,3
4469,2021-08-17 19:18:06.938,,,false,4203709,"(-27.261600494384766,-48.76580047607422)",Canelinha,,,24,,CANELINHA,3
4500,2021-08-17 19:18:30.907,,,false,4205407,"(-27.594499588012695,-48.547698974609375)",Florianópolis,,,24,,FLORIANOPOLIS,3
4509,2021-08-17 19:18:38.186,,,false,4206009,"(-27.31719970703125,-48.55759811401367)",Governador Celso Ramos,,,24,,GOVERNADOR CELSO RAMOS,3
4559,2021-08-17 19:19:17.471,,,false,4209805,"(-27.508100509643555,-49.278900146484375)",Leoberto Leal,,,24,,LEOBERTO LEAL,3
4566,2021-08-17 19:19:23.126,,,false,4210209,"(-27.419200897216797,-48.94879913330078)",Major Gercino,,,24,,MAJOR GERCINO,3
4584,2021-08-17 19:19:36.838,,,false,4211504,"(-27.277999877929688,-48.9297981262207)",Nova Trento,,,24,,NOVA TRENTO,3
4593,2021-08-17 19:19:43.358,,,false,4211900,"(-27.64550018310547,-48.669700622558594)",Palhoça,,,24,,PALHOCA,3
4601,2021-08-17 19:19:52.384,,,false,4212304,"(-27.9606990814209,-48.6864013671875)",Paulo Lopes,,,24,,PAULO LOPES,3
4624,2021-08-17 19:20:08.358,,,false,4214300,"(-27.672700881958008,-49.019100189208984)",Rancho Queimado,,,24,,RANCHO QUEIMADO,3
4647,2021-08-17 19:20:25.033,,,false,4215703,"(-27.685199737548828,-48.78129959106445)",Santo Amaro da Imperatriz,,,24,,SANTO AMARO DA IMPERATRIZ,3
4650,2021-08-17 19:20:27.194,,,false,4215901,"(-27.90089988708496,-48.93259811401367)",São Bonifácio,,,24,,SAO BONIFACIO,3
4655,2021-08-17 19:20:30.799,,,false,4216305,"(-27.27720069885254,-48.8474006652832)",São João Batista,,,24,,SAO JOAO BATISTA,3
4660,2021-08-17 19:20:34.416,,,false,4216602,"(-27.61359977722168,-48.636600494384766)",São José,,,24,,SAO JOSE,3
4668,2021-08-17 19:20:40.194,,,false,4217253,"(-27.566499710083008,-48.8047981262207)",São Pedro de Alcântara,,,24,,SAO PEDRO DE ALCANTARA,3
4679,2021-08-17 19:20:48.137,,,false,4218004,"(-27.23539924621582,-48.632198333740234)",Tijucas,,,24,,TIJUCAS,3
4431,2021-08-17 19:17:37.568,,,false,4201406,"(-28.93560028076172,-49.491798400878906)",Araranguá,,,24,,ARARANGUA,
4432,2021-08-17 19:17:38.340,,,false,4201505,"(-28.244800567626953,-49.02149963378906)",Armazém,,,24,,ARMAZEM,
4438,2021-08-17 19:17:42.979,,,false,4201950,"(-28.980600357055664,-49.42369842529297)",Balneário Arroio do Silva,,,24,,BALNEARIO ARROIO DO SILVA,
4441,2021-08-17 19:17:45.297,,,false,4202073,"(-29.152700424194336,-49.58409881591797)",Balneário Gaivota,,,24,,BALNEARIO GAIVOTA,
5609,2021-08-17 19:32:08.084,,,false,4212650,"(-28.3966007232666,-48.88639831542969)",Pescaria Brava,,,24,,PESCARIA BRAVA,
4430,2021-08-17 19:17:36.789,,,false,4201307,"(-26.37540054321289,-48.71879959106445)",Araquari,,,24,,ARAQUARI,34
4439,2021-08-17 19:17:43.751,,,false,4202057,"(-26.459699630737305,-48.612300872802734)",Balneário Barra do Sul,,,24,,BALNEARIO BARRA DO SUL,34
4445,2021-08-17 19:17:48.390,,,false,4202131,"(-26.274599075317383,-50.466400146484375)",Bela Vista do Toldo,,,24,,BELA VISTA DO TOLDO,34
4465,2021-08-17 19:18:03.848,,,false,4203303,"(-26.19499969482422,-49.267601013183594)",Campo Alegre,,,24,,CAMPO ALEGRE,34
4470,2021-08-17 19:18:07.711,,,false,4203808,"(-26.176599502563477,-50.39500045776367)",Canoinhas,,,24,,CANOINHAS,34
4486,2021-08-17 19:18:20.083,,,false,4204509,"(-26.42460060119629,-49.24599838256836)",Corupá,,,24,,CORUPA,34
4507,2021-08-17 19:18:36.322,,,false,4205803,"(-26.029199600219727,-48.85200119018555)",Garuva,,,24,,GARUVA,34
4514,2021-08-17 19:18:42.050,,,false,4206504,"(-26.468799591064453,-49.002601623535156)",Guaramirim,,,24,,GUARAMIRIM,34
4535,2021-08-17 19:18:58.667,,,false,4207908,"(-26.242000579833984,-50.79570007324219)",Irineópolis,,,24,,IRINEOPOLIS,34
4537,2021-08-17 19:19:00.230,,,false,4208104,"(-26.339000701904297,-49.90919876098633)",Itaiópolis,,,24,,ITAIOPOLIS,34
4541,2021-08-17 19:19:03.363,,,false,4208450,"(-26.115800857543945,-48.61819839477539)",Itapoá,,,24,,ITAPOA,34
4546,2021-08-17 19:19:07.278,,,false,4208906,"(-26.48509979248047,-49.0713005065918)",Jaraguá do Sul,,,24,,JARAGUA DO SUL,34
4549,2021-08-17 19:19:09.626,,,false,4209102,"(-26.304500579833984,-48.84870147705078)",Joinville,,,24,,JOINVILLE,34
4565,2021-08-17 19:19:22.363,,,false,4210100,"(-26.11590003967285,-49.80860137939453)",Mafra,,,24,,MAFRA,34
4567,2021-08-17 19:19:23.890,,,false,4210308,"(-26.370899200439453,-50.32659912109375)",Major Vieira,,,24,,MAJOR VIEIRA,34
4571,2021-08-17 19:19:26.945,,,false,4210605,"(-26.61090087890625,-49.005401611328125)",Massaranduba,,,24,,MASSARANDUBA,34
4578,2021-08-17 19:19:32.301,,,false,4211108,"(-26.461000442504883,-50.23270034790039)",Monte Castelo,,,24,,MONTE CASTELO,34
4597,2021-08-17 19:19:49.484,,,false,4212205,"(-26.377700805664062,-50.14189910888672)",Papanduva,,,24,,PAPANDUVA,34
4616,2021-08-17 19:20:03.294,,,false,4213609,"(-26.245100021362305,-51.07590103149414)",Porto União,,,24,,PORTO UNIAO,34
4631,2021-08-17 19:20:13.427,,,false,4215000,"(-26.25909996032715,-49.5177001953125)",Rio Negrinho,,,24,,RIO NEGRINHO,34
4644,2021-08-17 19:20:22.862,,,false,4215679,"(-26.781299591064453,-50.00899887084961)",Santa Terezinha,,,24,,SANTA TEREZINHA,34
4648,2021-08-17 19:20:25.754,,,false,4215802,"(-26.249500274658203,-49.38309860229492)",São Bento do Sul,,,24,,SAO BENTO DO SUL,34
4654,2021-08-17 19:20:30.079,,,false,4216206,"(-26.25790023803711,-48.6343994140625)",São Francisco do Sul,,,24,,SAO FRANCISCO DO SUL,34
4670,2021-08-17 19:20:41.635,,,false,4217402,"(-26.41160011291504,-49.07400131225586)",Schroeder,,,24,,SCHROEDER,34
4682,2021-08-17 19:20:50.328,,,false,4218251,"(-26.612699508666992,-50.660701751708984)",Timbó Grande,,,24,,TIMBO GRANDE,34
4683,2021-08-17 19:20:51.047,,,false,4218301,"(-26.105600357055664,-50.319698333740234)",Três Barras,,,24,,TRES BARRAS,34
